#{"t_start": 1669647723.6898153, "env_id": "DeepRMSA-v0"}
r,l,t,episode_service_blocking_rate,episode_bit_rate_blocking_rate
50,50,6.178501,0.0,0.0
50,50,6.659712,0.0,0.0
50,50,7.189274,0.0,0.0
50,50,7.688025,0.0,0.0
50,50,8.174104,0.0,0.0
50,50,8.657644,0.0,0.0
50,50,9.133831,0.0,0.0
50,50,9.627891,0.0,0.0
50,50,10.163217,0.0,0.0
50,50,10.656667,0.0,0.0
50,50,11.171826,0.0,0.0
50,50,11.681609,0.0,0.0
50,50,12.200336,0.0,0.0
50,50,12.749972,0.0,0.0
50,50,13.292076,0.0,0.0
50,50,13.840989,0.0,0.0
50,50,14.409958,0.0,0.0
50,50,14.964473,0.0,0.0
50,50,15.524004,0.0,0.0
50,50,16.062494,0.0,0.0
50,50,16.880551,0.0,0.0
50,50,17.617654,0.0,0.0
50,50,18.316514,0.0,0.0
50,50,19.008866,0.0,0.0
50,50,19.865071,0.0,0.0
50,50,20.695918,0.0,0.0
50,50,21.423952,0.0,0.0
50,50,22.113325,0.0,0.0
50,50,22.825438,0.0,0.0
50,50,23.5175,0.0,0.0
50,50,24.265446,0.0,0.0
17,50,24.966145,0.06,0.06973617879348008
-60,50,25.693557,0.2,0.2382127192982456
6,50,26.42415,0.08,0.12539831302717902
-27,50,27.18148,0.14,0.16489761805265357
-16,50,27.940341,0.12,0.10955343050784513
6,50,28.702823,0.08,0.0969919587014792
-27,50,29.444292,0.14,0.1384702336096458
-16,50,30.192502,0.12,0.12268298991292353
-49,50,30.932168,0.18,0.20887158054711247
-5,50,31.690383,0.1,0.1295292922451744
-27,50,32.460131,0.14,0.15673895141367006
-16,50,33.222671,0.12,0.10110487548228692
-60,50,33.981815,0.2,0.2564935064935065
-5,50,34.767107,0.1,0.13825222396650969
-27,50,35.547304,0.14,0.1679628139805131
-27,50,36.334083,0.14,0.17441750778228468
-5,50,37.11594,0.1,0.12033736196852447
6,50,37.953549,0.08,0.09390410240268597
6,50,38.723216,0.08,0.08931750741839763
-16,50,39.531902,0.12,0.17239596795037476
-5,50,40.289164,0.1,0.1079609463011641
-71,50,41.077324,0.22,0.2620261582797606
-71,50,41.806216,0.22,0.24522917781344747
-16,50,42.605781,0.12,0.16169472913616398
-38,50,43.374111,0.16,0.1514574204610402
-137,50,44.112624,0.34,0.3861728395061728
-60,50,44.922245,0.2,0.23908006521925684
-27,50,45.719816,0.14,0.1712180746561886
-60,50,46.517039,0.2,0.3200414293112377
-93,50,47.278462,0.26,0.3289385044750265
-71,50,48.079601,0.22,0.3088790592296904
-82,50,48.857569,0.24,0.3017241379310345
-148,50,49.627996,0.36,0.39119098612533754
-159,50,50.426544,0.38,0.4866982683563897
-82,50,51.208489,0.24,0.37436910247970157
-60,50,52.0302,0.2,0.2546231762847319
-93,50,52.838121,0.26,0.3392335938235571
-115,50,53.668883,0.3,0.39802065404475045
-38,50,54.492255,0.16,0.193511230562488
-148,50,55.277119,0.36,0.46585676496521994
-170,50,56.071816,0.4,0.49315883402736466
-148,50,56.839761,0.36,0.43886133275824885
-115,50,57.634546,0.3,0.31618697693406816
-93,50,58.460958,0.26,0.2818660940854968
-71,50,59.345365,0.22,0.28427358961557664
-71,50,60.231599,0.22,0.29253148838034415
-60,50,61.056479,0.2,0.2734755288078591
-82,50,61.903638,0.24,0.27967392278061454
-49,50,62.718094,0.18,0.23664900122299226
-93,50,63.549916,0.26,0.3187139463861554
-104,50,64.404396,0.28,0.34945236619136183
-82,50,65.247207,0.24,0.27399474641341687
-71,50,66.125447,0.22,0.2917198703467243
-148,50,66.935234,0.36,0.4761071724518921
-126,50,67.749192,0.32,0.4004420866489832
-126,50,68.592934,0.32,0.3939393939393939
-82,50,69.418679,0.24,0.36948118006103764
-71,50,70.276946,0.22,0.2721795743853853
-82,50,71.103034,0.24,0.3528463476070529
-126,50,71.919073,0.32,0.3770824151608638
-137,50,72.723416,0.34,0.41255698300870286
-49,50,73.583411,0.18,0.224567967218956
-93,50,74.460246,0.26,0.3612767450017538
-93,50,75.288453,0.26,0.2979078102859048
-104,50,76.108795,0.28,0.33865730583589293
-82,50,76.989296,0.24,0.2947500447948396
-148,50,77.811006,0.36,0.44204679959938087
-126,50,78.6877,0.32,0.3943496705478834
-82,50,79.585742,0.24,0.2542468324730174
-137,50,80.428453,0.34,0.4209467330297575
-126,50,81.304888,0.32,0.4313903791943257
-115,50,82.168757,0.3,0.3701173959445037
-104,50,83.018668,0.28,0.3168165878944961
-137,50,83.915667,0.34,0.36568457538994803
-93,50,84.804732,0.26,0.31379768845249056
-126,50,85.705646,0.32,0.40524173533207586
-82,50,86.634833,0.24,0.2920435665497508
-93,50,87.525913,0.26,0.2858508604206501
-126,50,88.420957,0.32,0.3947716119290298
-126,50,89.355741,0.32,0.393332101957887
-93,50,90.255183,0.26,0.32444927930378026
-137,50,91.17144,0.34,0.47371423139081664
-82,50,92.061837,0.24,0.30562770562770564
-93,50,92.944989,0.26,0.3449539467168466
-115,50,93.861282,0.3,0.32936034962256655
-148,50,94.773848,0.36,0.4418904958677686
-115,50,95.736,0.3,0.3949549870754969
-60,50,96.68655,0.2,0.266735712268148
-71,50,97.646874,0.22,0.28520344061080505
-49,50,98.611808,0.18,0.2439072327044025
-115,50,99.526891,0.3,0.40270551508844954
-104,50,100.403427,0.28,0.402760936479806
-60,50,101.316038,0.2,0.2855774755793909
-71,50,102.275154,0.22,0.23757444504602057
-82,50,103.228485,0.24,0.28186029612135527
-82,50,104.207168,0.24,0.3214407067618077
-93,50,105.136112,0.26,0.3290310512532735
-60,50,106.100625,0.2,0.27784486762656757
-93,50,106.997794,0.26,0.3063693717051249
-137,50,107.922586,0.34,0.4551736679396254
-71,50,108.88158,0.22,0.29717108217332733
-71,50,109.827728,0.22,0.3129809725158562
-137,50,110.746691,0.34,0.4345969033635878
-71,50,111.71565,0.22,0.24233244982961
-104,50,112.634603,0.28,0.3243321438904427
-115,50,113.592836,0.3,0.38557443664573327
-137,50,114.529796,0.34,0.3612366660640029
-126,50,115.458894,0.32,0.44895404970498837
-16,50,116.41679,0.12,0.14827650805545148
-93,50,117.396057,0.26,0.33935333527526945
-104,50,118.337743,0.28,0.35049411764705884
-82,50,119.268012,0.24,0.3236758263639984
-137,50,120.277401,0.34,0.37920545672412204
-60,50,121.263578,0.2,0.24701691896705255
-49,50,122.203727,0.18,0.18671850373016707
-71,50,123.170302,0.22,0.29238690695108494
-60,50,124.13753,0.2,0.22100848532136935
-71,50,125.073743,0.22,0.25006753714543
-60,50,126.050452,0.2,0.23735408560311283
-27,50,127.06623,0.14,0.20159535895576505
-16,50,128.04702,0.12,0.1377949302692746
-115,50,129.004308,0.3,0.33736450774881305
-71,50,129.987138,0.22,0.2574485748547182
-49,50,130.925942,0.18,0.18706579485083777
-60,50,131.857533,0.2,0.2601912430800201
-82,50,132.849342,0.24,0.3363339598377683
-93,50,133.771019,0.26,0.31137840721699483
-93,50,134.710243,0.26,0.3648776389034765
-60,50,135.668047,0.2,0.3110760430022685
-170,50,136.600454,0.4,0.48032143183270937
-93,50,137.562524,0.26,0.33955746428904865
-104,50,138.565343,0.28,0.3620921305182342
-82,50,139.567596,0.24,0.2575107296137339
-148,50,140.544672,0.36,0.44727366255144035
-104,50,141.528037,0.28,0.3098421634663718
-71,50,142.523936,0.22,0.3273792093704246
-126,50,143.522249,0.32,0.40310142497904444
-49,50,144.533948,0.18,0.2373943000313185
-126,50,145.52828,0.32,0.43502304147465437
-71,50,146.555941,0.22,0.2870036101083033
-93,50,147.521261,0.26,0.34162700129813933
-60,50,148.541633,0.2,0.2631069839427355
-115,50,149.593841,0.3,0.35394240500506025
-115,50,150.595485,0.3,0.373909626719057
-49,50,151.641932,0.18,0.2596463022508039
-93,50,152.652252,0.26,0.33458423859371916
-60,50,153.685307,0.2,0.2416447615471273
-93,50,154.714792,0.26,0.3520390070921986
-104,50,155.732576,0.28,0.3284058764485811
-71,50,156.744265,0.22,0.2575284612559677
-104,50,157.784052,0.28,0.34083940206975855
-93,50,158.76489,0.26,0.33371579876434243
-60,50,159.760899,0.2,0.28503046127067017
-38,50,160.760666,0.16,0.19787276740919124
-104,50,161.763823,0.28,0.3035386631716907
-82,50,162.762842,0.24,0.3010697387368854
-49,50,163.781259,0.18,0.20641164322942276
-93,50,164.801495,0.26,0.350523295070898
-60,50,165.788887,0.2,0.2501575961336415
-104,50,166.789126,0.28,0.37359604035789074
-71,50,167.862354,0.22,0.23869346733668342
-5,50,168.910006,0.1,0.13908806765949622
-82,50,169.930621,0.24,0.28723599632690544
-115,50,170.967657,0.3,0.42087076710435384
-93,50,172.007715,0.26,0.3480109322805952
-93,50,173.022842,0.26,0.2976764199655766
-93,50,174.061645,0.26,0.3085612921295864
-71,50,175.114603,0.22,0.28290865995090153
-71,50,176.137492,0.22,0.30856284426639957
-104,50,177.189081,0.28,0.32059845044082286
-82,50,178.193438,0.24,0.2707033770703377
-126,50,179.295096,0.32,0.45058252427184464
-71,50,180.361825,0.22,0.31239780705972875
-82,50,181.493729,0.24,0.3055555555555556
-104,50,182.556304,0.28,0.36012832263978
-60,50,183.548069,0.2,0.28310457193640765
-49,50,184.618976,0.18,0.27257383966244725
-71,50,185.701715,0.22,0.3413931474431526
-71,50,186.756143,0.22,0.2811032863849765
-126,50,187.772924,0.32,0.42032590051457974
-115,50,188.817637,0.3,0.3832269644994017
-60,50,189.883586,0.2,0.2591111515041352
-71,50,190.974857,0.22,0.3498644714386106
-93,50,192.020608,0.26,0.31657242279251846
-104,50,193.087941,0.28,0.3371573011860782
-93,50,194.144716,0.26,0.2994558880684026
-115,50,195.186367,0.3,0.33275986961245924
-71,50,196.233939,0.22,0.29458612217232905
-49,50,197.320476,0.18,0.20722371967654987
-27,50,198.408826,0.14,0.15286821705426357
-82,50,199.480678,0.24,0.3113740252756117
-71,50,200.558247,0.22,0.32253860036093845
-71,50,201.59737,0.22,0.2884092145837112
-82,50,202.706808,0.24,0.32513910804750434
-126,50,203.812864,0.32,0.41301720130172015
-192,50,204.871947,0.44,0.44750528197627176
-115,50,205.924008,0.3,0.4119007958541551
-71,50,207.004786,0.22,0.2677770107007249
-93,50,208.0821,0.26,0.35917964465891644
-71,50,209.18146,0.22,0.3295388207822534
-93,50,210.229954,0.26,0.26525967308090215
-115,50,211.29733,0.3,0.345263549316724
-71,50,212.493618,0.22,0.26423731917231275
-93,50,213.783448,0.26,0.3638714444033986
-49,50,215.716478,0.18,0.19321245932124592
-60,50,217.770787,0.2,0.2900391557635374
-38,50,219.166311,0.16,0.20126437972846928
-49,50,220.234742,0.18,0.26702947845804986
-115,50,221.31857,0.3,0.3832528180354267
-38,50,222.409519,0.16,0.17777362370314984
-82,50,223.515519,0.24,0.2879441740886971
-115,50,224.59776,0.3,0.4067376537543602
-27,50,225.682567,0.14,0.25174963035978315
-115,50,226.754445,0.3,0.3791237563274568
-38,50,227.840985,0.16,0.21608040201005024
-38,50,228.977594,0.16,0.2641689763930039
-115,50,230.048922,0.3,0.4130826924902687
-49,50,231.159901,0.18,0.23592706984158612
-104,50,232.256038,0.28,0.3834361935098547
-93,50,233.386147,0.26,0.28795537737493465
-137,50,234.510616,0.34,0.45212192492404196
-49,50,235.616772,0.18,0.28454545454545455
-93,50,236.703276,0.26,0.362147406733394
-60,50,237.798238,0.2,0.25621001129092963
-115,50,238.885192,0.3,0.37944221621117435
-126,50,239.972898,0.32,0.4043026706231454
-38,50,241.075429,0.16,0.19422136065725099
-60,50,242.213363,0.2,0.2721455343267209
-60,50,243.356537,0.2,0.2735277930654926
-82,50,244.494027,0.24,0.33645374449339205
-71,50,245.614733,0.22,0.31360063675256195
-115,50,246.722723,0.3,0.42288911495422177
-104,50,247.865513,0.28,0.3476235741444867
-60,50,248.987819,0.2,0.2771457085828343
-49,50,250.124767,0.18,0.23100788937150962
-49,50,251.26015,0.18,0.20371942934782608
-71,50,252.395595,0.22,0.30679471292854193
-104,50,253.515643,0.28,0.38060738388249304
-137,50,254.632729,0.34,0.4027996500437445
-115,50,255.807883,0.3,0.3860619469026549
-126,50,256.907965,0.32,0.32084674665886254
-82,50,258.031409,0.24,0.3087496445160679
-49,50,259.153321,0.18,0.25241337262473323
-27,50,260.290026,0.14,0.20880416625724674
-27,50,261.483173,0.14,0.1458081418782749
-115,50,262.665256,0.3,0.3546128082817416
-93,50,263.829208,0.26,0.3532033426183844
-71,50,264.977928,0.22,0.2863033345285048
-27,50,266.119008,0.14,0.19163724624889675
-71,50,267.260416,0.22,0.30205472966575136
-38,50,268.453158,0.16,0.21743369734789392
-38,50,269.615245,0.16,0.23176972281449892
-49,50,270.797357,0.18,0.27051705170517054
-60,50,272.099628,0.2,0.293983174835406
-38,50,273.375674,0.16,0.21603485838779957
-60,50,274.600995,0.2,0.2657487401007919
-60,50,275.827781,0.2,0.24895852200688282
-5,50,277.131075,0.1,0.15155945419103314
-93,50,278.360188,0.26,0.33102331023310233
-93,50,279.601051,0.26,0.3903849800872369
-49,50,280.819463,0.18,0.25854505574849207
-49,50,282.043756,0.18,0.27681373453941294
-38,50,283.21576,0.16,0.2539404553415061
-82,50,284.422204,0.24,0.31103616263818623
-49,50,285.633406,0.18,0.25235364138080296
-104,50,286.82698,0.28,0.35762534487679576
-27,50,288.068884,0.14,0.1606083795676296
-27,50,289.299154,0.14,0.17994317583920866
-93,50,290.539923,0.26,0.31015260897377317
-159,50,291.750599,0.38,0.42175253192426243
-82,50,292.96754,0.24,0.30220197418375094
-5,50,294.230015,0.1,0.15983889528193326
-49,50,295.452537,0.18,0.23692566305565932
-27,50,296.672824,0.14,0.2211881360354875
-60,50,297.842027,0.2,0.2560941955661853
-38,50,298.977488,0.16,0.22397986697824915
-115,50,300.209685,0.3,0.3947416974169742
-115,50,301.390694,0.3,0.3830247203684557
-115,50,302.569977,0.3,0.36188360728565083
-115,50,303.786669,0.3,0.3600381084358219
-82,50,304.925728,0.24,0.35257628814407205
-82,50,306.126334,0.24,0.35395458104933436
-49,50,307.363673,0.18,0.2363087944198322
-137,50,308.574332,0.34,0.40153334564936266
-82,50,309.767887,0.24,0.29130797000833103
-16,50,310.921938,0.12,0.13340281396560708
-104,50,312.123018,0.28,0.33972577357791367
-38,50,313.295643,0.16,0.18939936559909956
-49,50,314.513523,0.18,0.24423719866267815
-38,50,315.739738,0.16,0.21368234435290437
-60,50,316.950194,0.2,0.25146251462514624
-82,50,318.131922,0.24,0.3538646135386461
-49,50,319.355068,0.18,0.27416397450449664
-27,50,320.557394,0.14,0.18717709833149826
-60,50,321.829398,0.2,0.27129251700680274
-16,50,323.046967,0.12,0.1698417498236065
-5,50,324.25598,0.1,0.11505463740630362
-49,50,325.455511,0.18,0.26463722102904097
-49,50,326.667981,0.18,0.26874448691561303
-27,50,327.896022,0.14,0.2120785103170609
-38,50,329.097671,0.16,0.22632112883888222
-27,50,330.29307,0.14,0.21274387712743878
-93,50,331.53083,0.26,0.3638004150500767
-38,50,332.686133,0.16,0.1704700604642091
-49,50,333.95075,0.18,0.2590382902938557
-27,50,335.187585,0.14,0.21059643369542938
-16,50,336.458988,0.12,0.19602953869761197
-27,50,337.685496,0.14,0.17110025334781034
-82,50,338.882915,0.24,0.2984916644614978
-60,50,340.104801,0.2,0.2864474434518152
-16,50,341.441277,0.12,0.1445238310572488
-71,50,342.644876,0.22,0.28498368750551095
-27,50,343.814161,0.14,0.21602851137713608
28,50,344.999382,0.04,0.07710764532664413
6,50,346.181948,0.08,0.11255862428348098
-38,50,347.442964,0.16,0.2194490472245236
-16,50,348.63922,0.12,0.14655632674853178
-71,50,349.83922,0.22,0.2663778162911612
-5,50,351.073028,0.1,0.13102879149092242
-82,50,352.335494,0.24,0.32747589438587005
-27,50,353.565717,0.14,0.20867181153533712
-60,50,354.790853,0.2,0.27452871547566854
-82,50,355.994285,0.24,0.3540664854693707
-49,50,357.221875,0.18,0.1868722735112103
-115,50,358.442143,0.3,0.36521229377774056
-49,50,359.686444,0.18,0.18601217936888725
-104,50,360.904243,0.28,0.3876794812413154
-49,50,362.201761,0.18,0.27100579470198677
-38,50,363.405417,0.16,0.2281700835231587
-82,50,364.723035,0.24,0.3095703125
-49,50,366.034859,0.18,0.23014713046867388
-71,50,367.304468,0.22,0.2928216797683078
-38,50,368.533654,0.16,0.24498439589835042
-82,50,369.77544,0.24,0.2941358024691358
-38,50,370.968237,0.16,0.21369812367131896
-27,50,372.245568,0.14,0.19641146241616583
-104,50,373.454499,0.28,0.3154682433721152
-16,50,374.692553,0.12,0.13968196602818939
-49,50,375.937621,0.18,0.2591963214714114
-60,50,377.16113,0.2,0.25991754466330735
-60,50,378.37692,0.2,0.26560360007826256
-27,50,379.697915,0.14,0.17656735514531163
-27,50,380.984127,0.14,0.20500420521446594
-27,50,382.211493,0.14,0.1940270648623425
-71,50,383.463141,0.22,0.3212271152894607
-49,50,384.687187,0.18,0.25699882977765776
-27,50,385.918772,0.14,0.1862599666234007
-93,50,387.205325,0.26,0.3163786809442687
-27,50,388.427103,0.14,0.19767915309446255
-82,50,389.670904,0.24,0.29489307684796406
-38,50,390.937895,0.16,0.21149425287356322
-5,50,392.247942,0.1,0.13851505996521102
-16,50,393.511386,0.12,0.16202090592334495
-16,50,394.835825,0.12,0.1334764367255342
-60,50,396.137702,0.2,0.2493400091033227
-27,50,397.41854,0.14,0.1945906027877781
-60,50,398.675766,0.2,0.22999605833661804
-93,50,399.927377,0.26,0.3234095339358497
-115,50,401.197993,0.3,0.4067355186349349
-82,50,402.434752,0.24,0.32700684505289357
-115,50,403.683431,0.3,0.405225823830475
-93,50,404.958452,0.26,0.34756041951664385
-82,50,406.196507,0.24,0.3589127929312332
-82,50,407.473237,0.24,0.2894949168952719
-93,50,408.719199,0.26,0.3170753942930076
-82,50,409.99385,0.24,0.3021399456521739
-60,50,411.296045,0.2,0.2698610616316352
-82,50,412.632924,0.24,0.31920152091254755
-71,50,413.947569,0.22,0.262621359223301
-38,50,415.25427,0.16,0.18136094674556213
-27,50,416.571101,0.14,0.22340114864207145
-16,50,417.831651,0.12,0.20550678371907422
-5,50,419.113941,0.1,0.15610567153149824
-16,50,420.378914,0.12,0.18796992481203006
-5,50,421.705541,0.1,0.12273289365210223
-16,50,422.999976,0.12,0.18364015598077446
-60,50,424.234088,0.2,0.2758812101026922
-115,50,425.534309,0.3,0.3175202156334232
-27,50,426.875969,0.14,0.18385036496350365
-27,50,428.162525,0.14,0.21774599657568738
-60,50,429.458667,0.2,0.25138829560017084
-49,50,430.750057,0.18,0.2464531820024321
-16,50,432.054363,0.12,0.17037275754646042
-38,50,433.336637,0.16,0.243429784974781
-60,50,434.611438,0.2,0.24591668195999267
6,50,435.931045,0.08,0.08669885864793679
-60,50,437.308909,0.2,0.27039535613429555
-49,50,438.65532,0.18,0.22609317531671436
-27,50,440.000122,0.14,0.21504912015545719
-16,50,441.323128,0.12,0.1403368794326241
-16,50,442.652476,0.12,0.1454220718180109
-16,50,443.937019,0.12,0.11369783616692426
-27,50,445.250025,0.14,0.1778081389675027
-27,50,446.60567,0.14,0.20945643413629444
-71,50,447.942831,0.22,0.2623295910184443
-60,50,449.253536,0.2,0.27522935779816515
-93,50,450.545639,0.26,0.31978945424323574
-5,50,451.848965,0.1,0.14555944386645228
-38,50,453.155123,0.16,0.2305363321799308
-38,50,454.46597,0.16,0.23763816172193136
-49,50,455.760013,0.18,0.2714964861513022
-16,50,457.160519,0.12,0.16410107464420565
-16,50,458.528568,0.12,0.19457409568261377
-38,50,459.882626,0.16,0.20410601781446883
-38,50,461.184165,0.16,0.3097627737226277
-16,50,462.535045,0.12,0.17120205699592886
-93,50,463.838998,0.26,0.32250830564784055
-93,50,465.206651,0.26,0.3827956989247312
-49,50,466.568628,0.18,0.2698219306466729
-49,50,467.888341,0.18,0.23851182464910595
-104,50,469.230762,0.28,0.3601182711540134
-49,50,470.547452,0.18,0.24926927292656192
-5,50,471.83584,0.1,0.17452113104287018
-38,50,473.12379,0.16,0.22067775974025974
-38,50,474.418126,0.16,0.18338336570722233
-16,50,475.766018,0.12,0.18365711996795514
-5,50,477.082673,0.1,0.12293661650706794
-5,50,478.421695,0.1,0.14319856602270464
6,50,479.720045,0.08,0.09725389114702092
-71,50,481.016314,0.22,0.3372959903284304
-104,50,482.335797,0.28,0.40299106694770653
-27,50,483.706111,0.14,0.1899260628465804
-49,50,485.823064,0.18,0.2503553660270078
-104,50,488.240669,0.28,0.3669379539686707
-60,50,490.057289,0.2,0.29148727984344425
-60,50,491.435116,0.2,0.2685402029664325
-27,50,492.774996,0.14,0.19051035048165607
-104,50,494.09704,0.28,0.40276169265033407
-27,50,495.374274,0.14,0.19971223021582735
-49,50,496.714379,0.18,0.2615005216731481
-16,50,497.988423,0.12,0.17568576226908006
-38,50,499.287829,0.16,0.2118561710398445
-82,50,500.632063,0.24,0.3310448760884126
-71,50,502.019934,0.22,0.33365393863614506
-49,50,503.319437,0.18,0.22147125085708688
-49,50,504.619088,0.18,0.2534829021168808
-38,50,505.982219,0.16,0.22751821688812687
-60,50,507.349306,0.2,0.29304331864904554
-16,50,508.651361,0.12,0.14418115803554366
-38,50,509.989331,0.16,0.22422244006773015
-49,50,511.319148,0.18,0.25247021885677345
-115,50,512.665208,0.3,0.36400453588206705
6,50,513.971734,0.08,0.11584939578547888
-49,50,515.315864,0.18,0.2616041589305607
-27,50,516.77123,0.14,0.19016222781296088
-49,50,518.127749,0.18,0.2284384498480243
-16,50,519.495601,0.12,0.19013775554970605
-49,50,520.836565,0.18,0.2969512195121951
-71,50,522.226566,0.22,0.3254171358378544
-104,50,523.652118,0.28,0.3355875566870873
-71,50,524.981851,0.22,0.30975197294250284
-93,50,526.31585,0.26,0.3567572351535534
-93,50,527.78833,0.26,0.3543778801843318
-82,50,529.149731,0.24,0.3226659613858768
-49,50,530.507755,0.18,0.26894915953387644
-5,50,531.881282,0.1,0.16001649654603567
-27,50,533.260367,0.14,0.22516758074344911
-60,50,534.597651,0.2,0.27016482203997133
-38,50,535.950359,0.16,0.2436235708003518
-60,50,537.318524,0.2,0.3282450568589284
-38,50,538.657398,0.16,0.2406727237579741
-5,50,539.997092,0.1,0.1462328103815611
-38,50,541.346094,0.16,0.2481375985977213
-38,50,542.676589,0.16,0.22340602630264692
-27,50,544.0353,0.14,0.20992751628589779
-27,50,545.365848,0.14,0.2289058524173028
-49,50,546.763819,0.18,0.3162071017655227
-82,50,548.123466,0.24,0.30433666923274316
-38,50,549.477439,0.16,0.1787613810511133
-16,50,550.884341,0.12,0.13794432135632406
-82,50,552.279479,0.24,0.3681156663178921
-5,50,553.601034,0.1,0.15408530068978918
-49,50,554.974868,0.18,0.27276879510368135
-82,50,556.345142,0.24,0.32617326682276293
-60,50,557.742205,0.2,0.30317155653048167
-71,50,559.148808,0.22,0.3153566647542551
-126,50,560.501333,0.32,0.39114479457518947
-49,50,561.919053,0.18,0.25577858880778587
-5,50,563.253819,0.1,0.13537035285214266
-38,50,564.592676,0.16,0.22156155570718394
6,50,565.944101,0.08,0.12341513292433538
-82,50,567.367998,0.24,0.2868070639342714
-93,50,568.721776,0.26,0.28828976481193147
-49,50,570.103189,0.18,0.2677578428286644
-82,50,571.531112,0.24,0.368876381071503
-38,50,572.930666,0.16,0.2068933568053368
-49,50,574.400044,0.18,0.2890337503942803
-60,50,575.835021,0.2,0.27001597727676196
-93,50,577.355276,0.26,0.35325810714648775
-93,50,578.785468,0.26,0.3564447722662733
-82,50,580.269381,0.24,0.32354048964218457
-60,50,581.797858,0.2,0.2962855764592378
-5,50,583.234658,0.1,0.17079889807162535
-38,50,584.71716,0.16,0.23212482790270766
-16,50,586.189455,0.12,0.16914354436904047
-27,50,587.709389,0.14,0.16467730009506706
-16,50,589.156613,0.12,0.18570903747244674
-93,50,590.692373,0.26,0.32708223278746257
-38,50,592.147559,0.16,0.19663169032713165
-49,50,593.592999,0.18,0.2684492919342071
-71,50,595.065004,0.22,0.2851985559566787
6,50,596.547787,0.08,0.13924050632911392
-104,50,598.075077,0.28,0.3993835314839278
17,50,599.549701,0.06,0.09827799448197126
-49,50,600.944719,0.18,0.2731741573033708
-16,50,602.289482,0.12,0.19537794896485317
-16,50,603.698405,0.12,0.1774193548387097
6,50,605.092421,0.08,0.10894976354064424
-60,50,606.504845,0.2,0.31869829012686157
-38,50,607.92834,0.16,0.2545107398568019
-49,50,609.322225,0.18,0.24435462613127143
-71,50,610.76924,0.22,0.34116416206962147
-60,50,612.212889,0.2,0.28903138054988825
-82,50,613.61966,0.24,0.34638196915776986
-5,50,614.979774,0.1,0.12986360973977074
-38,50,616.369105,0.16,0.2107146219753319
-16,50,617.797153,0.12,0.19622123706987546
-60,50,619.381056,0.2,0.28720267348142325
-71,50,620.816054,0.22,0.2872017353579176
-71,50,622.247455,0.22,0.2909824258138865
-38,50,623.647166,0.16,0.2560449483294873
-60,50,625.080676,0.2,0.2472748698811745
-27,50,626.523297,0.14,0.16757859593805063
-93,50,627.958463,0.26,0.35978725623109814
-82,50,629.38658,0.24,0.27663432768156676
-126,50,630.819443,0.32,0.42734811609879214
-16,50,632.226639,0.12,0.16449162446435528
-16,50,633.639735,0.12,0.19867929945449325
6,50,635.033604,0.08,0.13137702198257983
-38,50,636.477535,0.16,0.25940438871473354
-71,50,637.939653,0.22,0.25603305785123964
-27,50,639.309496,0.14,0.21352502662406816
-16,50,640.761759,0.12,0.21554455445544554
-49,50,642.242223,0.18,0.25368788819875776
-49,50,643.652379,0.18,0.2690261643686896
-16,50,645.059801,0.12,0.15489650373978084
-49,50,646.440033,0.18,0.25651840490797545
-49,50,647.891096,0.18,0.26113180769913075
-5,50,649.336625,0.1,0.1510536398467433
17,50,650.713441,0.06,0.09379594236989121
6,50,652.10657,0.08,0.11952313022213165
-71,50,653.556916,0.22,0.307386464039583
17,50,654.961525,0.06,0.08524928958925343
-5,50,656.429005,0.1,0.12149802637912775
-38,50,657.854758,0.16,0.23408644400785855
-49,50,659.27711,0.18,0.2772438977512973
-16,50,660.669454,0.12,0.1525875190258752
6,50,662.109609,0.08,0.12854114472923492
-27,50,663.543793,0.14,0.2048753256419799
-5,50,664.9194,0.1,0.1410267817421479
-38,50,666.34564,0.16,0.2635793118372647
-38,50,667.812826,0.16,0.19903231097260948
-49,50,669.239387,0.18,0.2862264150943396
-126,50,670.719698,0.32,0.40778952798555584
-27,50,672.200889,0.14,0.21669133974833457
-38,50,673.669242,0.16,0.24531977975434138
-60,50,675.133288,0.2,0.26791642257371606
-27,50,676.570821,0.14,0.20659139456820264
-60,50,678.038712,0.2,0.3147428782833888
-60,50,679.484729,0.2,0.28270042194092826
-38,50,680.962795,0.16,0.2709053916581892
-27,50,682.409116,0.14,0.21354752890617007
-16,50,683.87967,0.12,0.1660616215209904
-137,50,685.421983,0.34,0.4206041828040279
-49,50,686.919084,0.18,0.22916860195076638
-16,50,688.355453,0.12,0.2130758807588076
-60,50,689.775122,0.2,0.2791906967949324
-5,50,691.154873,0.1,0.15540216661873263
-5,50,692.541258,0.1,0.1401053970561512
-27,50,694.00766,0.14,0.22190517998244075
28,50,695.443805,0.04,0.06358900664630861
-5,50,696.926639,0.1,0.14747191011235955
-27,50,698.36087,0.14,0.20419656644563539
-49,50,699.792555,0.18,0.24233983286908078
-16,50,701.245279,0.12,0.18687200676119822
-16,50,702.743794,0.12,0.16382633394197607
-5,50,704.171141,0.1,0.15308641975308643
-60,50,705.639648,0.2,0.3031815956926089
-49,50,707.128111,0.18,0.2689138576779026
-16,50,708.561568,0.12,0.18262277388019427
-5,50,710.028434,0.1,0.1642
-71,50,711.510953,0.22,0.28626888345008017
-16,50,712.961899,0.12,0.1997984886649874
-71,50,714.416258,0.22,0.28848311741303684
-60,50,715.879496,0.2,0.24032882011605416
-49,50,717.3427,0.18,0.25862701908957414
-49,50,718.856165,0.18,0.22440405516485523
-82,50,720.410834,0.24,0.32195553806807004
-5,50,721.866646,0.1,0.15014887282007655
-5,50,723.313053,0.1,0.1438809761407965
-27,50,724.758321,0.14,0.22370853724850462
-71,50,726.273873,0.22,0.3118250045762402
6,50,727.725681,0.08,0.1343741287984388
-38,50,729.162744,0.16,0.22000174535299766
-60,50,730.628066,0.2,0.3236211264860651
-27,50,732.105053,0.14,0.22384382107657316
-60,50,733.614863,0.2,0.2779105496756572
6,50,735.050382,0.08,0.1258431118913425
-49,50,736.544564,0.18,0.24970986460348163
-60,50,738.060802,0.2,0.2509956783323447
-49,50,739.535729,0.18,0.2977402280130293
-71,50,741.030123,0.22,0.2871822606814494
-71,50,742.500767,0.22,0.30553969160479727
-49,50,743.97306,0.18,0.1664195700518903
-60,50,745.489014,0.2,0.27631812533285993
-60,50,746.970505,0.2,0.2787390162152369
-82,50,748.442595,0.24,0.32054058736896823
-104,50,749.943428,0.28,0.3358600112894121
-16,50,751.36517,0.12,0.1872713972201902
-60,50,752.881563,0.2,0.2933823529411765
-49,50,754.333632,0.18,0.20612052730696798
-60,50,755.876751,0.2,0.25260783760924727
-115,50,757.441676,0.3,0.39337175792507206
-115,50,758.982714,0.3,0.37326330057607593
-49,50,760.474236,0.18,0.2563365090778357
-38,50,762.039953,0.16,0.20856985900018313
-49,50,763.569358,0.18,0.2608695652173913
-16,50,765.083085,0.12,0.19441684879793364
-60,50,766.595138,0.2,0.2524227463887365
-38,50,768.120149,0.16,0.21340225216909728
-38,50,769.623989,0.16,0.24678816850911264
17,50,771.174466,0.06,0.08019150209455415
-27,50,772.658164,0.14,0.2144761528586946
-71,50,774.189402,0.22,0.2984854082009605
-49,50,775.689887,0.18,0.2674806929659779
-38,50,778.099867,0.16,0.21833648393194707
-27,50,780.754731,0.14,0.17965288035450516
6,50,782.425878,0.08,0.14898802585567447
-27,50,783.8857,0.14,0.19581130540870273
-5,50,785.366918,0.1,0.14387865655471288
-60,50,786.871802,0.2,0.22786804529788282
-16,50,788.386281,0.12,0.18810401514396732
-60,50,789.87966,0.2,0.2845760377729687
-16,50,791.357894,0.12,0.14379935780612688
-16,50,792.868307,0.12,0.16885050625372244
-115,50,794.479166,0.3,0.37302725968436157
-27,50,795.973765,0.14,0.1788206059447577
-71,50,797.552035,0.22,0.3144121987211018
-16,50,799.057602,0.12,0.1951043916486681
-16,50,800.592167,0.12,0.12614763128901946
-71,50,802.12112,0.22,0.3236873508353222
-16,50,803.620887,0.12,0.15638744990714495
-71,50,805.122615,0.22,0.30158009444242645
-104,50,806.641224,0.28,0.37650291995877705
-93,50,808.176678,0.26,0.32456935630099726
-126,50,809.718704,0.32,0.44882937211777224
-38,50,811.204405,0.16,0.24520486267447095
-60,50,812.715659,0.2,0.3044199434091131
-60,50,814.222289,0.2,0.2784698381559588
-104,50,815.759999,0.28,0.3714823368403045
17,50,817.321645,0.06,0.0771077107710771
-60,50,818.890209,0.2,0.24063767569097255
-16,50,820.400727,0.12,0.1703301439531075
-71,50,821.965861,0.22,0.3026250619118375
-49,50,823.503967,0.18,0.2307825036666379
-71,50,825.121934,0.22,0.2735595045772752
-82,50,826.82165,0.24,0.3431037753746917
-16,50,828.377626,0.12,0.18478044903636
-27,50,829.861706,0.14,0.21145911477869467
-71,50,831.414873,0.22,0.3500291205591147
6,50,832.93565,0.08,0.11010733452593918
-60,50,834.518628,0.2,0.2859311740890688
-49,50,836.037337,0.18,0.23908466819221968
-60,50,837.62172,0.2,0.2850013861935126
-49,50,839.159256,0.18,0.2785794602698651
-38,50,840.746202,0.16,0.21729780271154744
-5,50,842.304179,0.1,0.14724168558176257
-16,50,843.861258,0.12,0.1923616355593915
-38,50,845.374928,0.16,0.17894520829058075
6,50,846.941227,0.08,0.11826171875
-93,50,848.493714,0.26,0.4150381906556889
-104,50,850.041068,0.28,0.38571039985492794
-5,50,851.539128,0.1,0.1733442354865086
-27,50,853.098916,0.14,0.21514303763198267
-16,50,854.590055,0.12,0.17481299313454246
-16,50,856.166007,0.12,0.14704918032786884
-49,50,857.73509,0.18,0.21662424295620117
-27,50,859.260479,0.14,0.21598939929328623
-38,50,860.798917,0.16,0.20980798192771086
-16,50,862.31614,0.12,0.1730789173493726
-27,50,863.886232,0.14,0.18831832110688085
-27,50,865.452513,0.14,0.19023824395467118
-16,50,867.012408,0.12,0.15735371639430681
-27,50,868.551664,0.14,0.20829005759607214
-5,50,870.100388,0.1,0.1302787744962738
-93,50,871.641433,0.26,0.34711099629725306
-5,50,873.177951,0.1,0.130761829790956
-16,50,874.737907,0.12,0.19278722308088614
-49,50,876.319701,0.18,0.268337885290675
-16,50,877.975779,0.12,0.17649748513946045
-82,50,879.612209,0.24,0.31129550321199145
-5,50,881.208152,0.1,0.1618923206121116
-49,50,882.856972,0.18,0.23905193963521895
-16,50,884.465309,0.12,0.1951167728237792
-60,50,886.131318,0.2,0.2663542642924086
-60,50,887.787516,0.2,0.26521575277934806
-38,50,889.360665,0.16,0.2086369770580297
-60,50,890.904704,0.2,0.32326471500982723
-60,50,892.397837,0.2,0.3157505285412262
-71,50,893.937753,0.22,0.24777490668963537
-82,50,895.453638,0.24,0.30952953434319147
-93,50,897.017974,0.26,0.3543077582511787
-93,50,898.525985,0.26,0.3542253521126761
-60,50,900.027126,0.2,0.2293371180497579
-60,50,901.51484,0.2,0.2559456398640997
-60,50,903.06434,0.2,0.26175213675213677
-49,50,904.51635,0.18,0.2358482412928874
-93,50,906.070835,0.26,0.3470082407739162
-38,50,907.713191,0.16,0.23425289520760756
-49,50,909.172498,0.18,0.25288165420149583
-38,50,910.626223,0.16,0.22444609942282628
-93,50,912.191383,0.26,0.3189751206832529
-82,50,913.707108,0.24,0.31954277915209417
-38,50,915.224879,0.16,0.22588752748978952
-38,50,916.769608,0.16,0.24513338139870222
-82,50,918.332588,0.24,0.30829679874265864
-49,50,919.865072,0.18,0.20510855683269477
-60,50,921.401104,0.2,0.31986401165614375
-60,50,922.92435,0.2,0.28931535269709546
-93,50,924.469758,0.26,0.38881759853345554
-16,50,925.946718,0.12,0.1576785246044926
-104,50,927.538018,0.28,0.3649486533617516
-16,50,929.085041,0.12,0.1716043956043956
6,50,930.577821,0.08,0.13872896368467671
-60,50,932.107092,0.2,0.2788972431077694
-38,50,933.604033,0.16,0.2193288098294517
-82,50,935.11265,0.24,0.3524469067405355
-5,50,936.627087,0.1,0.16224760350805628
6,50,938.165357,0.08,0.11308163451869457
-5,50,939.647907,0.1,0.15391743024812107
-60,50,941.186907,0.2,0.27834967982491693
-49,50,942.721585,0.18,0.25668399554400295
-38,50,944.195798,0.16,0.22370748967957538
17,50,945.667975,0.06,0.09302325581395349
-38,50,947.302786,0.16,0.30291570086617053
-82,50,948.875019,0.24,0.30030669620037487
-38,50,950.400719,0.16,0.21021505376344085
-27,50,951.902133,0.14,0.21213895394223264
-16,50,953.366748,0.12,0.18277904328018224
-60,50,954.92491,0.2,0.31368944636678203
-27,50,956.436215,0.14,0.21648690292758088
-16,50,957.966324,0.12,0.17913105413105412
-16,50,959.507862,0.12,0.1679324894514768
-5,50,961.04186,0.1,0.16234779893849516
-49,50,962.561822,0.18,0.2597809076682316
-27,50,964.069713,0.14,0.21656511411752555
-16,50,965.590715,0.12,0.21736785329018338
-27,50,967.161676,0.14,0.20862101138272066
6,50,968.612047,0.08,0.1410808693949481
-49,50,970.134198,0.18,0.2465277777777778
6,50,971.620661,0.08,0.12939875326764527
-49,50,973.155336,0.18,0.23481670618274667
-27,50,974.613418,0.14,0.175904036424131
-71,50,976.229717,0.22,0.2952625387659074
-82,50,977.864467,0.24,0.3318438810869962
-16,50,979.391156,0.12,0.16442809478997347
-5,50,980.933088,0.1,0.15471077401078315
-60,50,982.467482,0.2,0.2948755206819723
-82,50,984.04234,0.24,0.33429690414024615
-71,50,985.608907,0.22,0.28870509175497544
-27,50,987.16047,0.14,0.2164009111617312
-71,50,988.811946,0.22,0.31433392706477925
-38,50,990.359161,0.16,0.20382751128196558
-49,50,991.911435,0.18,0.231437884824339
-16,50,993.427584,0.12,0.15704330512692882
-60,50,994.96527,0.2,0.3113234591495461
-60,50,996.505035,0.2,0.27903091060985796
-16,50,998.06631,0.12,0.17879833000544562
-82,50,999.632934,0.24,0.3989275596924322
-49,50,1001.175673,0.18,0.24543031226199544
-71,50,1002.782083,0.22,0.30522869129233604
-49,50,1004.341443,0.18,0.2372310570626754
6,50,1005.8778,0.08,0.13023107230326908
-71,50,1007.485516,0.22,0.293488824101069
28,50,1009.01162,0.04,0.05248185206984501
-82,50,1010.58377,0.24,0.30120937263794406
-38,50,1012.172318,0.16,0.21587142139628326
-38,50,1013.728199,0.16,0.2307847488400242
-16,50,1015.251099,0.12,0.15930614158462258
-5,50,1016.789962,0.1,0.15055107374162027
-27,50,1018.29899,0.14,0.19468169410935987
-5,50,1019.841415,0.1,0.1579716765646414
-38,50,1021.358991,0.16,0.2247765006385696
-49,50,1022.941166,0.18,0.2500228623685414
-5,50,1024.474248,0.1,0.15535714285714286
-82,50,1026.038347,0.24,0.3087411736060385
-71,50,1027.615995,0.22,0.2939370009651663
-27,50,1029.170054,0.14,0.20886757365175687
-71,50,1030.741944,0.22,0.279743026754493
-104,50,1032.346233,0.28,0.40850565743269607
-126,50,1033.980134,0.32,0.4300208352205816
-5,50,1035.524224,0.1,0.1717948717948718
-93,50,1037.11366,0.26,0.33933231350670384
-5,50,1038.680428,0.1,0.14494392611440957
-115,50,1040.287579,0.3,0.4289141638528523
-82,50,1041.893574,0.24,0.3027905039566847
-27,50,1043.450361,0.14,0.2135053584434502
-49,50,1045.048922,0.18,0.22889553288779457
-60,50,1046.710077,0.2,0.2728748806112703
-115,50,1048.359473,0.3,0.43611137151964
-60,50,1049.921609,0.2,0.32893588126879425
-27,50,1051.475973,0.14,0.2032462320520824
-38,50,1053.058737,0.16,0.21673039261400728
-60,50,1054.666064,0.2,0.3206197854588796
17,50,1056.209675,0.06,0.0864471996579735
-60,50,1057.839589,0.2,0.2708333333333333
-5,50,1059.349367,0.1,0.1432258064516129
17,50,1060.853456,0.06,0.10477353880849465
17,50,1062.384084,0.06,0.10294117647058823
-49,50,1063.968365,0.18,0.2657075748678802
-16,50,1065.527846,0.12,0.16242850857897054
-5,50,1067.065017,0.1,0.15744356605390988
-16,50,1068.69047,0.12,0.19351382937280873
-38,50,1070.357818,0.16,0.28631667720851783
-60,50,1072.048333,0.2,0.2844630964328072
-71,50,1073.657071,0.22,0.3122630780894617
-71,50,1075.270158,0.22,0.281772498857926
-38,50,1076.899902,0.16,0.23416435826408125
-71,50,1078.524945,0.22,0.32968734875617073
-93,50,1080.21842,0.26,0.3916585495439653
-38,50,1081.830485,0.16,0.255893536121673
-16,50,1083.410163,0.12,0.16824213779312852
-71,50,1085.06756,0.22,0.30839328537170263
-16,50,1086.670089,0.12,0.1775586949893282
-38,50,1088.245695,0.16,0.24237467526219572
-16,50,1089.836614,0.12,0.15071421630550966
6,50,1091.400711,0.08,0.13276807980049876
-38,50,1092.989136,0.16,0.2463740274709442
-27,50,1094.549647,0.14,0.22086610613868546
-71,50,1096.191569,0.22,0.31537001897533207
-49,50,1097.783256,0.18,0.2801683816651076
-16,50,1099.369759,0.12,0.17207729468599034
-49,50,1100.985343,0.18,0.27626257388779424
-49,50,1102.658889,0.18,0.27893757751136833
-60,50,1104.267784,0.2,0.284789644012945
-49,50,1105.879026,0.18,0.27402723735408563
-16,50,1107.490161,0.12,0.18914473684210525
-71,50,1109.337137,0.22,0.30212363511305995
-5,50,1112.30858,0.1,0.1637078878353843
-93,50,1114.583759,0.26,0.385117610231643
-49,50,1116.241272,0.18,0.2270770358157003
-82,50,1117.908098,0.24,0.31769703543022415
-60,50,1119.484289,0.2,0.25569395017793595
-60,50,1121.13309,0.2,0.26032400037456693
-38,50,1122.743232,0.16,0.259141156462585
-27,50,1124.330525,0.14,0.14675736116287738
-82,50,1125.933641,0.24,0.3296211688558919
-16,50,1127.524827,0.12,0.17509337706112782
-60,50,1129.124797,0.2,0.25331079177233023
-38,50,1130.728478,0.16,0.22223301914294044
-49,50,1132.37165,0.18,0.27320408354406667
-82,50,1134.095902,0.24,0.2772599764727174
-5,50,1135.667704,0.1,0.15195615195615195
-16,50,1137.34095,0.12,0.1762031397443596
-16,50,1138.913856,0.12,0.14097295230813342
-16,50,1140.495795,0.12,0.13313811615422158
-60,50,1142.138813,0.2,0.3112272977435333
-38,50,1143.768452,0.16,0.26491569390402075
-16,50,1145.405095,0.12,0.16223889677550193
-71,50,1147.040461,0.22,0.2938655462184874
-82,50,1148.660039,0.24,0.3130802558283474
-38,50,1150.366031,0.16,0.22904664560490615
-104,50,1152.057109,0.28,0.350250319034063
-38,50,1153.707203,0.16,0.23154561646546606
-60,50,1155.291231,0.2,0.2446548065937653
-126,50,1156.979874,0.32,0.390081025732348
-49,50,1158.619548,0.18,0.19605185122426502
-60,50,1160.286885,0.2,0.257183908045977
-49,50,1161.926465,0.18,0.2706688231376653
-38,50,1163.587643,0.16,0.23987945755901557
-27,50,1165.186286,0.14,0.2280718426304286
-71,50,1166.868951,0.22,0.27338190443917315
-16,50,1168.475084,0.12,0.16575663026521062
-16,50,1170.104091,0.12,0.1792376317923763
-60,50,1171.806136,0.2,0.2765622410077905
-60,50,1173.484009,0.2,0.2792231927151087
-49,50,1175.107463,0.18,0.2613774413606205
-49,50,1176.751348,0.18,0.23914013022923913
-16,50,1178.38597,0.12,0.17572243523800618
6,50,1179.97058,0.08,0.12444528373147011
-49,50,1181.651918,0.18,0.23255350920856147
17,50,1183.28399,0.06,0.10850661625708885
-27,50,1184.90905,0.14,0.20575014047574453
-5,50,1186.477134,0.1,0.14184609250398725
-38,50,1188.066149,0.16,0.21255023748629887
-49,50,1189.700809,0.18,0.2609342703596528
-71,50,1191.383259,0.22,0.30733302195235873
-38,50,1193.045411,0.16,0.22618728199624363
-38,50,1194.778978,0.16,0.21399450080591637
-27,50,1196.444296,0.14,0.2036110117983554
-104,50,1198.164261,0.28,0.38938464398587097
6,50,1199.761735,0.08,0.13632857693790976
-5,50,1201.35978,0.1,0.15162764134780127
-27,50,1202.971663,0.14,0.19501171744224974
-104,50,1204.651547,0.28,0.3774971893107325
-27,50,1206.296591,0.14,0.20974495622382947
-38,50,1207.891955,0.16,0.26316767301439853
-27,50,1209.48481,0.14,0.2167154537195922
-82,50,1211.180031,0.24,0.3149090909090909
17,50,1212.745604,0.06,0.08645937813440321
-49,50,1214.369407,0.18,0.2416986895260617
-71,50,1216.055824,0.22,0.3129483170866287
-16,50,1217.698096,0.12,0.18937148696985182
-60,50,1219.409839,0.2,0.28130708341790134
-27,50,1221.086371,0.14,0.20545212765957446
-5,50,1222.794034,0.1,0.1098711667573943
-16,50,1224.511641,0.12,0.16807353217032453
-82,50,1226.245732,0.24,0.3437301082113304
17,50,1227.826778,0.06,0.1107890499194847
-38,50,1229.486437,0.16,0.21727574750830564
-82,50,1231.231042,0.24,0.35240718074255406
-71,50,1232.974529,0.22,0.2863349804055205
-38,50,1234.574801,0.16,0.23576234246185918
-49,50,1236.259618,0.18,0.2630928618952571
17,50,1237.848787,0.06,0.05396181164099253
-27,50,1239.496629,0.14,0.2072515259178282
-16,50,1241.215425,0.12,0.18701891095695145
-60,50,1243.039896,0.2,0.256490034030141
-49,50,1244.750569,0.18,0.24916666666666668
-71,50,1246.473168,0.22,0.31411386497977806
-27,50,1248.167893,0.14,0.20552085432198267
-49,50,1249.874712,0.18,0.21680876979293545
-71,50,1251.597568,0.22,0.23820712091089824
-49,50,1253.2824,0.18,0.2727961367294764
-60,50,1254.987641,0.2,0.28274372130704833
-60,50,1256.702074,0.2,0.2674451191032228
-16,50,1258.361284,0.12,0.14661361473920942
6,50,1260.015897,0.08,0.10370511841100076
-60,50,1261.695853,0.2,0.27868715550359113
-38,50,1263.403212,0.16,0.2483917426788286
-71,50,1265.122801,0.22,0.3038263849229012
-71,50,1266.877964,0.22,0.3065348237317283
-27,50,1268.517245,0.14,0.22908793790215504
-5,50,1270.1301,0.1,0.16285397561221404
-16,50,1271.759502,0.12,0.13834112624517178
-49,50,1273.416847,0.18,0.23927101704879483
-49,50,1275.066112,0.18,0.23145043418450692
-82,50,1276.821631,0.24,0.3682693201897145
-49,50,1278.488568,0.18,0.2661901856532729
-16,50,1280.126442,0.12,0.20503338469440163
-49,50,1281.800009,0.18,0.2347025898871075
-5,50,1283.462173,0.1,0.19556219820648424
-27,50,1285.145322,0.14,0.23157500935278713
-27,50,1286.814507,0.14,0.171475379994539
-71,50,1288.509464,0.22,0.3062640985597779
-60,50,1290.175889,0.2,0.29579817893242
-5,50,1291.802027,0.1,0.15045382794001577
-16,50,1293.469705,0.12,0.15973411219659583
-5,50,1295.06378,0.1,0.13810627674750356
-5,50,1296.705656,0.1,0.15256422973911318
-60,50,1298.389072,0.2,0.26988783433994823
-115,50,1300.120995,0.3,0.38407706240737693
-27,50,1301.774584,0.14,0.1985228951255539
-16,50,1303.425026,0.12,0.17991257699185376
-16,50,1305.071535,0.12,0.1481738097594774
-49,50,1306.805806,0.18,0.23725624358535752
-38,50,1308.50392,0.16,0.20019024558976134
-104,50,1310.274656,0.28,0.366720808518318
-38,50,1312.022142,0.16,0.23761820054302032
-60,50,1313.815692,0.2,0.2882986913010008
-49,50,1315.487422,0.18,0.26103181266909226
-38,50,1317.266254,0.16,0.2394423115780966
-60,50,1318.989317,0.2,0.25495070014085675
-5,50,1320.65646,0.1,0.1698892026938953
-38,50,1322.401507,0.16,0.22897428259358554
-82,50,1324.153317,0.24,0.3558610156548301
-93,50,1325.895385,0.26,0.350432064717779
-27,50,1327.606542,0.14,0.1843322234554199
-5,50,1329.269205,0.1,0.15007285089849443
-27,50,1330.942621,0.14,0.14701586992503166
-60,50,1332.689533,0.2,0.2511584800741427
6,50,1334.329518,0.08,0.1174342105263158
-16,50,1335.973365,0.12,0.18155912884184816
-115,50,1337.820934,0.3,0.41850540270589304
-5,50,1339.489753,0.1,0.13407923697725604
-5,50,1341.111791,0.1,0.11990888382687927
-5,50,1342.734917,0.1,0.1632195618950586
-49,50,1344.436164,0.18,0.22230394410223409
-38,50,1346.155127,0.16,0.2284145133699469
-27,50,1347.879454,0.14,0.20978960180838116
-16,50,1349.52901,0.12,0.19298928919182085
-16,50,1351.165065,0.12,0.17478567826525465
-38,50,1352.87849,0.16,0.20081332300542215
-38,50,1354.5436,0.16,0.23781925343811394
-49,50,1356.22335,0.18,0.2534298780487805
-16,50,1357.943356,0.12,0.17736166631601094
-38,50,1359.6239,0.16,0.17651835011367328
-60,50,1361.389667,0.2,0.31582668417331583
-82,50,1363.111398,0.24,0.3767237163814181
-38,50,1364.928949,0.16,0.16691896255928954
-104,50,1366.745415,0.28,0.3594856992915245
-49,50,1368.493389,0.18,0.2513576415826222
-71,50,1370.292455,0.22,0.24425332290852228
-27,50,1372.042915,0.14,0.1848178867652362
-38,50,1373.719704,0.16,0.22481793246949777
-27,50,1375.456681,0.14,0.17546482294683732
-49,50,1377.297821,0.18,0.2604868913857678
-71,50,1379.095043,0.22,0.2756542854573253
-49,50,1380.8383,0.18,0.23250082155767335
-49,50,1382.580489,0.18,0.28212132629992465
-93,50,1384.513524,0.26,0.3624173572958376
-60,50,1386.372855,0.2,0.28528702363724073
-5,50,1388.221868,0.1,0.16992639327024184
-93,50,1390.173637,0.26,0.33330324909747294
-38,50,1392.042257,0.16,0.21242826398852224
-5,50,1393.905559,0.1,0.13560467136376797
-5,50,1395.711009,0.1,0.1698073701842546
-27,50,1397.480322,0.14,0.1464856762158561
-49,50,1399.275254,0.18,0.20989336967850558
-38,50,1401.055875,0.16,0.22620446533490013
-27,50,1402.788336,0.14,0.21914719147191472
-16,50,1404.566246,0.12,0.14864744219266138
-49,50,1406.441057,0.18,0.2556771917126572
6,50,1408.210162,0.08,0.1122780217681879
-16,50,1410.014289,0.12,0.2025606726543092
-60,50,1411.897925,0.2,0.27632561613144135
-71,50,1413.745255,0.22,0.33017113095238093
-60,50,1415.542489,0.2,0.28940241920924353
-71,50,1417.467051,0.22,0.2938299150433365
-60,50,1419.314832,0.2,0.2821808990792562
-60,50,1421.13852,0.2,0.2979526933015305
-27,50,1422.945939,0.14,0.1749148991882692
-93,50,1424.774335,0.26,0.3171056757604265
-82,50,1426.633878,0.24,0.3028877352368592
-27,50,1428.389836,0.14,0.21880049424959605
-38,50,1430.212939,0.16,0.20743876625340188
-38,50,1431.976029,0.16,0.20107311749727175
-93,50,1433.818162,0.26,0.3839344571051888
28,50,1435.496144,0.04,0.07623823168235776
6,50,1437.232512,0.08,0.11765292884941622
-16,50,1439.048601,0.12,0.20151399003449597
6,50,1440.845262,0.08,0.12368802026782483
-5,50,1443.327945,0.1,0.15226759696285655
-5,50,1446.514206,0.1,0.13457670506491132
-27,50,1448.368321,0.14,0.19151189312479636
-16,50,1450.113537,0.12,0.17761692650334077
-38,50,1451.859102,0.16,0.22269401029903332
17,50,1453.505616,0.06,0.10724504978825684
-49,50,1455.227464,0.18,0.23552315466821308
-16,50,1457.024545,0.12,0.13147855215408952
-27,50,1458.802474,0.14,0.13771760154738877
-60,50,1460.612862,0.2,0.29039070749736007
-16,50,1462.371941,0.12,0.15836797834284058
-27,50,1464.121762,0.14,0.20001948558067031
-27,50,1465.886729,0.14,0.16699188661805484
-49,50,1467.736726,0.18,0.25866618142116277
-16,50,1469.548948,0.12,0.17800773492212815
6,50,1471.389355,0.08,0.09999049520007604
-60,50,1473.220267,0.2,0.2914244186046512
-27,50,1475.026003,0.14,0.19296415702636072
17,50,1476.759993,0.06,0.11109874206835132
-5,50,1478.604698,0.1,0.14486798391327155
28,50,1480.419665,0.04,0.07600281491907107
-60,50,1482.41998,0.2,0.2677039132484677
-71,50,1484.363307,0.22,0.3269621421975993
-27,50,1486.28353,0.14,0.1952771884512499
-60,50,1488.168701,0.2,0.2741278554984948
-49,50,1489.949791,0.18,0.2675286832999454
-49,50,1491.760741,0.18,0.2796651895617922
-71,50,1493.6349,0.22,0.3162614243835144
-49,50,1495.418171,0.18,0.2609433625156334
-137,50,1497.37,0.34,0.4274987889552721
-93,50,1499.239736,0.26,0.3513404392764858
-38,50,1501.085495,0.16,0.18946956351536504
-60,50,1502.916057,0.2,0.28310842252210333
-27,50,1504.710322,0.14,0.22033001903955998
-93,50,1506.555168,0.26,0.3520259588984109
-82,50,1508.365523,0.24,0.332050624251753
-71,50,1510.186075,0.22,0.2715311004784689
-27,50,1511.974589,0.14,0.19911783238815375
-93,50,1513.791456,0.26,0.33241986380999833
-82,50,1515.594679,0.24,0.322043852779953
-27,50,1517.380194,0.14,0.2292877125026899
-104,50,1519.268115,0.28,0.38749764639427603
-60,50,1521.098561,0.2,0.26594024006129224
-49,50,1522.864003,0.18,0.27551852187301873
-49,50,1524.607952,0.18,0.27327114175623607
-82,50,1526.431949,0.24,0.2894145950280674
-93,50,1528.279146,0.26,0.3572671490063193
-60,50,1530.187417,0.2,0.2858527985896871
-71,50,1532.051104,0.22,0.3016854492869253
6,50,1533.754017,0.08,0.10945320615733309
-27,50,1535.508653,0.14,0.2221759500260281
-93,50,1537.396141,0.26,0.3810788533748512
-38,50,1539.228209,0.16,0.23952429619994425
6,50,1540.904275,0.08,0.10080571323933346
-126,50,1542.796909,0.32,0.459703650162631
-38,50,1544.577517,0.16,0.21414701803051317
-16,50,1546.377412,0.12,0.19779637673482361
-60,50,1548.240149,0.2,0.3049101040900011
-60,50,1550.030544,0.2,0.2473648987786515
-5,50,1551.811635,0.1,0.11549002929779793
-38,50,1553.59604,0.16,0.21531351748765887
-49,50,1555.545956,0.18,0.27255194179012887
-38,50,1557.324704,0.16,0.21822750555716633
17,50,1559.067457,0.06,0.0663924232277815
6,50,1560.903426,0.08,0.1104639684106614
6,50,1562.699661,0.08,0.09120225738184017
6,50,1564.420274,0.08,0.12344429828999291
-60,50,1566.318018,0.2,0.31909403669724773
-38,50,1568.113834,0.16,0.20133095885275096
-16,50,1569.910153,0.12,0.15106086671581878
6,50,1571.671271,0.08,0.1306910569105691
-60,50,1573.51494,0.2,0.27931101976903505
-71,50,1575.399575,0.22,0.2772381202415332
-27,50,1577.193663,0.14,0.1644873981428842
-115,50,1579.064432,0.3,0.36303600506603945
-5,50,1580.863924,0.1,0.17529282210431474
-16,50,1582.59684,0.12,0.14586308673712273
-38,50,1584.390621,0.16,0.19106212082372043
17,50,1586.110417,0.06,0.08461450859810955
-27,50,1587.909552,0.14,0.21995350247649853
6,50,1589.658637,0.08,0.10927397007204877
-82,50,1591.531498,0.24,0.35497223624432106
-49,50,1593.349463,0.18,0.3057638960238364
-38,50,1595.153968,0.16,0.1863799283154122
-49,50,1596.996452,0.18,0.2889835545868833
6,50,1598.781131,0.08,0.11403601137201222
-60,50,1600.613523,0.2,0.3047590300835094
-60,50,1602.468881,0.2,0.2942977085884205
-16,50,1604.239191,0.12,0.18879928315412187
-16,50,1606.063174,0.12,0.19416799363057324
-115,50,1608.113044,0.3,0.38879333755770795
-82,50,1610.007267,0.24,0.32388913330400354
-27,50,1611.870962,0.14,0.16397944720056698
-60,50,1613.694618,0.2,0.23996837319628386
-27,50,1615.492035,0.14,0.22616731517509728
-16,50,1617.267591,0.12,0.15533104816886162
17,50,1619.019237,0.06,0.085523228531206
6,50,1620.807446,0.08,0.1380839434876766
-16,50,1622.62955,0.12,0.20159151193633953
-60,50,1624.505657,0.2,0.2866014301844185
-38,50,1626.380611,0.16,0.22408860175357637
-5,50,1628.197348,0.1,0.15151808160897312
-16,50,1630.038022,0.12,0.1759379042690815
6,50,1631.828906,0.08,0.10420346167432003
-49,50,1633.655001,0.18,0.24154796636348036
-27,50,1635.536518,0.14,0.2290373390160289
-16,50,1637.346005,0.12,0.17470664928292046
6,50,1639.125847,0.08,0.13279755070799848
-60,50,1641.009949,0.2,0.29924351240065117
-49,50,1642.848244,0.18,0.27146898363305716
-49,50,1644.689116,0.18,0.26065621091119023
-38,50,1646.551832,0.16,0.2272772822928149
-115,50,1648.521107,0.3,0.4136859781696054
-5,50,1650.341023,0.1,0.14298808432630614
-38,50,1652.190093,0.16,0.2545337383779803
6,50,1653.975861,0.08,0.1309823677581864
-49,50,1655.867265,0.18,0.2938379612019779
-5,50,1657.688318,0.1,0.1564310544611819
-71,50,1659.600123,0.22,0.29806629834254145
-16,50,1661.465843,0.12,0.16854576724632142
-16,50,1663.294632,0.12,0.14606150880574784
17,50,1665.080212,0.06,0.06497145822522055
-38,50,1666.946686,0.16,0.2279253718510876
-16,50,1668.739245,0.12,0.15317054338384326
-5,50,1670.54854,0.1,0.12279470729751403
-82,50,1672.472801,0.24,0.2948907507803516
-49,50,1674.301515,0.18,0.22643689226918262
-27,50,1676.11361,0.14,0.20159274006852487
-49,50,1678.015224,0.18,0.2800613833168914
-104,50,1679.954408,0.28,0.40174443043295505
-49,50,1681.781507,0.18,0.27945905050122943
-27,50,1683.627648,0.14,0.23888767243266915
-71,50,1685.535757,0.22,0.3106208512299883
-27,50,1687.364091,0.14,0.23440726972325485
-93,50,1689.317001,0.26,0.3323353293413174
-60,50,1691.224088,0.2,0.26337411806733946
17,50,1693.035272,0.06,0.08556690603823203
-49,50,1694.899622,0.18,0.24820931157978512
-5,50,1696.744781,0.1,0.16680981009638324
-38,50,1698.603135,0.16,0.22520059959439204
-60,50,1700.472818,0.2,0.2467478835432583
17,50,1702.318881,0.06,0.08691825283309496
-60,50,1704.198815,0.2,0.25634249471458775
-16,50,1706.041944,0.12,0.1799960699548045
-71,50,1707.946746,0.22,0.3357044062438253
-5,50,1709.736181,0.1,0.15799423838674828
-27,50,1711.603467,0.14,0.23632311977715878
-60,50,1713.491012,0.2,0.2866137657409005
-49,50,1715.403046,0.18,0.2606495537767964
-27,50,1717.375843,0.14,0.1874071874071874
-49,50,1719.255218,0.18,0.23578005335169092
-49,50,1721.113061,0.18,0.236349521262831
-60,50,1723.030878,0.2,0.24122890195334723
-38,50,1724.882205,0.16,0.236543255470409
6,50,1726.743697,0.08,0.14242053789731052
-27,50,1728.618024,0.14,0.17780797101449275
-71,50,1730.578839,0.22,0.3293871866295265
-60,50,1732.573872,0.2,0.2756025445748589
6,50,1734.360065,0.08,0.13534653465346536
-27,50,1736.265342,0.14,0.1960156171788968
-38,50,1738.106075,0.16,0.22659074475777297
-16,50,1739.968095,0.12,0.19788092835519677
-27,50,1741.833109,0.14,0.18857696030977736
-16,50,1743.669572,0.12,0.22507004254436028
-38,50,1745.588482,0.16,0.21939572045183212
6,50,1747.489935,0.08,0.08367497109218963
6,50,1749.307676,0.08,0.10162222636584002
-38,50,1751.200164,0.16,0.22817823116158215
-93,50,1753.166132,0.26,0.37051668572616697
-93,50,1755.117936,0.26,0.3311908277599236
-82,50,1757.070219,0.24,0.336290867007426
-49,50,1758.978399,0.18,0.2343975468975469
17,50,1760.751076,0.06,0.08641975308641975
-82,50,1762.712711,0.24,0.35968977584413125
6,50,1764.562605,0.08,0.13689597480562937
-38,50,1766.480135,0.16,0.22052882849798017
-60,50,1768.406618,0.2,0.2616398112703641
-60,50,1770.307585,0.2,0.2611893999822742
-27,50,1772.175584,0.14,0.22117144600366076
-27,50,1774.038671,0.14,0.17996505532906232
-16,50,1777.383666,0.12,0.18568527918781727
-16,50,1780.086344,0.12,0.14724400751132222
-5,50,1781.947211,0.1,0.15702479338842976
-16,50,1783.826643,0.12,0.15816649104320338
-27,50,1785.691381,0.14,0.2010274304545895
-60,50,1787.64998,0.2,0.27056019070321813
-38,50,1789.561367,0.16,0.2259747932256794
-49,50,1791.468521,0.18,0.24574546799852015
6,50,1793.296532,0.08,0.1414653947635478
-27,50,1795.187863,0.14,0.23124814705010377
-49,50,1797.199469,0.18,0.2514265335235378
-60,50,1799.146284,0.2,0.2911368909512761
-60,50,1801.089061,0.2,0.26910363601011084
-27,50,1802.981025,0.14,0.2198532328441095
-71,50,1804.94502,0.22,0.2938728889614098
-38,50,1806.890224,0.16,0.23498954495668625
-71,50,1808.924334,0.22,0.3422352111256676
6,50,1810.7688,0.08,0.1165655451369737
-27,50,1812.688946,0.14,0.16360059026069848
-16,50,1814.558117,0.12,0.16752799310938846
-115,50,1816.565113,0.3,0.4114254820688412
-16,50,1818.497447,0.12,0.18345543345543344
-5,50,1820.33402,0.1,0.1415961415961416
-60,50,1822.263282,0.2,0.24803722012212853
-49,50,1824.185434,0.18,0.2257299962078119
-60,50,1826.142562,0.2,0.27738166824156
-71,50,1828.110965,0.22,0.3018935978358882
-82,50,1830.048239,0.24,0.29405697056256447
-27,50,1831.896932,0.14,0.19554595000939673
-16,50,1833.73239,0.12,0.152487348419746
-60,50,1835.636648,0.2,0.2679316888045541
-82,50,1837.758823,0.24,0.3633703920421299
-82,50,1839.735573,0.24,0.3213349009677128
6,50,1841.564574,0.08,0.09807579030041233
6,50,1843.435415,0.08,0.13664221842660504
-71,50,1845.440028,0.22,0.3458803451218356
-49,50,1847.415702,0.18,0.2941696981614394
-49,50,1849.394584,0.18,0.25228622607711887
17,50,1851.227309,0.06,0.1134185303514377
-38,50,1853.159553,0.16,0.2300921187308086
-27,50,1855.03232,0.14,0.19078832371962945
-49,50,1856.998868,0.18,0.30180921052631576
-71,50,1858.934814,0.22,0.31824898411525676
6,50,1860.823137,0.08,0.13109323237103643
-49,50,1862.726556,0.18,0.2442211948790896
-49,50,1864.679603,0.18,0.300343071005302
-5,50,1866.593134,0.1,0.16983471074380166
-49,50,1868.567256,0.18,0.2997704819878256
-27,50,1870.484867,0.14,0.2083534291501881
-27,50,1872.461634,0.14,0.24353236546228577
-49,50,1874.390117,0.18,0.31651429232727696
-38,50,1876.315865,0.16,0.22810570987654322
6,50,1878.186489,0.08,0.12865939289186562
-5,50,1880.060118,0.1,0.11340798162503589
-60,50,1882.08495,0.2,0.2833644859813084
-71,50,1884.04416,0.22,0.27596858176683436
-49,50,1885.970716,0.18,0.25310084486787704
-60,50,1887.919745,0.2,0.2904851921865154
-82,50,1889.875638,0.24,0.32965618679904396
-49,50,1891.840926,0.18,0.2768439786434645
-82,50,1893.835795,0.24,0.32007684918347745
-60,50,1895.842037,0.2,0.25649819494584836
-49,50,1897.847497,0.18,0.24969119463560968
-27,50,1899.82145,0.14,0.21012891344383058
-60,50,1901.839636,0.2,0.24930313588850175
-38,50,1903.779483,0.16,0.2245560435363758
-82,50,1905.751021,0.24,0.2945260347129506
-82,50,1907.792835,0.24,0.3155536770921386
-49,50,1909.735615,0.18,0.2741876597298284
-49,50,1911.742982,0.18,0.2526226254607315
-49,50,1913.662133,0.18,0.2706711160548758
-38,50,1915.571375,0.16,0.2071691671907286
-60,50,1917.568769,0.2,0.27607306757851163
-82,50,1919.566833,0.24,0.33318268100876797
-71,50,1921.680706,0.22,0.27649034424853064
-16,50,1923.665704,0.12,0.21138618823293576
-27,50,1925.600527,0.14,0.2086479683567062
-49,50,1927.594585,0.18,0.2776293185722466
-49,50,1929.598814,0.18,0.24069704120530042
-5,50,1931.556236,0.1,0.14943204073638855
-16,50,1933.449134,0.12,0.16649715215622457
6,50,1935.312571,0.08,0.1275376396308888
-27,50,1937.275237,0.14,0.1941794821880475
-5,50,1939.192071,0.1,0.16424196018376722
-49,50,1941.170443,0.18,0.2589116325511732
-82,50,1943.169253,0.24,0.3048337270579684
-49,50,1945.131114,0.18,0.2447396489867158
-16,50,1947.088802,0.12,0.2213140855535506
-38,50,1949.010667,0.16,0.2190765383584889
-27,50,1950.930521,0.14,0.24705747914524054
-16,50,1952.858575,0.12,0.20275686772900578
-16,50,1954.757146,0.12,0.18758434547908232
-60,50,1956.746432,0.2,0.23786529015069519
6,50,1958.722271,0.08,0.11407030255556644
-5,50,1960.658247,0.1,0.16527582096022542
-27,50,1962.671274,0.14,0.21197269385611764
-16,50,1964.559437,0.12,0.17680454176804541
-49,50,1966.561473,0.18,0.2516522186936744
-27,50,1968.546511,0.14,0.18740157480314962
17,50,1970.424988,0.06,0.0734050052872753
-27,50,1972.378542,0.14,0.22076780306730487
-38,50,1974.344203,0.16,0.2057649667405765
-16,50,1976.309086,0.12,0.1639988498035081
-16,50,1978.292857,0.12,0.16672777268560954
-82,50,1980.396708,0.24,0.36566023313586854
-38,50,1982.416854,0.16,0.2574981711777615
-27,50,1984.35746,0.14,0.2204446098037392
-60,50,1986.392089,0.2,0.31005260081823494
-49,50,1988.347878,0.18,0.2260673782521681
-71,50,1990.464101,0.22,0.28051001821493626
-82,50,1992.607541,0.24,0.32453245324532454
-16,50,1994.525651,0.12,0.15828137012044077
-71,50,1996.600157,0.22,0.2992504000673798
-71,50,1998.679091,0.22,0.33947246645071727
-27,50,2000.644478,0.14,0.18937225720282388
-16,50,2002.677644,0.12,0.1829155060352832
-16,50,2004.620121,0.12,0.19466014253802788
-27,50,2006.610939,0.14,0.19124753892965812
-60,50,2008.570599,0.2,0.25645724258289704
-27,50,2010.516461,0.14,0.2625875656742557
-71,50,2012.614562,0.22,0.33627754507375707
-49,50,2014.640106,0.18,0.30459444129325014
28,50,2016.631375,0.04,0.06769991442426547
-27,50,2018.591579,0.14,0.19352290679304898
-49,50,2020.58354,0.18,0.23561744228655185
-16,50,2022.60973,0.12,0.17522955837341495
-27,50,2024.75159,0.14,0.23147675012774654
-16,50,2026.739506,0.12,0.1759919638372677
-27,50,2028.686106,0.14,0.21297037630104082
6,50,2030.626303,0.08,0.11947926711668273
-5,50,2032.558486,0.1,0.1554016620498615
-5,50,2034.495842,0.1,0.1340772382529858
-27,50,2036.463733,0.14,0.17551093581929006
-16,50,2038.42574,0.12,0.1835701598579041
6,50,2040.435539,0.08,0.1326407101069195
-49,50,2042.502815,0.18,0.23770092547491475
6,50,2044.43422,0.08,0.13186487554326354
-16,50,2046.437803,0.12,0.19143658326143226
-38,50,2048.44723,0.16,0.22580332946186604
-38,50,2050.472739,0.16,0.253813882532418
-16,50,2052.509589,0.12,0.13130309054762335
-16,50,2054.488977,0.12,0.1811179142800711
-16,50,2056.482656,0.12,0.200089565606807
-104,50,2058.597832,0.28,0.3555737109658678
-49,50,2060.636478,0.18,0.22047169811320755
-27,50,2062.701183,0.14,0.20630536241546815
-16,50,2064.66131,0.12,0.18821962127700068
17,50,2066.581896,0.06,0.09073514602215509
-16,50,2068.523375,0.12,0.15008710002750528
6,50,2070.435442,0.08,0.1528260183138617
-49,50,2072.499385,0.18,0.27735443532629933
-49,50,2074.480078,0.18,0.27940121907493726
-82,50,2076.556342,0.24,0.3461500444795888
-38,50,2078.549937,0.16,0.2176133309442752
-38,50,2080.573041,0.16,0.22556881760537112
-60,50,2082.811677,0.2,0.2778027510563697
-49,50,2084.852791,0.18,0.25295769852753425
-38,50,2086.886364,0.16,0.24661821118514032
-27,50,2088.881035,0.14,0.21305654192843484
-49,50,2090.920696,0.18,0.24382662752547055
28,50,2092.777322,0.04,0.07110340342510298
6,50,2094.729356,0.08,0.13211845102505695
-60,50,2096.807508,0.2,0.2957415309588087
-49,50,2098.817194,0.18,0.2495075508864084
-60,50,2100.85319,0.2,0.27822473698169925
17,50,2102.876311,0.06,0.10311411149825785
-104,50,2105.402826,0.28,0.35637695057100516
-5,50,2109.044399,0.1,0.14544466582140916
-49,50,2111.329388,0.18,0.20940209133970863
-38,50,2113.42822,0.16,0.264186295503212
-16,50,2115.401605,0.12,0.15514958962139264
-82,50,2117.525671,0.24,0.31561405008118965
-16,50,2119.518437,0.12,0.18823882989380886
-49,50,2121.628659,0.18,0.20007625583833763
-71,50,2123.694424,0.22,0.36018696728072586
-71,50,2125.725173,0.22,0.3066046341908411
-71,50,2127.837648,0.22,0.31567587013220616
6,50,2129.778876,0.08,0.10622278664731495
-27,50,2131.831157,0.14,0.1745733940855892
-71,50,2133.900835,0.22,0.26692287536029347
-93,50,2136.006064,0.26,0.34521768940692493
-38,50,2138.082909,0.16,0.2600277906438166
-38,50,2140.12335,0.16,0.21634275618374557
-49,50,2142.22471,0.18,0.2871339372086888
-49,50,2144.298155,0.18,0.26822756212774695
-49,50,2146.335611,0.18,0.2278557114228457
-82,50,2148.424841,0.24,0.33807659249355365
-16,50,2150.401395,0.12,0.14775016789791806
-60,50,2152.452253,0.2,0.2656473533619456
-38,50,2154.473817,0.16,0.2300854700854701
-49,50,2156.511122,0.18,0.24474418604651163
-16,50,2158.519485,0.12,0.16870549570932994
39,50,2160.40737,0.02,0.021449833654351252
17,50,2162.378913,0.06,0.09998831912159795
-71,50,2164.451953,0.22,0.2885805362835177
-38,50,2166.588413,0.16,0.23223620522749275
-5,50,2168.554849,0.1,0.15753669889008234
-27,50,2170.575873,0.14,0.24538949914340422
-71,50,2172.694336,0.22,0.3217061795569374
-27,50,2174.72265,0.14,0.2286
-49,50,2176.790028,0.18,0.2817955112219451
-5,50,2178.745218,0.1,0.1756054515148544
-71,50,2180.881714,0.22,0.304142235672404
-93,50,2183.046867,0.26,0.3087211999381475
6,50,2184.990942,0.08,0.11425772553210438
-27,50,2187.033566,0.14,0.20890479030013914
-27,50,2189.015266,0.14,0.19502314814814814
-5,50,2191.014322,0.1,0.15538323889054578
-71,50,2193.099296,0.22,0.3045332887253262
-16,50,2195.080589,0.12,0.17028835825828306
-71,50,2197.199514,0.22,0.3054505210735036
-60,50,2199.305421,0.2,0.2908496732026144
-5,50,2201.3306,0.1,0.15943361529974256
6,50,2203.333028,0.08,0.12303713282837613
-27,50,2205.381693,0.14,0.19312561819980217
-93,50,2207.545417,0.26,0.3549245024021963
-104,50,2209.652527,0.28,0.37415447538146923
-82,50,2211.81217,0.24,0.3208350388866148
-38,50,2213.858073,0.16,0.25754400670578376
-49,50,2215.912611,0.18,0.25671370050068276
-38,50,2217.927513,0.16,0.227245380318006
-38,50,2219.998601,0.16,0.24154542826861933
-115,50,2222.297288,0.3,0.35800718472301
-16,50,2224.326897,0.12,0.195703125
-71,50,2226.410008,0.22,0.2771317829457364
6,50,2228.436058,0.08,0.11107601600336912
-93,50,2230.573055,0.26,0.3418840833479251
-104,50,2232.800166,0.28,0.37342622125230823
-38,50,2234.902679,0.16,0.2354407658556043
-27,50,2236.992951,0.14,0.18745318352059925
-49,50,2239.063732,0.18,0.2652595550484883
-71,50,2241.291107,0.22,0.3421375236821576
-104,50,2243.505263,0.28,0.37818659658344284
-49,50,2245.642646,0.18,0.2809230468368045
-38,50,2247.722905,0.16,0.2281442069534905
39,50,2249.648057,0.02,0.034324942791762014
-38,50,2251.728474,0.16,0.2234762979683973
-5,50,2253.715523,0.1,0.1617358934169279
-16,50,2255.751465,0.12,0.16063265679283234
-16,50,2257.800198,0.12,0.18928673188336975
-38,50,2259.912296,0.16,0.23962316948045892
-16,50,2261.966042,0.12,0.17263812020584524
-16,50,2263.989105,0.12,0.17286867493601102
-5,50,2265.987292,0.1,0.1511269983119849
-16,50,2268.149295,0.12,0.23152107513744655
-5,50,2270.177866,0.1,0.13961233028776365
17,50,2272.224031,0.06,0.08195679796696315
-16,50,2274.277662,0.12,0.21764112903225807
-5,50,2276.32208,0.1,0.13754060324825987
-49,50,2278.436379,0.18,0.2433318946914113
-16,50,2280.512946,0.12,0.17201939793210724
-38,50,2282.773438,0.16,0.2457444727059284
-16,50,2284.853975,0.12,0.17769516728624535
-82,50,2287.102586,0.24,0.3581048348028292
-16,50,2289.157421,0.12,0.19219982471516214
6,50,2291.202033,0.08,0.08989672204759766
-71,50,2293.375614,0.22,0.32687326105727715
6,50,2295.3737,0.08,0.09919760162243188
-5,50,2297.427242,0.1,0.1579194001874414
-16,50,2299.536806,0.12,0.20574443141852286
-49,50,2301.615638,0.18,0.2407177627183354
6,50,2303.620118,0.08,0.1111963190184049
-38,50,2305.69047,0.16,0.20804411904535514
-71,50,2307.888728,0.22,0.26923770048657414
-27,50,2309.936324,0.14,0.16928288169200265
-27,50,2312.065717,0.14,0.21722265321955003
-38,50,2314.135166,0.16,0.23891603731674813
-27,50,2316.243753,0.14,0.17069904472814929
-60,50,2318.416995,0.2,0.2703424153166421
-71,50,2320.680465,0.22,0.3357022297237275
-27,50,2322.832407,0.14,0.15103127079174983
-16,50,2324.898917,0.12,0.16515426497277677
-38,50,2326.991189,0.16,0.2542264461299461
-104,50,2329.240604,0.28,0.3215576733486691
-49,50,2331.418905,0.18,0.2405414786532454
-27,50,2333.495013,0.14,0.17675566934893927
-5,50,2335.526077,0.1,0.16103650860260177
-82,50,2337.698617,0.24,0.32032609691307135
-60,50,2339.869144,0.2,0.2721251679784987
-82,50,2342.11377,0.24,0.3127314406630224
-38,50,2344.227952,0.16,0.22874349290599164
-49,50,2346.394367,0.18,0.2875580795043882
-49,50,2348.56911,0.18,0.26412686839227123
-60,50,2350.705342,0.2,0.30514018691588785
-16,50,2352.786876,0.12,0.18379554105492116
-93,50,2355.013961,0.26,0.36568302089873533
-38,50,2357.130461,0.16,0.23865580038233222
-27,50,2359.259402,0.14,0.22423533995714007
-5,50,2361.310901,0.1,0.16939515733751592
-38,50,2363.430025,0.16,0.215329425146557
-38,50,2365.54574,0.16,0.2552270327349525
-49,50,2367.72553,0.18,0.29315863172634526
-27,50,2369.801908,0.14,0.20214214395933558
-27,50,2371.917112,0.14,0.19392476362904848
-16,50,2374.021856,0.12,0.19718454582819564
-27,50,2376.106739,0.14,0.20835989436299063
-49,50,2378.27909,0.18,0.27031375703942073
-93,50,2380.51199,0.26,0.36396582966606267
-16,50,2382.661508,0.12,0.1882444078628837
-71,50,2384.900471,0.22,0.2932799287939475
-93,50,2387.177658,0.26,0.340751419046761
-27,50,2389.298256,0.14,0.18889857599535018
-38,50,2391.442946,0.16,0.21778761061946902
-5,50,2393.509709,0.1,0.1449012494961709
-27,50,2395.594173,0.14,0.22078831532613044
-5,50,2397.721434,0.1,0.13537234042553192
-49,50,2399.804963,0.18,0.2713104627957807
-71,50,2402.063579,0.22,0.30930175979239316
-60,50,2404.248605,0.2,0.33476206176502915
-60,50,2406.406845,0.2,0.2741485203796762
-5,50,2408.545546,0.1,0.15503270526213023
-16,50,2410.622467,0.12,0.16301276429893793
-60,50,2412.818024,0.2,0.2422332682407243
-49,50,2414.996413,0.18,0.2505982905982906
-49,50,2417.141773,0.18,0.23214576216040345
-104,50,2419.410427,0.28,0.3695776801070132
-60,50,2421.693952,0.2,0.28195558872924054
-49,50,2423.913118,0.18,0.2780609791285948
-71,50,2426.110824,0.22,0.3060398505603985
-82,50,2428.348289,0.24,0.33310187481400655
-49,50,2430.541999,0.18,0.2841670388566324
-104,50,2433.431386,0.28,0.40229663224934864
-16,50,2437.279978,0.12,0.16956438670233093
-16,50,2439.379972,0.12,0.1417897629680522
-104,50,2441.641218,0.28,0.4309397499052671
-49,50,2444.009372,0.18,0.2551105355656276
-49,50,2446.18671,0.18,0.2485201712048083
-38,50,2448.365517,0.16,0.20697612496671697
-60,50,2450.619518,0.2,0.31400535236396077
-60,50,2452.877519,0.2,0.27442023893183415
-60,50,2455.086404,0.2,0.2713397399660825
-16,50,2457.187243,0.12,0.14062052505966588
-104,50,2459.422887,0.28,0.38491096532333646
-27,50,2461.582783,0.14,0.22620633131851245
-71,50,2463.844429,0.22,0.31300919842312747
-60,50,2466.112066,0.2,0.31271878646441076
-82,50,2468.396374,0.24,0.30945700610661825
-49,50,2470.545191,0.18,0.2787542399013259
-38,50,2472.686132,0.16,0.2199221346500807
-49,50,2474.845946,0.18,0.2712804656238632
-71,50,2477.074709,0.22,0.3060892840072651
-38,50,2479.218894,0.16,0.20886836027713626
-27,50,2481.383693,0.14,0.1773439648061589
-38,50,2483.571076,0.16,0.22135960983378122
-71,50,2485.737011,0.22,0.30069659442724456
-60,50,2487.957475,0.2,0.24759503128794247
-38,50,2490.078901,0.16,0.22602860674554123
-16,50,2492.228928,0.12,0.2051676407259305
-27,50,2494.32103,0.14,0.1779165827120693
-38,50,2496.486606,0.16,0.23596718480138168
-60,50,2498.665968,0.2,0.26044624746450307
-82,50,2500.897372,0.24,0.3188749885855173
-5,50,2503.009841,0.1,0.13916800643086816
-16,50,2505.115322,0.12,0.1598678095631519
-71,50,2507.376926,0.22,0.284160254709472
-104,50,2509.666241,0.28,0.34481090234658496
-49,50,2511.889098,0.18,0.23056398932744504
-93,50,2514.16784,0.26,0.3538783685360524
-5,50,2516.25015,0.1,0.14549562825424894
17,50,2518.280338,0.06,0.06987690079652426
-82,50,2520.470234,0.24,0.34169004207573633
-71,50,2522.717,0.22,0.2767662774589353
-38,50,2524.863325,0.16,0.2431561996779388
-60,50,2527.109308,0.2,0.2743117626027887
-27,50,2529.355963,0.14,0.21490340386384543
-49,50,2531.510531,0.18,0.2598695502917954
-27,50,2533.664278,0.14,0.1618745172088233
-27,50,2535.809363,0.14,0.21944021325209445
-27,50,2537.954952,0.14,0.19614087673285874
-49,50,2540.126899,0.18,0.28187851971037814
-60,50,2542.357833,0.2,0.26220990647731207
-82,50,2544.606003,0.24,0.3319464839288628
-16,50,2546.73355,0.12,0.1721771075019335
-71,50,2549.013067,0.22,0.28108356290174474
-82,50,2551.204466,0.24,0.2982994803967879
17,50,2553.317549,0.06,0.0953340402969247
6,50,2555.368958,0.08,0.12139530274502032
17,50,2557.46652,0.06,0.0972667093743327
-49,50,2559.655696,0.18,0.2617199017199017
6,50,2561.705844,0.08,0.11087622872846423
6,50,2563.795364,0.08,0.10755582137161085
-27,50,2565.889643,0.14,0.22923076923076924
-60,50,2568.167755,0.2,0.3038524669305784
-104,50,2570.486613,0.28,0.35555555555555557
-27,50,2572.629974,0.14,0.19869676945668135
-27,50,2574.857246,0.14,0.2263553620894341
-16,50,2576.966939,0.12,0.17458279845956354
-137,50,2579.335596,0.34,0.41437241621954435
-93,50,2581.559012,0.26,0.3225563909774436
-82,50,2583.852539,0.24,0.28521063098897126
-5,50,2585.977257,0.1,0.1523781561949501
-27,50,2588.150149,0.14,0.20119927187064995
-104,50,2590.471439,0.28,0.35520963704630787
-60,50,2592.739949,0.2,0.3113295880149813
-148,50,2595.201849,0.36,0.4540335979324349
-60,50,2597.479919,0.2,0.27078292848156393
-115,50,2599.790104,0.3,0.3413112964839791
-27,50,2601.964049,0.14,0.22966757265314655
-82,50,2604.260427,0.24,0.3447811447811448
-16,50,2606.558488,0.12,0.18036324402085957
-27,50,2608.675247,0.14,0.19836552748885586
-5,50,2610.804261,0.1,0.16116803278688524
-38,50,2613.008551,0.16,0.24340591255089397
-60,50,2615.228013,0.2,0.2986034546122749
-60,50,2617.512148,0.2,0.2701342281879195
-38,50,2619.742426,0.16,0.22531359049325664
-16,50,2621.935695,0.12,0.21442825783276792
-60,50,2624.194096,0.2,0.2659078687936906
-38,50,2626.36351,0.16,0.2467053727767026
-27,50,2628.616875,0.14,0.2090767682313112
-71,50,2630.928375,0.22,0.31509331400616053
-82,50,2633.278872,0.24,0.33520996769727734
-16,50,2635.522376,0.12,0.16951393125889772
-60,50,2637.792726,0.2,0.28409469823274425
6,50,2639.872006,0.08,0.13357926414911173
-93,50,2642.248846,0.26,0.3678274102587056
-60,50,2644.579677,0.2,0.2848582129481006
-38,50,2646.801631,0.16,0.26828531130364697
-16,50,2648.946845,0.12,0.1490430414826362
-38,50,2651.180822,0.16,0.26349726775956284
-27,50,2653.390835,0.14,0.20277379244380678
-27,50,2655.594663,0.14,0.2393254783266674
-5,50,2657.753601,0.1,0.145856767904012
-38,50,2659.970654,0.16,0.25582615998320385
-5,50,2662.066362,0.1,0.15699057351775175
-27,50,2664.256774,0.14,0.20754550273899983
-16,50,2666.454004,0.12,0.17406474122892032
-93,50,2668.716649,0.26,0.3243223226188713
-16,50,2670.815749,0.12,0.1694060515502428
-16,50,2673.012369,0.12,0.18186003683241253
-60,50,2675.236821,0.2,0.3049538519495197
-71,50,2677.576929,0.22,0.3214346277768357
-5,50,2679.741363,0.1,0.1468701399688958
-71,50,2682.030675,0.22,0.32022051952906
-60,50,2684.329036,0.2,0.3274807654369698
-27,50,2686.550764,0.14,0.21658306285039836
-27,50,2688.741065,0.14,0.17939207526687173
-27,50,2690.910378,0.14,0.19646404449741756
-60,50,2693.141893,0.2,0.279737635171069
-49,50,2695.409532,0.18,0.2886100386100386
17,50,2697.543667,0.06,0.0671569915068733
-60,50,2699.847118,0.2,0.291439341335185
-49,50,2702.082696,0.18,0.27556845670053215
-49,50,2704.379492,0.18,0.25191055759977354
-16,50,2706.601085,0.12,0.1687378640776699
-27,50,2708.813285,0.14,0.2007251153592617
-27,50,2710.961977,0.14,0.1834314404432133
-27,50,2713.194647,0.14,0.1851700541313451
17,50,2715.319241,0.06,0.10384878159872467
-27,50,2717.548876,0.14,0.20123333635621657
-27,50,2719.709801,0.14,0.21164422529869145
-27,50,2721.901754,0.14,0.22492401215805471
-27,50,2724.082135,0.14,0.20517492711370264
-49,50,2726.383084,0.18,0.27822429906542057
-16,50,2728.51368,0.12,0.1608559964333482
-49,50,2730.760951,0.18,0.2532278596108383
-38,50,2732.98968,0.16,0.24091246290801188
-27,50,2735.157725,0.14,0.15704278682317305
-5,50,2737.347829,0.1,0.16184511382841238
6,50,2739.505658,0.08,0.11462681582901987
-27,50,2741.712952,0.14,0.19261165226980334
-27,50,2743.969824,0.14,0.21330210772833724
6,50,2746.067849,0.08,0.08811924594476107
-82,50,2749.204224,0.24,0.3829504849412966
-49,50,2753.070276,0.18,0.2617877298379756
-38,50,2755.328652,0.16,0.21534405963094264
-27,50,2757.599056,0.14,0.23148671565856416
6,50,2759.75509,0.08,0.12248803827751197
6,50,2761.863336,0.08,0.12473416551086454
-49,50,2764.165769,0.18,0.2436040044493882
-27,50,2766.389194,0.14,0.1997289972899729
-38,50,2768.750129,0.16,0.25189947399181767
6,50,2770.847437,0.08,0.11632423591945211
-60,50,2773.154122,0.2,0.3143727780599289
-38,50,2775.347526,0.16,0.20438753226126663
-126,50,2777.762433,0.32,0.4025679758308157
-16,50,2779.964723,0.12,0.19192353130705617
17,50,2782.092875,0.06,0.09410153575271447
6,50,2784.207429,0.08,0.11747258673377674
-71,50,2786.561913,0.22,0.3045812455261274
-82,50,2789.035944,0.24,0.30443068127679845
-49,50,2791.282814,0.18,0.27934083601286175
-49,50,2793.563191,0.18,0.22849695916594265
-38,50,2795.774487,0.16,0.26593406593406593
-71,50,2798.101778,0.22,0.30590432707274046
-16,50,2800.327197,0.12,0.1689050550270472
-16,50,2802.573959,0.12,0.18872478038420698
-49,50,2804.908785,0.18,0.24613284804367608
-71,50,2809.357741,0.22,0.34097986298526056
-49,50,2811.678109,0.18,0.24293034731448093
-60,50,2813.999509,0.2,0.2659611684449886
28,50,2818.982774,0.04,0.07447050785698019
-16,50,2821.214525,0.12,0.19834792993630573
-49,50,2823.571985,0.18,0.2060517493337918
-49,50,2825.899802,0.18,0.23391370174110523
-82,50,2828.218739,0.24,0.28642328398384925
17,50,2830.347868,0.06,0.10183759367621394
-27,50,2832.66766,0.14,0.21700999388129716
-16,50,2834.882994,0.12,0.21106070425577877
-27,50,2837.159045,0.14,0.22753346080305928
-27,50,2839.439249,0.14,0.22322503008423586
-5,50,2841.617401,0.1,0.1595837790528056
-16,50,2843.795063,0.12,0.17389172224401725
-60,50,2846.077688,0.2,0.2434719030708168
-49,50,2848.316401,0.18,0.2657175616281292
-16,50,2850.517462,0.12,0.13923819938035356
-27,50,2852.807996,0.14,0.224283820980732
-60,50,2855.100946,0.2,0.2773053665910809
-16,50,2857.333041,0.12,0.16338641083967956
-5,50,2859.636939,0.1,0.1456501619620546
-16,50,2861.841527,0.12,0.17343555739743058
-16,50,2864.134863,0.12,0.19147430795082693
-60,50,2866.442753,0.2,0.2622021436796882
6,50,2868.665115,0.08,0.1480796431291481
6,50,2870.828725,0.08,0.12657589510842157
-5,50,2873.020106,0.1,0.16539050535987748
-16,50,2875.269816,0.12,0.1652480187848547
-49,50,2877.609293,0.18,0.26063313264711596
-60,50,2879.912766,0.2,0.28197119555786915
-38,50,2882.244101,0.16,0.200339558573854
17,50,2884.488698,0.06,0.09841982052282482
-93,50,2886.864999,0.26,0.32901970735008035
-104,50,2889.2919,0.28,0.3412005203493774
-49,50,2891.559623,0.18,0.22925841113264048
-49,50,2893.90353,0.18,0.29201700519603213
-27,50,2896.159067,0.14,0.22591047040971168
-93,50,2898.522912,0.26,0.3726120499632623
-60,50,2901.559539,0.2,0.2635529608006672
-49,50,2904.193107,0.18,0.28074314361545266
-27,50,2906.482421,0.14,0.222015503875969
-27,50,2908.703038,0.14,0.20365921271484014
-16,50,2910.943785,0.12,0.1672872835598585
-16,50,2913.260264,0.12,0.17975817286162113
-49,50,2915.585334,0.18,0.24178636288591712
-60,50,2917.968786,0.2,0.2840466926070039
-38,50,2920.229475,0.16,0.21004298554122705
-27,50,2922.459818,0.14,0.1766091791537084
-60,50,2924.823403,0.2,0.2695144964831017
-16,50,2927.07322,0.12,0.2022535744721144
-38,50,2929.461751,0.16,0.24545362186325306
-16,50,2931.688051,0.12,0.16622578718320677
-60,50,2934.076372,0.2,0.28370098039215685
-60,50,2936.414699,0.2,0.260938943478626
-49,50,2938.726266,0.18,0.26087717762409174
-82,50,2941.113383,0.24,0.3006541886243867
-5,50,2943.47991,0.1,0.17130257801899593
-27,50,2945.745925,0.14,0.17639219419324131
-16,50,2948.075382,0.12,0.1702341473218772
-60,50,2950.416458,0.2,0.31539961013645224
-82,50,2952.862869,0.24,0.350397517936785
-60,50,2955.172926,0.2,0.23280472928591536
-104,50,2957.599969,0.28,0.39753021544929057
-16,50,2959.887122,0.12,0.17094679717026845
-49,50,2962.216102,0.18,0.27367083245075197
-71,50,2964.564432,0.22,0.327054180121995
-38,50,2966.870476,0.16,0.2511954420592125
-16,50,2969.113655,0.12,0.17380502832157407
28,50,2971.247983,0.04,0.06822873658133774
-49,50,2973.659413,0.18,0.24696802646085997
-60,50,2976.008015,0.2,0.2444114646136722
-49,50,2978.330887,0.18,0.27422896973169103
-38,50,2980.651417,0.16,0.21599428775437343
-5,50,2982.861806,0.1,0.14647609659931002
-27,50,2985.122896,0.14,0.19588567267431276
-71,50,2987.501149,0.22,0.3131286853971557
-27,50,2989.840729,0.14,0.18819822400458322
-16,50,2992.082591,0.12,0.17735451761102602
-49,50,2994.437608,0.18,0.30381664930391133
-16,50,2996.660148,0.12,0.1670848434160394
-93,50,2999.066128,0.26,0.34094494727227437
-16,50,3001.334673,0.12,0.1874935825033371
-5,50,3003.637593,0.1,0.12808141065005701
-27,50,3005.932765,0.14,0.20075451360819185
-38,50,3008.24525,0.16,0.243867790510465
-27,50,3010.495162,0.14,0.20520257409589412
-16,50,3012.837218,0.12,0.16770129633010772
17,50,3015.04138,0.06,0.10306190370534724
-5,50,3017.303706,0.1,0.15452746631489683
-71,50,3019.811506,0.22,0.28916203122196305
-71,50,3022.223473,0.22,0.3123947457056248
-5,50,3024.46278,0.1,0.1600441501103753
-27,50,3026.758489,0.14,0.22269616109512946
-71,50,3029.120541,0.22,0.30053519967064635
-27,50,3031.441843,0.14,0.21181059506531205
-38,50,3033.767434,0.16,0.20163170163170163
-27,50,3036.049611,0.14,0.210727969348659
-5,50,3038.274754,0.1,0.1592257562493921
-38,50,3040.624807,0.16,0.2311847646951108
28,50,3042.772015,0.04,0.04377218184890992
-27,50,3045.088956,0.14,0.16942542681341538
-38,50,3047.363222,0.16,0.2550925060736311
-27,50,3049.70214,0.14,0.24230171073094867
-60,50,3052.089039,0.2,0.2634146341463415
-27,50,3054.414499,0.14,0.21792755171409148
-27,50,3056.686963,0.14,0.22174958387275753
-71,50,3059.085664,0.22,0.28463643147334383
-71,50,3063.638373,0.22,0.2976568005637773
-71,50,3066.268264,0.22,0.34495395602330386
-27,50,3068.559199,0.14,0.20170255383074612
-5,50,3070.778446,0.1,0.11880725369227893
-5,50,3073.047947,0.1,0.13293424553401748
-5,50,3075.323112,0.1,0.1766980146290491
-16,50,3077.584213,0.12,0.1971213313842348
-71,50,3080.034851,0.22,0.30239852398523986
-16,50,3082.304619,0.12,0.14015639769700095
-49,50,3084.678776,0.18,0.25506832187192996
-16,50,3087.004252,0.12,0.20335183603757473
-38,50,3089.349619,0.16,0.25019716088328076
28,50,3091.599846,0.04,0.0723433375696549
-5,50,3093.889148,0.1,0.1643612693246542
17,50,3096.138112,0.06,0.09017431103320674
-60,50,3098.546625,0.2,0.304837446141794
-5,50,3100.807149,0.1,0.14367981572127844
-5,50,3103.056296,0.1,0.13800738007380073
-5,50,3105.30725,0.1,0.16019939399863162
-49,50,3107.684132,0.18,0.24608462403737993
-49,50,3110.095898,0.18,0.2379484544909667
-104,50,3112.60322,0.28,0.3397182614671019
-49,50,3114.959831,0.18,0.2772249604761462
-82,50,3117.399111,0.24,0.2771096214511041
-27,50,3119.757126,0.14,0.21508157580580978
-27,50,3122.042206,0.14,0.19031892809964143
-5,50,3124.33254,0.1,0.13875344498622005
-27,50,3126.729475,0.14,0.22887214941698483
6,50,3129.016996,0.08,0.08835294117647059
-49,50,3131.393548,0.18,0.28667974711140176
-38,50,3133.736995,0.16,0.2280798096284093
-27,50,3136.082093,0.14,0.20439844760672704
6,50,3138.356159,0.08,0.13089005235602094
17,50,3140.568721,0.06,0.08485627697676554
-82,50,3142.975598,0.24,0.3327478532396565
-71,50,3145.393694,0.22,0.3184307388454978
-27,50,3147.710349,0.14,0.22662610718439652
6,50,3149.904598,0.08,0.11478617348364856
-60,50,3152.279055,0.2,0.2992633517495396
-38,50,3154.660807,0.16,0.24076580932121447
-60,50,3157.085457,0.2,0.26649004202448384
-49,50,3159.49494,0.18,0.2650787900742619
-27,50,3161.84763,0.14,0.15124858115777526
-27,50,3164.163112,0.14,0.1977293369663942
-49,50,3166.518494,0.18,0.2656767237302563
-49,50,3168.906142,0.18,0.21999836614655666
-60,50,3171.35416,0.2,0.32897373694757936
-49,50,3173.767412,0.18,0.23499756057895593
-5,50,3176.057438,0.1,0.138013698630137
17,50,3178.395255,0.06,0.09140930067447639
-49,50,3180.732863,0.18,0.21557679568467872
-49,50,3183.180316,0.18,0.2310154721678819
-27,50,3185.556699,0.14,0.206469052945563
-60,50,3188.061037,0.2,0.32128797819723426
-49,50,3190.45999,0.18,0.26925114800423877
6,50,3192.72573,0.08,0.11084135621598995
-16,50,3195.067265,0.12,0.16417233560090702
-38,50,3197.416605,0.16,0.24824833702882484
-5,50,3199.791866,0.1,0.15977641847711455
-38,50,3202.129776,0.16,0.2200726612170754
-93,50,3204.63479,0.26,0.30511728858836296
-60,50,3207.039176,0.2,0.22948394395613958
-27,50,3209.335094,0.14,0.22779542218815027
-49,50,3211.720056,0.18,0.25102468348665635
-49,50,3214.113716,0.18,0.24848867635116845
-71,50,3216.577004,0.22,0.29084909026043526
-49,50,3219.01301,0.18,0.27107689383138484
-104,50,3221.591555,0.28,0.4146604032100215
-71,50,3224.024457,0.22,0.307945807396558
-5,50,3226.280993,0.1,0.1424581005586592
-71,50,3228.672408,0.22,0.2835706776259199
-115,50,3231.213225,0.3,0.4163982940203673
-38,50,3233.531712,0.16,0.19728506787330316
-60,50,3235.947676,0.2,0.2531898685964578
-93,50,3238.425359,0.26,0.3226334454851323
6,50,3240.671452,0.08,0.12285089090340731
-60,50,3243.103839,0.2,0.2709227467811159
-38,50,3245.527909,0.16,0.2706350747718004
-16,50,3247.894842,0.12,0.1612721114038389
-49,50,3250.322551,0.18,0.2622879132412104
-49,50,3252.842577,0.18,0.2496013507175687
-27,50,3255.212944,0.14,0.16942847480554615
-82,50,3257.723106,0.24,0.3771559633027523
-16,50,3260.144135,0.12,0.2005425305173416
-27,50,3262.508956,0.14,0.21084224348152317
-60,50,3264.981758,0.2,0.28875950793501737
-16,50,3267.347094,0.12,0.16589361492154348
-16,50,3269.727997,0.12,0.17381642512077294
-38,50,3272.092433,0.16,0.2297982042848253
6,50,3274.413027,0.08,0.1219855494041475
-27,50,3276.690738,0.14,0.20287586814046757
-27,50,3279.130072,0.14,0.20580645161290323
-27,50,3281.463135,0.14,0.18820902188476998
-49,50,3283.875466,0.18,0.22203341829510054
-60,50,3286.236842,0.2,0.28254753175888825
6,50,3288.570251,0.08,0.12479402394814897
-27,50,3290.989939,0.14,0.19785202863961815
-16,50,3293.376957,0.12,0.16349163759949914
-49,50,3295.741542,0.18,0.27205949866862544
-60,50,3298.178398,0.2,0.2717271727172717
-49,50,3300.550343,0.18,0.25327433628318585
-71,50,3303.045992,0.22,0.3191646645721678
-49,50,3305.498812,0.18,0.2518731988472622
-126,50,3308.075882,0.32,0.48385899814471245
-82,50,3310.652502,0.24,0.31809987380566074
-27,50,3313.062738,0.14,0.2221395941782641
17,50,3315.334915,0.06,0.08535895986433013
-16,50,3317.702058,0.12,0.2057750443031377
-5,50,3320.050573,0.1,0.1469246212812557
-71,50,3322.556561,0.22,0.30646705544433805
17,50,3324.790269,0.06,0.08514905643176224
-82,50,3327.281705,0.24,0.32921923569208267
-27,50,3329.630722,0.14,0.18669527896995708
-38,50,3332.047853,0.16,0.23811866574830268
-38,50,3334.573777,0.16,0.21329005155623448
-49,50,3337.005398,0.18,0.25675052990507785
-16,50,3339.427127,0.12,0.17572668931672328
-38,50,3341.883494,0.16,0.18185805772436178
-49,50,3344.320389,0.18,0.2494667614646285
-16,50,3346.682567,0.12,0.19912335629304947
-27,50,3349.077018,0.14,0.22559101028304887
-38,50,3351.522686,0.16,0.2395289298515105
-38,50,3353.947036,0.16,0.22957383926017733
-82,50,3356.445913,0.24,0.3271464019851117
-93,50,3358.99612,0.26,0.3810035842293907
-60,50,3362.890447,0.2,0.3095661950716762
-71,50,3366.43215,0.22,0.27729090444992766
-82,50,3368.930081,0.24,0.32174767691208006
-27,50,3371.395971,0.14,0.21420041255021172
17,50,3373.630647,0.06,0.07114702404414663
-82,50,3376.134639,0.24,0.28969886457133454
-38,50,3378.631246,0.16,0.23174171977849756
-60,50,3381.064825,0.2,0.277710843373494
-71,50,3383.549503,0.22,0.29826578518731434
-38,50,3385.930064,0.16,0.21018586005830903
-71,50,3388.481934,0.22,0.33921200750469044
-49,50,3390.87908,0.18,0.22220226333752469
-16,50,3393.250811,0.12,0.20154247476465917
-82,50,3395.756498,0.24,0.32680736416704087
-16,50,3398.134073,0.12,0.16866114350005115
6,50,3400.433409,0.08,0.11123676364757891
-16,50,3402.850993,0.12,0.1987405781891041
-38,50,3405.23889,0.16,0.2636394830149834
-38,50,3407.647869,0.16,0.23547457469554708
-27,50,3410.068136,0.14,0.21509073543457496
-60,50,3412.58673,0.2,0.3064433254547323
-27,50,3415.083626,0.14,0.19231414666890417
17,50,3417.35611,0.06,0.08455430041382396
-5,50,3419.708747,0.1,0.14868200217198144
-27,50,3422.105789,0.14,0.21097607292062287
-71,50,3424.655564,0.22,0.25798212005108556
-93,50,3427.240664,0.26,0.3442748824263365
-60,50,3429.782065,0.2,0.263470757430489
-16,50,3432.141548,0.12,0.16188065803562737
-38,50,3434.630251,0.16,0.23645833333333333
-60,50,3437.11336,0.2,0.278478731074261
-38,50,3439.699282,0.16,0.2477529872052448
-71,50,3442.21285,0.22,0.30544199145998
-49,50,3444.653911,0.18,0.26100151745068284
-38,50,3447.094821,0.16,0.22525491811721082
-60,50,3449.572784,0.2,0.2405074214704867
