#{"t_start": 1679178986.839157, "env_id": "DeepRMSA-v2"}
r,l,t,episode_service_blocking_rate,episode_bit_rate_blocking_rate
90,50,0.658972,0.0,0.0
138,50,1.299954,0.0,0.0
154,50,1.788838,0.0,0.0
174,50,2.270233,0.0,0.0
170,50,2.769659,0.0,0.0
166,50,3.240119,0.0,0.0
182,50,3.755565,0.0,0.0
186,50,4.240097,0.0,0.0
182,50,4.763049,0.0,0.0
194,50,5.254498,0.0,0.0
178,50,5.778319,0.0,0.0
194,50,6.295501,0.0,0.0
214,50,6.820072,0.0,0.0
166,50,7.336701,0.0,0.0
170,50,7.891457,0.0,0.0
198,50,8.42118,0.0,0.0
154,50,8.982053,0.0,0.0
182,50,9.540409,0.0,0.0
174,50,10.148067,0.0,0.0
202,50,10.717676,0.0,0.0
190,50,11.408689,0.0,0.0
210,50,12.265638,0.0,0.0
200,50,13.157511,0.02,0.027267960146827478
158,50,13.8811,0.04,0.036393957229742986
168,50,14.470678,0.14,0.1504432624113475
188,50,15.081666,0.02,0.021576440859169987
136,50,15.707892,0.14,0.15851172273190622
194,50,16.288575,0.08,0.08204981935729226
184,50,16.926153,0.06,0.07496630727762803
204,50,17.526631,0.06,0.050951449404232615
140,50,18.128596,0.18,0.22415719873346993
204,50,18.737638,0.06,0.05906570324315241
182,50,19.379326,0.08,0.08972953216374269
196,50,20.002742,0.06,0.08022492970946579
148,50,20.668707,0.18,0.17434183033848724
168,50,21.273366,0.18,0.21613592052734193
208,50,21.937349,0.02,0.03732750918296436
194,50,22.554108,0.08,0.08807460437076112
186,50,23.200349,0.16,0.13854642641607035
138,50,24.007384,0.2,0.1978533434650456
140,50,24.944016,0.3,0.3780900778868947
150,50,26.493839,0.2,0.24714063500777747
156,50,27.115195,0.26,0.2366713433882848
168,50,27.837057,0.14,0.1528756957328386
178,50,28.487131,0.12,0.11700680272108843
156,50,29.092736,0.22,0.2551175471529454
148,50,29.756059,0.18,0.23563814734459013
174,50,30.39161,0.2,0.20841665942091991
204,50,31.096572,0.14,0.17930962123596683
142,50,31.760653,0.16,0.17734915924826905
178,50,32.446934,0.16,0.23658137330920995
150,50,33.080792,0.16,0.14476154712730005
180,50,33.772739,0.14,0.16714697406340057
152,50,34.395427,0.26,0.2723381487426431
146,50,35.066827,0.24,0.2969436310395315
170,50,35.893942,0.2,0.1642217565250524
108,50,37.621259,0.38,0.41316872427983536
152,50,39.062886,0.22,0.2497211018621814
192,50,39.790699,0.1,0.11149312377210216
196,50,40.500273,0.06,0.05561885033661315
152,50,41.208361,0.18,0.23558849003945723
186,50,41.898304,0.08,0.13874204337037438
162,50,42.607631,0.16,0.1650962309542903
154,50,43.275228,0.2,0.28103175342210635
134,50,43.980256,0.24,0.3197252587791429
150,50,44.645245,0.24,0.32444590739521617
150,50,45.39405,0.2,0.25434439178515006
142,50,46.066698,0.24,0.21937670652480934
162,50,46.788976,0.2,0.2742039586919105
180,50,47.487147,0.18,0.17412171242081015
178,50,48.242908,0.12,0.18271774272558047
134,50,49.023639,0.32,0.3170731707317073
146,50,50.130688,0.28,0.38052620228596074
146,50,51.232947,0.28,0.37762808736476833
184,50,51.976944,0.14,0.1463985945734921
174,50,52.682391,0.2,0.21617573639540688
142,50,53.399951,0.32,0.3453964874933475
166,50,54.109021,0.16,0.19276042127621915
136,50,54.832952,0.26,0.2949923855594374
152,50,55.535897,0.22,0.32409294741133304
102,50,56.263688,0.4,0.42059721750933154
130,50,56.993087,0.24,0.3029551560239719
110,50,57.691855,0.4,0.4222065063649222
130,50,58.424572,0.28,0.3698065023082212
120,50,59.129552,0.38,0.4585213147960593
142,50,59.840733,0.28,0.3721485411140584
160,50,60.59395,0.22,0.2445141065830721
146,50,61.369849,0.28,0.39511698880976603
148,50,62.59541,0.22,0.29035079195413466
156,50,63.757323,0.22,0.2862468513853904
112,50,64.500843,0.34,0.3905685323931247
138,50,65.224967,0.24,0.3025279734769996
128,50,65.999563,0.3,0.3396579369321219
104,50,66.69065,0.38,0.4205541915117503
104,50,67.412683,0.34,0.4050179211469534
120,50,68.133595,0.34,0.3952610794207986
112,50,68.894716,0.3,0.3860419279698979
86,50,69.583731,0.48,0.6217791131749066
100,50,70.321418,0.42,0.5419261666215363
130,50,71.063164,0.24,0.2638198029094322
112,50,71.844753,0.38,0.4549401673197077
126,50,72.753191,0.32,0.44930435573338184
130,50,73.527864,0.28,0.3046958377801494
130,50,74.653041,0.32,0.3604207958530264
104,50,75.898657,0.38,0.4130849220103986
126,50,76.785727,0.24,0.2612253247417408
156,50,77.59285,0.26,0.3353519309043979
144,50,78.397265,0.22,0.25835333210263983
118,50,79.195568,0.32,0.32974100469320355
110,50,79.974156,0.32,0.45139675349188374
124,50,80.793814,0.3,0.3956409309198375
130,50,81.572479,0.32,0.3544556250566585
112,50,82.416874,0.3,0.38425705865576576
132,50,83.194641,0.22,0.2793939393939394
112,50,84.044296,0.34,0.4392393780330791
104,50,84.839956,0.38,0.4513309495431069
128,50,85.697425,0.3,0.3981577134986226
140,50,86.741269,0.26,0.3051965415812461
116,50,88.123071,0.26,0.3108935128518972
142,50,89.168238,0.24,0.28423697690151734
132,50,89.965219,0.34,0.43907232704402516
132,50,90.777844,0.3,0.3020527859237537
136,50,91.616963,0.3,0.3913814009887137
140,50,92.428776,0.26,0.33987741811913424
128,50,93.253198,0.3,0.33936112615051434
100,50,94.047534,0.42,0.47879008084294666
164,50,94.921435,0.14,0.1978706535281459
132,50,95.749897,0.26,0.2881593714927048
114,50,96.612781,0.32,0.3789131444496052
138,50,97.442271,0.2,0.21744015210439893
108,50,98.28653,0.38,0.46262956901254776
126,50,99.389692,0.28,0.3460260440053884
112,50,100.761455,0.38,0.45936575052854123
146,50,101.729576,0.24,0.3231001957643709
108,50,102.595693,0.3,0.3272434683831882
124,50,103.406859,0.3,0.3281897965088244
140,50,104.277734,0.26,0.3152013298854821
92,50,105.110924,0.42,0.46040499005604774
94,50,105.92646,0.48,0.5600750938673341
136,50,106.778141,0.22,0.30357811914574745
78,50,108.118334,0.48,0.5974366443344014
102,50,109.419234,0.36,0.47341176470588237
140,50,110.300938,0.3,0.3629032258064516
120,50,111.192937,0.3,0.3504470458106738
114,50,112.646447,0.32,0.40489759572573464
120,50,113.825791,0.38,0.47798676053378164
140,50,114.710894,0.3,0.34047443913203385
140,50,115.605866,0.26,0.3794011508826685
134,50,116.519688,0.28,0.3529040972534894
158,50,117.381032,0.24,0.2810399717014503
162,50,118.307791,0.24,0.3115482233502538
166,50,119.272846,0.2,0.19954389965792474
150,50,120.185855,0.24,0.2819134641225477
132,50,121.044246,0.22,0.2610460289641177
132,50,121.912685,0.22,0.24540253371475276
134,50,122.770941,0.28,0.3524911927528938
126,50,123.689058,0.32,0.4176476407161935
126,50,125.123813,0.28,0.33941216412843145
122,50,126.418145,0.32,0.42432517592689845
120,50,127.270464,0.34,0.43761712200414243
100,50,128.171439,0.34,0.410099534289106
112,50,129.042622,0.38,0.44309588273737277
124,50,129.963828,0.34,0.4293666026871401
150,50,130.847522,0.2,0.28285305538524425
102,50,131.756892,0.36,0.4224965706447188
136,50,132.632795,0.26,0.29134412385643915
136,50,133.542566,0.22,0.2905807711078575
138,50,134.407079,0.28,0.3448449287510478
124,50,135.339436,0.3,0.36131120158680446
132,50,136.38452,0.34,0.4507936507936508
130,50,137.94178,0.32,0.3546931407942238
126,50,139.05053,0.32,0.42113803548247514
116,50,140.004924,0.34,0.4274521183981428
108,50,140.891633,0.38,0.4883613947925292
98,50,141.830361,0.36,0.3941060903732809
152,50,142.746176,0.22,0.30566720257234725
136,50,143.719484,0.3,0.33991704523010075
140,50,144.687895,0.3,0.3764551257979722
120,50,145.65251,0.3,0.3680851063829787
110,50,146.57803,0.36,0.398759010858655
110,50,147.518028,0.36,0.40479250826294527
114,50,148.438095,0.36,0.4282292065925642
112,50,150.077486,0.34,0.3951456310679612
138,50,151.351018,0.28,0.331266318537859
128,50,152.293562,0.26,0.3556090708408589
106,50,153.218693,0.32,0.3584097859327217
110,50,154.175168,0.36,0.44157580744702735
110,50,155.115685,0.32,0.4190185858983184
122,50,156.089944,0.32,0.40175557056043215
134,50,157.024664,0.32,0.4288716116831267
134,50,157.988295,0.24,0.277841233580811
130,50,158.933885,0.32,0.4510050251256281
166,50,159.93073,0.16,0.18955690384261814
96,50,160.851007,0.38,0.40505050505050505
138,50,162.428339,0.28,0.36785467469641625
132,50,163.829951,0.26,0.296082599453386
134,50,164.821733,0.24,0.30783132530120483
150,50,165.812553,0.2,0.2994118196246849
162,50,166.814264,0.2,0.20934563616354862
144,50,167.764555,0.26,0.3386079118678017
152,50,168.785545,0.22,0.30652774067147565
156,50,169.753417,0.22,0.32340288234028824
118,50,170.718535,0.36,0.4396116504854369
122,50,171.642749,0.32,0.409829758584207
138,50,172.619673,0.24,0.28555555555555556
118,50,173.649925,0.32,0.41319890009165905
160,50,175.354398,0.18,0.25101214574898784
124,50,176.563059,0.3,0.3880168776371308
126,50,177.546888,0.32,0.41300545323592963
144,50,178.508497,0.26,0.26604068857589985
132,50,179.496335,0.26,0.36526586620926244
116,50,180.488708,0.34,0.4076585560430794
114,50,181.497663,0.32,0.4068890302644733
134,50,182.515561,0.28,0.3946390924605963
78,50,183.506389,0.4,0.4954327968682036
124,50,184.507763,0.3,0.3555317907835893
124,50,185.529452,0.3,0.33676642052079286
120,50,186.896314,0.34,0.3996740311481347
120,50,188.537905,0.26,0.3316953316953317
108,50,189.516193,0.34,0.4391374663072776
144,50,190.526704,0.26,0.3682687338501292
116,50,191.509374,0.34,0.40512682620776197
126,50,192.526582,0.32,0.4223982354120714
142,50,193.491569,0.28,0.36577181208053694
138,50,194.536969,0.24,0.30952578689477617
102,50,195.548262,0.36,0.38661087866108784
88,50,196.559951,0.42,0.45433122054282465
116,50,197.546815,0.34,0.4153248195446974
86,50,198.719951,0.4,0.4563341387642389
128,50,200.541259,0.34,0.4764202676025444
106,50,201.724706,0.36,0.4144775248102744
122,50,202.725974,0.32,0.4393751293192634
102,50,203.751782,0.4,0.5300734405503393
104,50,204.801966,0.42,0.4882805347006043
100,50,205.829901,0.46,0.5338012560029552
108,50,206.905968,0.34,0.4256624825662483
116,50,208.017334,0.34,0.4016808327762391
140,50,209.051738,0.3,0.36159187480567934
112,50,210.139455,0.34,0.45378684807256237
118,50,211.493814,0.32,0.37126498479155484
158,50,213.362677,0.2,0.23862043181605758
132,50,214.408208,0.3,0.36819392158663117
142,50,215.513198,0.24,0.3030108316504498
158,50,216.576133,0.2,0.2634795465746673
74,50,217.650781,0.48,0.5624890905917264
122,50,218.686278,0.28,0.35615577889447236
146,50,219.787161,0.2,0.25117079231577943
112,50,220.858362,0.38,0.43150099686698945
126,50,221.947868,0.32,0.37182425027398625
140,50,222.997183,0.3,0.38871192514433606
66,50,224.606814,0.48,0.530067979780373
106,50,226.219745,0.4,0.4780946780358718
104,50,227.289752,0.34,0.3994949494949495
144,50,228.343912,0.26,0.3507228793852998
98,50,229.397085,0.4,0.49331953330824235
102,50,230.448226,0.32,0.32058576625314805
94,50,231.523938,0.44,0.522090339597758
126,50,232.58518,0.28,0.30462475768485187
98,50,233.681687,0.4,0.481671085108328
144,50,234.735629,0.22,0.2663731425426527
106,50,235.89137,0.32,0.3701358296622614
138,50,237.793983,0.24,0.3222564918913541
130,50,239.061339,0.32,0.4486266531027467
126,50,240.133674,0.32,0.38279467680608364
106,50,241.30422,0.32,0.42005988023952096
128,50,242.361964,0.26,0.3718641964364861
94,50,243.454755,0.4,0.5180027173913043
126,50,244.524951,0.36,0.5077447335811648
146,50,245.670692,0.24,0.3078602620087336
130,50,246.734684,0.32,0.39973753280839897
106,50,247.857205,0.36,0.48085432266848194
126,50,249.360009,0.28,0.3585016095990635
136,50,251.058447,0.3,0.404493316902076
126,50,252.112805,0.32,0.3857331571994716
174,50,253.24068,0.16,0.24054239952834824
126,50,254.329402,0.28,0.3555018137847642
128,50,255.447919,0.34,0.4458540546026591
116,50,256.566701,0.34,0.41012070566388115
82,50,257.683518,0.44,0.5500179275726067
162,50,258.75101,0.2,0.2471315092674316
140,50,259.897743,0.3,0.42931540573809296
124,50,261.242308,0.34,0.46850624024960996
174,50,263.206342,0.16,0.2308102345415778
150,50,264.358058,0.16,0.25665566556655667
168,50,265.56366,0.22,0.29626920263350404
148,50,266.752343,0.26,0.3394335511982571
128,50,267.928332,0.26,0.3703203743700504
156,50,269.009415,0.22,0.29614200326027895
130,50,270.170422,0.28,0.3557504873294347
106,50,271.341764,0.36,0.4355143551435514
148,50,272.501173,0.26,0.3409823629812251
106,50,273.963702,0.36,0.4500091390970572
92,50,275.867605,0.42,0.5497507845671036
116,50,276.997924,0.34,0.4068884997081144
116,50,278.13987,0.3,0.3676222596964587
122,50,279.295062,0.24,0.3338383291851531
120,50,280.437593,0.34,0.4373513462087337
144,50,281.591756,0.26,0.34159173522096803
110,50,282.80244,0.4,0.4887930127328212
110,50,283.967174,0.36,0.425568856803436
102,50,285.130224,0.4,0.4511668868339938
128,50,286.926523,0.34,0.3863895216400911
158,50,288.668424,0.24,0.28860759493670884
126,50,289.809938,0.28,0.3788756070227867
98,50,291.026978,0.32,0.3700095677133165
92,50,292.137323,0.38,0.46969000091987856
154,50,293.271982,0.2,0.2637066331116304
106,50,294.398928,0.36,0.4578413284132841
126,50,295.529429,0.32,0.4176144374471285
104,50,296.677988,0.42,0.5075966237227899
124,50,297.861646,0.3,0.34306253247878055
116,50,299.650635,0.42,0.6022011005502751
134,50,301.272929,0.28,0.4402058395793713
124,50,302.453489,0.26,0.3312282024696013
124,50,303.612025,0.3,0.32200258636615553
96,50,304.769936,0.42,0.4698694806998056
144,50,305.953464,0.3,0.34330380406461697
98,50,307.122222,0.32,0.3818788215675375
112,50,308.353779,0.38,0.4770285480405198
154,50,309.508284,0.28,0.293155023755059
176,50,310.739209,0.22,0.24945249765356137
132,50,312.785233,0.22,0.2838628386283863
108,50,314.087264,0.34,0.44815518448155184
146,50,315.284246,0.2,0.2613289094560377
98,50,316.562026,0.36,0.42085203692724654
108,50,317.769297,0.34,0.40390022675736964
132,50,319.002121,0.3,0.4166918657393408
92,50,320.220753,0.38,0.41072879978325655
128,50,321.488809,0.34,0.39901017835465497
130,50,322.668569,0.28,0.34960305792414
124,50,324.607718,0.34,0.4283844992450931
124,50,326.297633,0.22,0.31061514341049523
144,50,327.575342,0.26,0.31776670817766706
108,50,328.776096,0.34,0.39213209419832173
132,50,329.97954,0.3,0.32387361029842016
110,50,331.196912,0.32,0.3711487088156723
118,50,332.437819,0.32,0.405001024800164
142,50,333.634335,0.28,0.33710559125347656
118,50,334.869695,0.32,0.3776692001447702
90,50,336.550381,0.36,0.40037046837787776
126,50,338.46193,0.32,0.4085725147310397
108,50,339.698467,0.34,0.3680021705706792
72,50,341.012435,0.46,0.5622079181730006
110,50,342.209947,0.4,0.5108288403545646
146,50,343.448773,0.2,0.24081142981786455
108,50,344.626892,0.38,0.45787736668403684
132,50,345.899991,0.34,0.45753935376967686
124,50,347.086154,0.3,0.38574479444741056
114,50,348.624723,0.36,0.4442807625649913
110,50,350.695963,0.36,0.4843205574912892
106,50,351.959548,0.44,0.5273497341623863
118,50,353.226476,0.36,0.46801380991064173
126,50,354.523397,0.28,0.3156510302498904
130,50,355.767872,0.32,0.41898390131716495
164,50,357.095432,0.22,0.298468093740489
100,50,358.332867,0.3,0.356167825140273
136,50,359.574033,0.3,0.37322384203727627
148,50,361.044786,0.18,0.24715145900880037
128,50,363.119975,0.3,0.3726200331125828
120,50,364.33796,0.34,0.39768413059984814
98,50,365.655709,0.4,0.4540127840909091
116,50,366.881562,0.34,0.43038098022020854
134,50,368.168783,0.28,0.38487794786925944
158,50,369.407216,0.2,0.2427552385198395
138,50,370.688966,0.32,0.40185185185185185
154,50,371.896578,0.2,0.265921064793419
100,50,373.378613,0.38,0.4331504224370699
132,50,375.493486,0.34,0.3916650772458516
142,50,376.775011,0.28,0.3141488977231659
120,50,377.974295,0.34,0.37395041983206717
112,50,379.258363,0.38,0.46513971598717363
112,50,380.532946,0.3,0.37927998434748583
118,50,381.876531,0.28,0.33357704258819226
142,50,383.125949,0.28,0.40159798149705633
124,50,384.478073,0.34,0.43658422771815214
116,50,386.198273,0.34,0.4538347352795646
108,50,388.242224,0.38,0.4521559096228283
136,50,389.57221,0.3,0.3382162061932134
106,50,390.860601,0.36,0.4524215137503042
138,50,392.101254,0.32,0.38762214983713356
138,50,393.448413,0.24,0.2981154184161703
118,50,394.710256,0.28,0.41628352490421455
138,50,396.079008,0.24,0.3155726448777808
94,50,397.355959,0.4,0.5066018705299835
126,50,399.346658,0.28,0.32871499658503267
108,50,401.060905,0.34,0.4203004096495221
114,50,402.380465,0.36,0.42758238715037383
122,50,403.765989,0.32,0.3868742609381159
112,50,405.092754,0.34,0.4067871699450647
140,50,406.514299,0.3,0.3155814997754827
106,50,407.946816,0.36,0.4572702758763742
80,50,409.303972,0.5,0.5757385292269013
154,50,410.989534,0.24,0.34947560419516643
124,50,413.088233,0.34,0.40530157510564735
136,50,414.436632,0.3,0.35234791027916734
94,50,415.739218,0.4,0.5025070653660315
80,50,417.131224,0.42,0.49898097826086957
130,50,418.467972,0.32,0.43061987887424297
114,50,419.88199,0.4,0.5552281368821292
134,50,421.233561,0.24,0.3542718446601942
102,50,422.601346,0.36,0.47830374753451677
142,50,424.891285,0.28,0.380317336707875
128,50,426.466125,0.34,0.43236233040702315
112,50,427.830072,0.3,0.4030112691668206
112,50,429.192528,0.34,0.42951127819548873
138,50,430.542748,0.24,0.35696619950535863
114,50,431.950306,0.4,0.40255735920921376
110,50,433.296148,0.36,0.4079933388842631
122,50,434.717464,0.28,0.32650494159928123
120,50,436.902963,0.34,0.4593065693430657
162,50,438.592853,0.2,0.29660590190351493
122,50,439.967613,0.32,0.3552968816744981
102,50,441.351081,0.36,0.4797324685853263
114,50,442.69562,0.32,0.4306585025244387
170,50,444.071964,0.2,0.2775860543314751
154,50,445.444801,0.24,0.30519361350706553
164,50,446.879395,0.22,0.23759877085162423
104,50,448.813438,0.34,0.3946501411986194
124,50,450.872901,0.34,0.42644053943604415
170,50,452.208674,0.2,0.33941487638993845
144,50,453.605089,0.26,0.3100177304964539
150,50,454.940566,0.16,0.22203421695807482
154,50,456.319911,0.24,0.30399922720247297
106,50,457.672282,0.36,0.4190494778959695
160,50,459.009531,0.14,0.16280111041461448
130,50,460.487369,0.28,0.391439454691259
92,50,462.932128,0.42,0.5313534474605126
128,50,464.278308,0.3,0.36134453781512604
136,50,465.68209,0.22,0.3133453135344746
122,50,467.072183,0.32,0.4445285467128028
144,50,468.456497,0.22,0.2685669963156874
152,50,469.818093,0.26,0.3719512195121951
136,50,471.281586,0.26,0.27601897569948686
142,50,472.61341,0.2,0.2759626604434072
116,50,475.036848,0.26,0.28459700195524656
116,50,476.480909,0.34,0.41400547445255476
118,50,477.847941,0.28,0.33201199914291835
122,50,479.20343,0.32,0.396843853820598
102,50,480.630658,0.4,0.5205278592375366
98,50,482.032727,0.44,0.5184629803186505
126,50,483.445553,0.28,0.3609882714862526
152,50,484.870461,0.26,0.3005478737281503
126,50,487.223499,0.24,0.34289367921081476
172,50,488.78448,0.18,0.25732238775717037
102,50,490.230669,0.32,0.4277597402597403
138,50,491.651181,0.24,0.300194243333922
150,50,493.089725,0.2,0.28980572801922694
104,50,494.516376,0.38,0.4299133606931145
92,50,496.033716,0.38,0.46345349531965746
126,50,497.4628,0.32,0.4349162288093586
124,50,499.95625,0.3,0.42816844650413055
120,50,501.421721,0.26,0.29589481079995983
134,50,502.883363,0.32,0.3954713493530499
140,50,504.27186,0.26,0.3364427860696517
112,50,505.833382,0.38,0.48280388553426096
152,50,507.302863,0.22,0.29041095890410956
146,50,508.763166,0.24,0.2644418423106948
106,50,510.270055,0.36,0.4433285509325681
108,50,512.732878,0.42,0.51456570155902
154,50,514.133074,0.28,0.30887290167865705
116,50,515.627393,0.38,0.48610452432893864
130,50,517.041802,0.24,0.33047210300429186
138,50,518.499491,0.24,0.23323615160349853
90,50,519.968277,0.44,0.521098459477562
108,50,521.444898,0.34,0.4201211888044628
130,50,523.207762,0.36,0.4497012440003918
144,50,525.457447,0.26,0.3534467161208612
122,50,526.923502,0.32,0.3975139305615088
120,50,528.489958,0.26,0.36811674008810574
122,50,529.977811,0.32,0.4252818650869482
110,50,531.519339,0.32,0.3866856786382675
160,50,532.953895,0.18,0.22328931572629052
106,50,534.444983,0.4,0.46962578972946706
126,50,536.759726,0.28,0.34045740537301505
124,50,538.450943,0.3,0.3792239138507241
110,50,539.911654,0.32,0.36280038171250106
108,50,541.437028,0.34,0.43598024316109424
132,50,542.91394,0.34,0.44915328595244364
140,50,544.385637,0.26,0.3308943089430894
98,50,545.883839,0.36,0.4605384379158563
102,50,547.578009,0.44,0.5149972153711513
118,50,550.061707,0.36,0.38669673055242393
70,50,551.609561,0.44,0.528630852287813
112,50,553.094559,0.3,0.34903225806451615
96,50,554.662146,0.42,0.5188221810808428
132,50,556.145655,0.3,0.3963081365370733
138,50,557.649343,0.24,0.3140529951541396
98,50,559.121531,0.36,0.44373349583587246
90,50,561.454489,0.44,0.5222549566048252
132,50,563.253198,0.3,0.3419329619857324
128,50,564.814575,0.26,0.3400266366151009
128,50,566.344638,0.3,0.4121399574714866
134,50,567.912404,0.24,0.3411776099167151
150,50,569.428059,0.24,0.39428133216476774
114,50,570.965001,0.32,0.3964541368403529
74,50,572.750409,0.48,0.5753738875126159
130,50,575.126406,0.32,0.40061068702290076
158,50,576.612749,0.2,0.28456655425510813
126,50,578.174184,0.32,0.42314600975109057
120,50,579.68269,0.3,0.33696925989362664
130,50,581.247355,0.32,0.3674983142279164
140,50,582.735941,0.3,0.44839722248644537
146,50,584.227448,0.24,0.3383853104051297
118,50,586.725256,0.32,0.38869096556134103
110,50,588.491427,0.4,0.5314058841494452
138,50,589.983834,0.32,0.400786034183347
108,50,591.60921,0.38,0.46270797475616754
116,50,593.095363,0.38,0.4509772636617471
134,50,594.704082,0.24,0.3482360097323601
138,50,596.242965,0.24,0.3157695582253335
120,50,598.413345,0.3,0.36884686616629303
132,50,600.454761,0.34,0.421881390593047
108,50,602.021161,0.34,0.41637548399282276
126,50,603.55786,0.28,0.3176268130787511
138,50,605.123148,0.32,0.4286014059385164
124,50,606.706845,0.3,0.3690848446946008
124,50,608.347328,0.34,0.415639766515334
150,50,610.206289,0.24,0.3244664073178425
120,50,612.61899,0.34,0.4263270015977277
128,50,614.181729,0.3,0.38040052861644813
114,50,615.759073,0.32,0.41849529780564265
88,50,617.312432,0.34,0.4716572504708098
108,50,618.918058,0.38,0.5085383502170767
148,50,620.434459,0.26,0.37984742530197074
168,50,622.018204,0.18,0.24469940339605323
112,50,624.75253,0.38,0.44231595223778025
128,50,626.46219,0.34,0.4919192986162459
120,50,628.085462,0.34,0.4431484202792065
116,50,629.759552,0.34,0.4326465927099842
120,50,631.368454,0.34,0.35508332598536285
128,50,632.990639,0.26,0.33767261852405667
98,50,634.779738,0.4,0.4601567315312142
136,50,637.423094,0.26,0.4112903225806452
144,50,639.014348,0.26,0.3068251871422281
142,50,640.641399,0.24,0.2838930644087147
126,50,642.2493,0.28,0.3517380617977528
110,50,643.890803,0.36,0.4642272508425614
142,50,645.479145,0.24,0.3218475073313783
124,50,647.228336,0.34,0.4025162844650665
122,50,649.846246,0.36,0.4972972972972973
146,50,651.457707,0.28,0.37517899761336515
124,50,653.022314,0.3,0.3811615850979703
136,50,654.64944,0.3,0.4265740916872741
124,50,656.221418,0.3,0.36238220149616246
138,50,657.8298,0.28,0.36041913799920916
144,50,659.381846,0.3,0.38515605388670404
112,50,662.174571,0.38,0.43658789191224934
110,50,663.771388,0.32,0.4575680810639645
164,50,665.397433,0.22,0.27825830548456854
110,50,666.966459,0.32,0.43314533622559653
114,50,668.573081,0.36,0.4839143378469221
142,50,670.195647,0.28,0.38537172669810377
150,50,671.860768,0.28,0.38495531768634
122,50,674.619316,0.28,0.3400723360845776
162,50,676.317526,0.24,0.3402857440817604
128,50,677.94589,0.34,0.42052769970078885
112,50,679.600599,0.38,0.5006309716964125
126,50,681.216847,0.32,0.38946240747954813
144,50,682.911869,0.26,0.3763039525313427
150,50,684.691833,0.24,0.2823517212774782
166,50,687.382251,0.16,0.2211010971786834
88,50,689.050673,0.42,0.4969421487603306
130,50,690.715193,0.24,0.3599574014909478
172,50,692.326303,0.18,0.26475247524752477
142,50,693.961351,0.2,0.26009316770186336
122,50,695.617364,0.28,0.3799804581478667
106,50,697.787677,0.4,0.42363889372064706
122,50,700.16814,0.36,0.4568634969325153
158,50,701.853435,0.24,0.3206492815327302
146,50,703.487734,0.16,0.2120689655172414
130,50,705.141363,0.28,0.29942173870430266
122,50,706.80099,0.36,0.43437945791726107
118,50,708.510152,0.32,0.4068740060081286
140,50,710.98265,0.26,0.36536639972444673
134,50,713.019275,0.24,0.3219408876480216
148,50,714.66724,0.26,0.35392927308447936
136,50,716.353157,0.26,0.34393619065923503
124,50,718.031747,0.3,0.416761796042618
92,50,719.75737,0.42,0.4884370784351513
140,50,721.44086,0.26,0.3043356903609974
142,50,724.221601,0.2,0.27048669810481357
138,50,725.876904,0.24,0.37989612637957154
108,50,727.600822,0.38,0.4630145973429555
142,50,729.235598,0.32,0.44650943396226417
124,50,730.981168,0.3,0.3814805261800361
132,50,732.631757,0.34,0.42607327905255366
116,50,734.332576,0.34,0.39178314273612874
104,50,737.093272,0.34,0.4150556531927358
130,50,738.739406,0.28,0.3726986064489879
122,50,740.385649,0.24,0.2939326674065853
124,50,742.097905,0.3,0.3564483580994313
162,50,743.701411,0.2,0.3315361139369278
164,50,745.315595,0.18,0.2308400695794536
128,50,747.368613,0.26,0.33780135902448105
88,50,749.986274,0.42,0.5353300628281263
134,50,751.669495,0.28,0.3812354853692522
104,50,753.406754,0.38,0.5125338753387534
130,50,755.07039,0.28,0.32287037912451544
132,50,756.732182,0.26,0.32365065669638576
114,50,758.402791,0.36,0.41077594039614757
146,50,760.987293,0.28,0.42745829675153646
124,50,762.888961,0.22,0.24142266930123946
116,50,764.611713,0.34,0.408923941227312
102,50,766.32278,0.36,0.4394586247615587
112,50,768.047981,0.3,0.3488184023721808
142,50,769.698175,0.24,0.3120480796318903
146,50,771.453254,0.2,0.2696287279367012
144,50,774.211413,0.18,0.22297369833601718
110,50,775.923987,0.36,0.4384728340675477
106,50,777.627893,0.32,0.41760299625468167
100,50,779.38349,0.42,0.5159201295196978
122,50,781.046559,0.32,0.4375
118,50,782.80937,0.36,0.39319773820575576
140,50,784.799914,0.26,0.3128463476070529
138,50,787.377735,0.28,0.35795164745486074
88,50,789.155402,0.38,0.4159413281753707
148,50,790.870939,0.22,0.3046071953010279
142,50,792.565562,0.28,0.3393003927299297
120,50,794.354424,0.34,0.47039150108203814
142,50,796.073815,0.28,0.35559336452573376
142,50,798.966036,0.24,0.27905288941304546
156,50,800.593786,0.18,0.2276237085372485
136,50,802.332862,0.3,0.39840746842394287
142,50,803.979196,0.28,0.3981042654028436
148,50,805.707257,0.3,0.3472379788812287
136,50,807.44868,0.3,0.38969011888520755
108,50,809.515117,0.38,0.4812357846853677
110,50,812.120264,0.32,0.4167804711505633
148,50,813.883696,0.22,0.3142381964335212
154,50,815.679991,0.2,0.2653771760154739
132,50,817.476294,0.26,0.2910770273705618
156,50,819.274555,0.22,0.3219666123778502
104,50,821.126376,0.42,0.5099152695150532
130,50,824.072358,0.32,0.34266133637921187
160,50,825.860539,0.22,0.3072646404744255
152,50,827.637073,0.26,0.2921178767974436
116,50,829.464942,0.3,0.3928797898360359
120,50,831.299351,0.34,0.4050073637702504
126,50,833.111644,0.32,0.38142085315700347
146,50,835.830529,0.28,0.3009718883895914
132,50,837.778135,0.22,0.24751838235294119
144,50,839.496194,0.26,0.3290018832391714
124,50,841.329219,0.34,0.4210130626820788
138,50,843.032307,0.28,0.3670509125840538
92,50,844.867419,0.42,0.5148254828871569
128,50,847.020748,0.26,0.3668883695847564
146,50,849.543464,0.24,0.30507233107489473
114,50,851.321541,0.32,0.41934338952972494
150,50,853.23357,0.24,0.28412477647526324
106,50,855.037529,0.36,0.4216492960321814
126,50,856.811794,0.28,0.3343178881299612
114,50,858.713488,0.32,0.38721242904093217
138,50,861.628034,0.28,0.33453022142429684
114,50,863.460953,0.32,0.44208551397254864
72,50,865.38146,0.54,0.6829516069449575
136,50,867.213535,0.34,0.4628470048006679
110,50,869.121305,0.36,0.4679689140936778
120,50,870.944071,0.26,0.30197562776957165
152,50,873.904714,0.22,0.2526226555049274
130,50,875.692916,0.28,0.4014843432289549
144,50,877.520665,0.22,0.2838569880823402
134,50,879.391225,0.32,0.40777941900541603
146,50,881.27206,0.2,0.25894191491481516
132,50,883.114388,0.34,0.3957308675978753
140,50,886.158348,0.3,0.3339408140241257
144,50,887.982659,0.3,0.4138376017470717
112,50,889.868096,0.38,0.422285987565758
138,50,891.706981,0.28,0.29226799197170983
110,50,893.629431,0.36,0.5316281357599606
148,50,895.398548,0.22,0.27841201275326544
140,50,898.273829,0.26,0.28396988615497615
142,50,900.116868,0.24,0.34039379474940334
118,50,902.021419,0.36,0.4693578340338188
122,50,903.778954,0.28,0.35415909916454774
116,50,905.625898,0.34,0.43739264857437304
114,50,907.434882,0.32,0.3886672710788758
128,50,909.948801,0.3,0.4041326711599858
142,50,912.203066,0.32,0.43079693831607385
106,50,914.102183,0.36,0.4613132988584252
124,50,915.931404,0.34,0.3842079450711133
108,50,917.831024,0.38,0.47549396972029767
158,50,919.644912,0.2,0.2504250425042504
110,50,922.197482,0.36,0.44175077822846903
140,50,924.507055,0.22,0.2813550555986553
138,50,926.298663,0.28,0.36909361069836555
90,50,928.254607,0.44,0.4624277456647399
84,50,930.195992,0.46,0.5661461138036259
110,50,932.087646,0.36,0.4401441851641055
120,50,934.703971,0.38,0.4890721239817206
142,50,936.992892,0.24,0.29210427606901723
102,50,938.937027,0.4,0.5079596194913609
112,50,940.820737,0.34,0.4184257602862254
132,50,942.772136,0.3,0.4212550607287449
134,50,944.648052,0.28,0.3568878718535469
120,50,947.466923,0.3,0.4104056926346918
140,50,949.687106,0.3,0.37968515742128933
128,50,951.680929,0.34,0.4185133239831697
152,50,953.508425,0.22,0.3322806671272081
110,50,955.420359,0.36,0.4600280504908836
130,50,957.292829,0.28,0.32064436691976195
122,50,960.205278,0.36,0.46533203125
122,50,962.311575,0.36,0.5088780874913204
102,50,964.264856,0.4,0.4965092030102457
164,50,966.087916,0.18,0.29854865085854454
148,50,967.971404,0.22,0.2816532803898565
154,50,969.770017,0.2,0.19950814632646788
138,50,972.620936,0.24,0.27475409836065573
96,50,974.723535,0.38,0.39190731150706576
86,50,976.798894,0.4,0.4871908127208481
144,50,978.664965,0.22,0.27927334337349397
114,50,980.556148,0.32,0.37094265270144144
112,50,982.481583,0.34,0.4533382858204104
110,50,985.571236,0.32,0.3466583385384135
140,50,987.453972,0.26,0.2870321560358461
162,50,989.434535,0.16,0.22122556887923708
108,50,991.398709,0.38,0.4211058975066703
142,50,993.37692,0.28,0.33273056057866185
146,50,995.238273,0.24,0.261523659581912
122,50,998.345461,0.32,0.3662029881504379
134,50,1000.264715,0.32,0.38070620366757707
150,50,1002.170267,0.24,0.26227709190672155
110,50,1004.104571,0.32,0.44013204853675947
114,50,1006.082132,0.32,0.4171876457963982
116,50,1008.180468,0.34,0.365151374872697
134,50,1011.177613,0.28,0.3530785562632696
100,50,1013.186865,0.38,0.49400187441424553
88,50,1015.234055,0.38,0.47258338044092707
92,50,1017.151915,0.42,0.48816914080071977
134,50,1019.087618,0.32,0.4341574428467984
120,50,1021.534852,0.3,0.4418604651162791
130,50,1024.168989,0.36,0.48578811369509045
116,50,1026.154587,0.38,0.4778392241724774
110,50,1028.186435,0.32,0.3748821260180026
124,50,1030.138412,0.38,0.4158450704225352
122,50,1032.166557,0.32,0.35080981799966604
146,50,1035.295474,0.28,0.3714609286523216
128,50,1037.346079,0.3,0.4181623931623932
142,50,1039.27623,0.24,0.3391236712470832
98,50,1041.298632,0.4,0.4508240773916159
132,50,1043.259172,0.34,0.41135486300724977
136,50,1045.206363,0.3,0.36058073031236254
136,50,1048.337543,0.3,0.3671569540122882
124,50,1050.312877,0.34,0.41663572224285184
96,50,1052.271597,0.38,0.42676789217777017
128,50,1054.315636,0.3,0.37071944706251964
100,50,1056.315394,0.38,0.43754506128334536
112,50,1058.860617,0.38,0.4973943254198031
116,50,1061.487842,0.38,0.4136228182205194
126,50,1063.529871,0.32,0.44312773190869353
136,50,1065.530668,0.3,0.40103734439834027
110,50,1067.631984,0.4,0.5531622364802933
130,50,1069.545868,0.28,0.27934621099554235
134,50,1072.72601,0.24,0.33404378996318546
106,50,1074.711306,0.32,0.3810989010989011
144,50,1076.717589,0.26,0.32938441098317095
146,50,1078.619781,0.2,0.3070676691729323
122,50,1080.666713,0.32,0.3885934348065285
136,50,1082.726297,0.3,0.4169898430286242
138,50,1085.900217,0.28,0.34764429940852537
138,50,1087.892556,0.24,0.3269951549501783
156,50,1089.908176,0.22,0.3176155667661896
124,50,1091.865047,0.3,0.4062575990921618
156,50,1093.813709,0.22,0.30959896026735984
130,50,1096.448196,0.32,0.40082563396894044
130,50,1099.010693,0.32,0.384828349944629
142,50,1101.054133,0.32,0.4789557155056728
136,50,1103.060819,0.3,0.361645936275345
166,50,1104.981854,0.16,0.23333333333333334
132,50,1107.041879,0.26,0.37695160031225605
140,50,1110.226462,0.18,0.23571753986332575
96,50,1112.251472,0.38,0.49329584775086505
174,50,1114.112313,0.16,0.22486517719568566
138,50,1116.154969,0.24,0.28552350427350426
156,50,1118.087799,0.18,0.22278481012658227
158,50,1120.076246,0.2,0.29878239150796126
144,50,1123.157434,0.3,0.4322378716744914
110,50,1125.224324,0.4,0.41216565114117526
148,50,1127.197154,0.26,0.40485436893203886
134,50,1129.304413,0.28,0.3620078372830752
150,50,1131.216214,0.2,0.249363618562757
130,50,1133.876218,0.28,0.34329312865497075
110,50,1136.448256,0.4,0.49708425497687514
110,50,1138.479012,0.36,0.3820900966624111
118,50,1140.427711,0.32,0.3493564486472288
152,50,1142.45928,0.26,0.36573628488931664
88,50,1144.499008,0.42,0.48294729162867045
142,50,1147.708253,0.28,0.36102318419026436
132,50,1149.729985,0.3,0.3896554875262725
134,50,1151.823738,0.28,0.38341567373825436
118,50,1153.842453,0.36,0.46092875792614696
108,50,1155.928595,0.34,0.4529163435857672
134,50,1158.444951,0.28,0.34099237397246707
134,50,1161.237825,0.28,0.3731133402081185
124,50,1163.298567,0.34,0.35976934648169817
166,50,1165.313989,0.16,0.18326693227091634
112,50,1167.402643,0.38,0.4222664675626348
124,50,1169.516956,0.3,0.4027711419015767
130,50,1172.643263,0.28,0.3177109440267335
144,50,1174.645497,0.22,0.2813577781811581
136,50,1176.742005,0.26,0.37211655200323757
152,50,1178.696346,0.22,0.2693259710586443
128,50,1180.695007,0.26,0.34523687711040624
136,50,1183.126456,0.22,0.2697848456501403
110,50,1186.0249,0.32,0.4516025982323501
110,50,1188.171754,0.36,0.44169096209912534
120,50,1190.271985,0.34,0.3902295467922307
138,50,1192.361698,0.28,0.3239795918367347
110,50,1194.414584,0.32,0.40050226017076845
152,50,1197.624908,0.22,0.3099657050635465
130,50,1199.587395,0.24,0.30586029067041726
126,50,1201.630905,0.24,0.3543915464151801
122,50,1203.642211,0.36,0.38267148014440433
130,50,1205.769502,0.32,0.3302878026496117
152,50,1208.219882,0.26,0.29553001277139207
118,50,1211.018118,0.32,0.4007315957933242
134,50,1213.101671,0.32,0.3760204081632653
94,50,1215.275418,0.36,0.43860076292508726
124,50,1217.345764,0.3,0.35053084144950425
140,50,1219.459601,0.26,0.3488303807379857
110,50,1222.716863,0.32,0.41140115475319183
128,50,1224.798144,0.3,0.43084276238782676
118,50,1226.881761,0.36,0.47033245765014947
132,50,1229.075334,0.3,0.39349112426035504
126,50,1231.136089,0.24,0.25987582111041124
136,50,1234.17627,0.26,0.3760248798416737
94,50,1236.488364,0.44,0.5055091523014039
136,50,1238.592993,0.26,0.27830070803831736
128,50,1240.64563,0.3,0.4406409322651129
106,50,1242.855992,0.4,0.4647379528666901
110,50,1245.466434,0.36,0.3952244508118434
148,50,1248.415171,0.3,0.3699259398143808
120,50,1250.562424,0.3,0.4189543117664177
122,50,1252.763588,0.28,0.31713190047266565
130,50,1254.849315,0.24,0.3349808822157978
108,50,1257.139083,0.34,0.43057210965435044
112,50,1260.413727,0.38,0.46994442069260367
104,50,1262.608118,0.38,0.48470464135021096
124,50,1264.68589,0.3,0.3902304147465438
106,50,1266.868829,0.4,0.48985153166697987
164,50,1268.8907,0.22,0.33385481852315396
124,50,1272.220084,0.34,0.4463691524760227
130,50,1274.26002,0.28,0.3460624725032996
120,50,1276.477571,0.34,0.38403657491189636
110,50,1278.707685,0.36,0.45695364238410596
112,50,1281.061296,0.34,0.4258907864220957
102,50,1284.282017,0.36,0.4570750843901104
146,50,1286.520787,0.28,0.3898786959818044
118,50,1288.662317,0.28,0.3405207857469164
140,50,1290.899642,0.3,0.40323176361957525
110,50,1293.121435,0.32,0.3713096505662569
128,50,1296.18456,0.3,0.42344815372354555
124,50,1298.687417,0.3,0.35304182509505705
144,50,1300.882833,0.3,0.3872023268496637
106,50,1303.065696,0.4,0.4878657074340528
134,50,1305.205373,0.28,0.36650066063624354
114,50,1307.781123,0.36,0.4825363225247763
136,50,1310.813521,0.26,0.33951996890486835
158,50,1313.005961,0.24,0.3891271820448878
138,50,1315.154948,0.28,0.38929977907981944
120,50,1317.261862,0.3,0.40348973872163457
100,50,1319.423739,0.3,0.45208728652751423
132,50,1322.703074,0.22,0.3050514499532273
112,50,1324.925918,0.3,0.3694685990338164
104,50,1327.137344,0.34,0.46334128383283213
126,50,1329.365741,0.28,0.3409466721785862
120,50,1331.534534,0.3,0.33380925185608223
118,50,1334.928831,0.36,0.5019455252918288
90,50,1337.199929,0.36,0.4887770897832817
142,50,1339.367499,0.2,0.2363511305992606
114,50,1341.782787,0.36,0.4689328222715352
148,50,1343.999704,0.26,0.31383597173776945
82,50,1347.448989,0.44,0.5542731519648255
102,50,1349.821709,0.44,0.5469088937093276
108,50,1352.035635,0.38,0.447508896797153
102,50,1354.271192,0.36,0.40265942503979774
150,50,1356.401211,0.24,0.33684098639455784
112,50,1359.867465,0.34,0.4232202758106597
156,50,1362.030483,0.26,0.353036360175138
146,50,1364.212214,0.24,0.2823175731074064
100,50,1366.454384,0.42,0.5163895933126702
112,50,1368.722772,0.38,0.5060732679039938
134,50,1372.162961,0.32,0.42530673410133935
120,50,1374.487367,0.34,0.41598045425753327
142,50,1376.675758,0.2,0.25874125874125875
126,50,1378.895347,0.28,0.314918074976409
110,50,1381.038473,0.28,0.3192201089553665
140,50,1384.38661,0.26,0.30805270863836015
98,50,1386.624769,0.4,0.4905521922583012
144,50,1388.809363,0.22,0.2906398616515348
122,50,1391.025165,0.28,0.36483471912390997
154,50,1393.268057,0.28,0.35638655462184876
104,50,1396.695037,0.38,0.5404373839488343
152,50,1398.883884,0.26,0.3295855788886824
120,50,1401.116246,0.38,0.47570432904682436
156,50,1403.375623,0.22,0.289036216109242
100,50,1405.587815,0.38,0.42361677819487514
102,50,1409.089147,0.36,0.43424450182530494
120,50,1411.431142,0.38,0.439210370244853
144,50,1413.615978,0.22,0.20613026819923372
138,50,1415.821777,0.28,0.338978213300352
144,50,1418.029507,0.22,0.2881968859869412
136,50,1421.41465,0.3,0.35341632614273494
128,50,1423.759083,0.26,0.28507285665875975
126,50,1425.965709,0.24,0.3206903276131045
98,50,1428.314769,0.4,0.4984793187347932
102,50,1430.618126,0.4,0.4825128460135919
110,50,1434.183821,0.32,0.4073592269094964
134,50,1436.454971,0.32,0.4440706476030278
142,50,1438.761004,0.28,0.327000267594327
142,50,1441.007204,0.28,0.33657532965491443
130,50,1443.292779,0.28,0.3562458691341705
100,50,1446.74783,0.42,0.5136884021901443
108,50,1449.028183,0.34,0.38913043478260867
158,50,1451.164289,0.2,0.2754261097583817
134,50,1453.41555,0.24,0.2628588516746411
128,50,1455.620011,0.26,0.31585677749360613
148,50,1459.020853,0.22,0.2982224059528731
112,50,1461.224658,0.3,0.35002335357309666
140,50,1463.55344,0.26,0.2891512387085234
116,50,1465.786455,0.34,0.48904901867829714
118,50,1468.109971,0.32,0.42045048265999285
96,50,1471.646065,0.38,0.4663506227923406
92,50,1473.974288,0.38,0.4549749325106055
132,50,1476.169159,0.26,0.3551304016752332
106,50,1478.51828,0.36,0.40467023769668564
116,50,1480.807534,0.34,0.40759318515956067
132,50,1484.336704,0.26,0.3624857251617815
112,50,1486.616944,0.3,0.4009289363678588
138,50,1488.907792,0.28,0.3644897547188856
102,50,1491.249056,0.4,0.4381818181818182
134,50,1493.557432,0.24,0.31795386158475425
114,50,1497.080277,0.36,0.4697014484185634
150,50,1499.40101,0.24,0.2883943351112746
118,50,1501.685375,0.28,0.3658661216147164
124,50,1504.006114,0.3,0.4085650497259996
146,50,1506.230419,0.24,0.3002469604863222
148,50,1509.63898,0.22,0.24387588459444748
152,50,1511.823368,0.22,0.2954417557681486
168,50,1514.073492,0.18,0.22551604983177231
156,50,1516.332175,0.22,0.3288244766505636
150,50,1518.662088,0.24,0.31523493118177504
144,50,1522.011852,0.18,0.26397388820889434
122,50,1524.287514,0.28,0.37203952973249277
132,50,1526.554685,0.3,0.41182602103667204
116,50,1528.921577,0.34,0.40889649272882805
162,50,1531.181419,0.16,0.18485379577529748
126,50,1534.735159,0.32,0.40648628951443927
192,50,1536.885618,0.14,0.1716240615793975
104,50,1539.254259,0.38,0.5381623723869713
128,50,1541.541486,0.3,0.3774074074074074
116,50,1544.104122,0.34,0.4548377061080577
152,50,1547.379137,0.26,0.37356437638525086
136,50,1549.756095,0.3,0.36593005046111016
108,50,1552.105968,0.38,0.42888125790710285
132,50,1554.443766,0.26,0.3287567465202159
120,50,1557.396974,0.38,0.45368620037807184
94,50,1560.438336,0.36,0.41588042970574496
130,50,1562.715824,0.28,0.3764380243923536
106,50,1565.101167,0.32,0.3739495798319328
112,50,1567.471432,0.34,0.42625688992817773
138,50,1570.794168,0.24,0.29668746999519924
106,50,1573.389072,0.4,0.4683038263849229
108,50,1575.849714,0.38,0.511865864144454
136,50,1578.215667,0.26,0.3337759166581554
140,50,1580.565793,0.26,0.29063791192179783
134,50,1584.033121,0.32,0.39733685708477334
120,50,1586.415951,0.34,0.38985470731502475
128,50,1588.721083,0.22,0.3072822629180638
90,50,1591.272717,0.4,0.5179019808425556
146,50,1593.615647,0.28,0.40294604724134925
140,50,1597.142546,0.3,0.3621982537236775
130,50,1599.450979,0.32,0.37320937292476997
112,50,1601.881756,0.34,0.4414808001839503
138,50,1604.187323,0.28,0.38056490834268614
124,50,1606.96399,0.3,0.3460453262947119
126,50,1610.074541,0.28,0.36638903348950197
86,50,1612.572753,0.44,0.5051374154205998
164,50,1614.834559,0.22,0.24585635359116023
128,50,1617.218169,0.26,0.38442944908852855
144,50,1620.472827,0.26,0.31419400855920115
126,50,1623.077974,0.28,0.4207915881360976
94,50,1625.466416,0.4,0.4710957722174288
110,50,1627.922832,0.4,0.4934134694549646
140,50,1630.199125,0.26,0.3392417528311177
154,50,1633.711467,0.24,0.3183985694416849
116,50,1636.045037,0.34,0.40750272196377313
88,50,1638.56889,0.46,0.5164214847759152
128,50,1640.964828,0.3,0.38481494292632307
90,50,1643.621515,0.44,0.4827648438909944
134,50,1647.015584,0.28,0.37777361670255594
138,50,1649.401732,0.2,0.23450731331793687
118,50,1651.822444,0.32,0.3599216344808284
164,50,1654.182504,0.22,0.32966255809254397
76,50,1657.559769,0.5,0.5309470544369873
134,50,1660.329577,0.28,0.38192483163154467
126,50,1662.674644,0.28,0.304537781749578
126,50,1665.034864,0.28,0.40807560137457044
140,50,1667.314792,0.22,0.2970215113072256
142,50,1670.944412,0.28,0.30308916019237886
150,50,1673.293253,0.2,0.2716852841185041
176,50,1678.417692,0.14,0.14117417972933502
132,50,1680.792394,0.22,0.252548656163114
186,50,1684.305669,0.12,0.18399122807017543
188,50,1686.5818,0.1,0.14298799104416854
108,50,1689.192145,0.38,0.5188413692908381
162,50,1691.535419,0.2,0.2728356566397652
136,50,1694.626418,0.3,0.36646924829157174
190,50,1697.402205,0.08,0.10942435048395313
158,50,1699.903728,0.24,0.2791210811804726
176,50,1702.190797,0.14,0.16980282704600702
180,50,1704.591321,0.18,0.2434359241870979
202,50,1707.824152,0.04,0.05462512171372931
180,50,1710.419905,0.14,0.19132627332324761
202,50,1712.723338,0.08,0.10263361735089079
198,50,1715.018803,0.08,0.12652259332023574
186,50,1717.273519,0.12,0.10508765243902439
180,50,1720.852766,0.18,0.249737008205344
192,50,1723.104957,0.1,0.115865540759987
196,50,1725.407964,0.1,0.1525098474901525
190,50,1727.706949,0.16,0.2003911980440098
186,50,1730.096255,0.12,0.131597537592088
156,50,1733.626008,0.22,0.24822881133560745
142,50,1736.046343,0.24,0.30595422808378586
158,50,1738.409628,0.2,0.24503518373729477
152,50,1741.022462,0.26,0.3432203389830508
178,50,1743.60653,0.16,0.2261420599640594
182,50,1746.835854,0.12,0.11398673269176866
174,50,1749.06821,0.12,0.16807116104868913
170,50,1751.556976,0.2,0.23356416943969782
180,50,1753.9214,0.18,0.1965987512323365
180,50,1756.969038,0.14,0.1587226827430294
164,50,1759.834925,0.22,0.31036409349101407
176,50,1762.203988,0.14,0.18350217076700434
188,50,1764.428612,0.06,0.06109358569926393
148,50,1766.850374,0.22,0.27906137184115526
166,50,1770.206676,0.12,0.17458751793400287
154,50,1772.805075,0.24,0.2982337612199595
182,50,1775.07589,0.12,0.15766331658291458
194,50,1777.413117,0.12,0.16597268487674882
202,50,1779.703982,0.08,0.12033993425799727
160,50,1783.318845,0.18,0.25665883274578927
172,50,1785.61947,0.14,0.2091020910209102
190,50,1787.953942,0.12,0.12266761896259262
186,50,1790.247385,0.12,0.1794083054374378
206,50,1792.601572,0.08,0.10788619438609891
196,50,1795.977638,0.06,0.09984712402063825
184,50,1798.312266,0.1,0.13169031615633559
156,50,1800.735803,0.26,0.3718377976190476
168,50,1803.076546,0.14,0.20139014262502256
140,50,1805.612889,0.26,0.26482450871020335
146,50,1809.124052,0.24,0.2749593789492688
174,50,1811.4628,0.12,0.156032597893063
208,50,1813.769953,0.02,0.014925373134328358
166,50,1816.167684,0.16,0.20492317340859204
146,50,1819.412906,0.2,0.21439000648929266
164,50,1822.243329,0.14,0.16642904666856762
198,50,1824.684245,0.08,0.09434532809192622
162,50,1827.091936,0.16,0.21962531829756274
160,50,1829.571533,0.14,0.17657029852151804
186,50,1833.191223,0.12,0.15974212034383956
176,50,1835.602013,0.1,0.13850913082526695
198,50,1837.936589,0.08,0.08853967037178996
194,50,1840.318599,0.08,0.10296778863554108
202,50,1842.733707,0.04,0.07490252411245639
182,50,1846.309926,0.12,0.15395867617480344
186,50,1848.603464,0.12,0.16202346041055718
176,50,1851.070053,0.06,0.05642167780252413
174,50,1853.480282,0.12,0.14734845062787966
188,50,1856.463083,0.1,0.13975048643699212
158,50,1859.505594,0.24,0.2711457211498633
176,50,1861.99234,0.14,0.16572066623243695
180,50,1864.286702,0.06,0.07843326885880077
184,50,1866.653944,0.06,0.05395027359124508
188,50,1870.260723,0.06,0.0743498017983177
188,50,1872.833047,0.1,0.1289945440374123
202,50,1875.267373,0.04,0.04590736366437301
166,50,1877.722344,0.12,0.1727777272313711
152,50,1880.197998,0.14,0.22169959234869865
198,50,1883.838723,0.08,0.11158635110730919
160,50,1886.236592,0.14,0.2019440406976744
140,50,1888.824995,0.3,0.434856817750806
192,50,1891.194311,0.06,0.07091172214182344
154,50,1894.714789,0.2,0.22661304423850323
190,50,1897.308195,0.12,0.13481451693978083
192,50,1899.67277,0.06,0.08231966053748233
174,50,1902.047488,0.08,0.12539242843951987
166,50,1904.556374,0.12,0.17443040309934507
150,50,1908.149474,0.16,0.2205595891623871
208,50,1910.531932,0.06,0.10225824075760336
162,50,1912.928926,0.12,0.15155096011816838
180,50,1915.322859,0.1,0.10898430763924814
186,50,1917.675514,0.12,0.17956047882794354
180,50,1921.280252,0.1,0.11295010495720975
150,50,1923.680835,0.12,0.1413921188630491
194,50,1926.057873,0.04,0.07212761792914464
164,50,1928.317591,0.1,0.1556072591903211
158,50,1931.301999,0.2,0.2618997249841337
136,50,1934.413467,0.26,0.31799650553290626
170,50,1936.828456,0.16,0.22396100564391996
160,50,1939.194634,0.18,0.19479205005520794
164,50,1941.681784,0.1,0.1136916014042668
172,50,1945.254963,0.18,0.22504567347616675
178,50,1947.680394,0.08,0.10121378230227095
154,50,1950.178042,0.2,0.26199698730363674
142,50,1952.812543,0.2,0.26755789870080965
168,50,1955.430128,0.14,0.19639056780454583
154,50,1958.932997,0.16,0.2062313196268454
206,50,1961.342634,0.04,0.07746907321030216
164,50,1963.822253,0.1,0.11772253408179631
118,50,1966.346061,0.2,0.248191226302775
184,50,1969.858721,0.02,0.029704715733803438
164,50,1972.305896,0.14,0.2145207938565872
170,50,1974.777707,0.16,0.2150344697327415
184,50,1977.141998,0.06,0.09359708485163977
142,50,1979.678435,0.2,0.2868394541624691
182,50,1983.215185,0.04,0.040230419028152005
184,50,1985.723073,0.06,0.05044863578099249
156,50,1988.140597,0.18,0.24412721358872425
222,50,1990.5128,0.04,0.036708275543227
186,50,1993.443609,0.12,0.1715224070346435
172,50,1996.616271,0.1,0.14993165808011777
172,50,1999.086932,0.14,0.19173498410573867
168,50,2001.639408,0.14,0.13892826764956054
170,50,2004.09112,0.16,0.22014494275811364
176,50,2007.706602,0.06,0.08976943981765582
160,50,2010.159806,0.18,0.22595921523146806
204,50,2012.67873,0.06,0.07653305271214006
182,50,2015.119605,0.08,0.10286278381046397
212,50,2017.796844,0.02,0.024690113876851758
186,50,2021.035176,0.04,0.056359405038955784
156,50,2023.572742,0.1,0.1606460244648318
208,50,2025.935228,0.06,0.08351298153528916
206,50,2028.360881,0.04,0.05668878512328992
164,50,2031.785897,0.1,0.17764227642276423
168,50,2034.432836,0.14,0.20454100606772363
144,50,2036.990933,0.22,0.29281526209853853
196,50,2039.392799,0.06,0.07892742088307751
148,50,2041.801144,0.14,0.16980278632169352
196,50,2045.400562,0.06,0.10581639803784162
144,50,2047.840235,0.14,0.13815100447491194
166,50,2050.332222,0.12,0.15201230453729814
202,50,2052.640172,0.0,0.0
196,50,2055.588778,0.06,0.09602749418780956
178,50,2058.720822,0.12,0.13421392942915203
166,50,2061.275772,0.12,0.17637556789500253
172,50,2063.704828,0.1,0.13973081269906504
198,50,2066.207117,0.04,0.05276782158502589
154,50,2069.830245,0.16,0.18555577570834159
214,50,2072.277048,0.04,0.026745287985679687
166,50,2074.798677,0.12,0.18231210383338364
196,50,2077.321899,0.1,0.11168444988630401
190,50,2080.176294,0.08,0.11944444444444445
194,50,2083.439592,0.08,0.11395302547770701
156,50,2085.944866,0.18,0.2553634470897076
178,50,2088.546179,0.16,0.22199736031676198
184,50,2090.993143,0.1,0.135099220411056
168,50,2094.657162,0.06,0.08993872306779996
208,50,2097.078799,0.06,0.08706225680933852
192,50,2099.544535,0.02,0.03301461302543749
200,50,2101.942449,0.06,0.08305959643359925
208,50,2104.470393,0.06,0.11147777663194802
192,50,2107.981193,0.02,0.025198938992042442
194,50,2110.426993,0.04,0.0634173880316146
182,50,2112.976484,0.12,0.19270881402861098
202,50,2115.398409,0.0,0.0
176,50,2118.945623,0.1,0.1449895511991243
188,50,2121.559974,0.1,0.1320204874602614
182,50,2124.011088,0.12,0.16277672902007895
176,50,2126.494344,0.06,0.09246733994255536
184,50,2128.848562,0.02,0.026913764201899795
178,50,2132.501307,0.04,0.049177190968235744
174,50,2134.904519,0.08,0.13712534712247437
168,50,2137.36193,0.1,0.14204889876742777
170,50,2139.778661,0.08,0.10439719041662658
150,50,2142.887926,0.12,0.13458262350936967
162,50,2145.955587,0.12,0.163727959697733
176,50,2148.467728,0.1,0.13437213565536205
186,50,2150.965851,0.12,0.1444352388842861
178,50,2153.488725,0.08,0.10589840470193115
170,50,2157.113219,0.16,0.251331304678585
186,50,2159.679282,0.04,0.06662804171494785
194,50,2162.219349,0.12,0.15653775322283608
170,50,2164.755881,0.04,0.0346837378176954
180,50,2167.773654,0.02,0.031104880399544378
214,50,2170.772597,0.0,0.0
170,50,2173.265239,0.08,0.12088384489725733
200,50,2175.74604,0.02,0.02123347167261847
184,50,2178.259337,0.1,0.1433440256615878
162,50,2182.230824,0.08,0.10892065056678167
168,50,2184.704091,0.06,0.054587465100606525
186,50,2187.236666,0.08,0.09176775627372905
170,50,2189.76889,0.12,0.1854653074646498
174,50,2193.144503,0.12,0.18505674653215637
154,50,2195.96102,0.16,0.24834499716285227
170,50,2198.379462,0.08,0.1508649003722356
184,50,2200.83307,0.06,0.09976571651698556
194,50,2203.29408,0.08,0.14838909541511772
150,50,2206.960921,0.16,0.20607356715141145
182,50,2209.405779,0.12,0.12869518621059212
148,50,2211.925472,0.18,0.22352584201476686
168,50,2214.422272,0.1,0.14992041384799046
174,50,2217.338726,0.12,0.1675732417215383
192,50,2220.518723,0.1,0.13305704964288864
160,50,2222.923501,0.1,0.14381581664257692
172,50,2225.496248,0.14,0.20134228187919462
172,50,2227.982452,0.06,0.08900634249471459
178,50,2231.684159,0.08,0.12369817252898409
172,50,2234.21378,0.14,0.20569057498518079
174,50,2236.680934,0.08,0.11199135758012244
192,50,2239.167897,0.06,0.0886908077994429
152,50,2242.209102,0.14,0.1976884595480421
188,50,2245.377749,0.1,0.13819118594166896
188,50,2247.896907,0.06,0.08256608256608257
184,50,2250.366755,0.1,0.15618277256690474
178,50,2252.957316,0.08,0.11912360907444147
172,50,2256.516957,0.06,0.07424615968139579
168,50,2259.025656,0.06,0.08900378543070815
206,50,2261.450349,0.04,0.06815403422982885
166,50,2263.932689,0.08,0.10407608695652174
186,50,2266.549131,0.08,0.136191802626343
152,50,2270.008811,0.06,0.09488397097034316
164,50,2272.468184,0.1,0.149009900990099
176,50,2274.942775,0.06,0.09290219241165282
170,50,2277.432833,0.16,0.20191612436731743
204,50,2281.027448,0.06,0.08617558022199798
176,50,2283.510327,0.1,0.14249757986447242
182,50,2286.016863,0.12,0.17163017536577774
190,50,2288.410266,0.04,0.042060795298007166
190,50,2290.883173,0.04,0.05276989382949648
194,50,2294.415869,0.04,0.062092112623531606
188,50,2296.888474,0.1,0.14955249735347897
188,50,2299.288921,0.1,0.1091589562324566
180,50,2301.719383,0.02,0.024841483540345696
204,50,2304.687827,0.06,0.09547690230494744
166,50,2307.853666,0.08,0.11363636363636363
180,50,2310.203315,0.06,0.08632830361225423
180,50,2312.748182,0.1,0.15180175919795705
198,50,2315.118354,0.04,0.05826198208837713
198,50,2318.745879,0.04,0.07188762394417922
190,50,2321.179962,0.08,0.12819371494703108
180,50,2323.661683,0.06,0.07373925374457148
200,50,2326.006287,0.02,0.03315029489526134
174,50,2328.643784,0.04,0.07066589011842361
188,50,2332.150797,0.02,0.030050761421319797
212,50,2334.738927,0.06,0.11057108140947752
152,50,2337.249136,0.14,0.2110762800417973
196,50,2339.699554,0.06,0.10126448893572182
182,50,2343.14146,0.08,0.12910729863332365
150,50,2345.785151,0.12,0.16952415879710278
184,50,2348.174397,0.1,0.1295785742418275
178,50,2350.613034,0.08,0.13004069552349243
192,50,2353.117198,0.1,0.1544550436371017
170,50,2356.74472,0.08,0.12352999308232039
168,50,2359.133651,0.1,0.1291904422253923
164,50,2361.710617,0.14,0.21605568445475637
174,50,2364.175409,0.16,0.22613260742757146
166,50,2367.349492,0.08,0.11374454581515271
154,50,2370.296372,0.16,0.21334747491229503
192,50,2372.807266,0.06,0.07965747286667331
176,50,2375.233991,0.02,0.04020961402801572
194,50,2377.584503,0.0,0.0
186,50,2381.135023,0.08,0.08175110673880964
190,50,2383.652073,0.08,0.08699397071490095
170,50,2386.202941,0.12,0.18003243827716706
198,50,2388.755596,0.04,0.04304029304029304
190,50,2391.551038,0.04,0.06051506051506052
180,50,2394.795552,0.06,0.08112823495202094
152,50,2397.319076,0.1,0.11073189230185818
202,50,2399.847298,0.08,0.0838415943647453
168,50,2402.411446,0.14,0.21136158701532912
178,50,2406.118186,0.08,0.08132984210108704
198,50,2408.530479,0.08,0.11106934786694231
194,50,2410.936634,0.04,0.04659600878449346
190,50,2413.42609,0.08,0.10132827324478179
184,50,2416.300812,0.1,0.13740979130095574
164,50,2419.64827,0.14,0.19137198155014923
188,50,2422.153196,0.1,0.11515806008246612
206,50,2424.583067,0.04,0.07465085903747613
176,50,2427.079788,0.02,0.029961126386650234
176,50,2430.713159,0.06,0.1119850555500934
220,50,2433.240138,0.02,0.030074479117563873
200,50,2435.732814,0.06,0.09680511182108627
174,50,2438.23374,0.08,0.12589559877175024
176,50,2440.885472,0.1,0.1303967837790596
194,50,2444.441038,0.08,0.14730674342105263
154,50,2446.984852,0.16,0.23651643886220908
170,50,2449.581625,0.12,0.16867013724562233
168,50,2452.204378,0.14,0.17949857752489332
172,50,2455.915157,0.06,0.08951034411061441
188,50,2458.345367,0.02,0.03966942148760331
170,50,2460.935596,0.12,0.2025745933539567
186,50,2463.443464,0.08,0.10803511141120864
188,50,2466.58116,0.1,0.18851653749590655
180,50,2469.697707,0.02,0.0322879296377734
174,50,2472.188502,0.08,0.07995756172839506
172,50,2474.694185,0.06,0.0816679269741817
166,50,2477.317432,0.12,0.16604459756914539
186,50,2480.983948,0.08,0.08093457943925234
168,50,2483.542265,0.06,0.08375253728708852
182,50,2486.068399,0.08,0.08098148481035412
188,50,2488.651424,0.1,0.15014852822036187
150,50,2491.935704,0.08,0.09919102776245634
154,50,2494.908942,0.12,0.15740557642871267
178,50,2497.486521,0.12,0.1393852065321806
168,50,2500.07989,0.1,0.12879061371841155
164,50,2502.583545,0.06,0.0729662961002294
164,50,2506.389877,0.1,0.12283609576427255
168,50,2508.797897,0.02,0.014721254355400696
154,50,2511.454046,0.16,0.19667748711094138
154,50,2514.073545,0.2,0.26461949265687584
158,50,2517.744624,0.08,0.10338123415046492
172,50,2520.247924,0.1,0.13700255567725447
162,50,2522.771704,0.08,0.11048105094036481
166,50,2525.241071,0.08,0.09223210975157582
166,50,2527.729443,0.12,0.17671368250831013
166,50,2531.394938,0.08,0.08008638531449654
156,50,2533.958199,0.14,0.21079273253186295
150,50,2536.589953,0.16,0.2072208228379513
152,50,2539.238091,0.1,0.1691891350105242
172,50,2542.926846,0.06,0.09555915138439411
180,50,2545.521556,0.06,0.06947890818858561
190,50,2548.012885,0.08,0.10401161735342167
180,50,2550.649411,0.06,0.057579318448883664
170,50,2553.578099,0.12,0.17697314890154597
206,50,2556.889274,0.04,0.06158329286061195
170,50,2559.354415,0.04,0.03971189410161573
182,50,2562.004843,0.12,0.14950229709035223
186,50,2564.512579,0.08,0.11782326510234647
172,50,2568.278168,0.14,0.20570597855715064
158,50,2570.787526,0.08,0.12227285949772132
168,50,2573.333964,0.06,0.11272688674238404
176,50,2575.824737,0.06,0.08868446905421094
204,50,2578.924007,0.02,0.018969260655925038
180,50,2581.991813,0.1,0.17196206862840943
214,50,2584.386182,0.0,0.0
162,50,2586.855399,0.08,0.1030721838314878
180,50,2589.387204,0.06,0.0735337315186527
180,50,2593.051432,0.06,0.07727321989812506
136,50,2595.785742,0.18,0.23332749868720462
162,50,2598.18819,0.04,0.05575831305758313
150,50,2600.770035,0.12,0.16608016479272167
176,50,2603.8744,0.06,0.07381889763779527
188,50,2607.027725,0.06,0.04802608389143461
184,50,2609.559391,0.06,0.08645110872325877
192,50,2612.101887,0.06,0.0893569844789357
198,50,2614.55443,0.08,0.10265503690213745
182,50,2618.333001,0.08,0.08010999083409716
162,50,2620.789008,0.08,0.12468947066692146
182,50,2623.284073,0.08,0.13222384784198976
164,50,2625.771672,0.06,0.07320249279136824
190,50,2629.112872,0.08,0.13452172218975258
170,50,2632.044518,0.08,0.10590393595730486
182,50,2634.645992,0.08,0.10327868852459017
160,50,2637.234222,0.14,0.18016417026318016
198,50,2639.75772,0.04,0.057059878705048264
172,50,2643.446715,0.06,0.0803503747999663
160,50,2646.130405,0.18,0.2890328551596483
166,50,2648.666001,0.12,0.16771608471665714
188,50,2651.323433,0.1,0.1275766016713092
204,50,2654.917513,0.02,0.039783001808318265
164,50,2657.524001,0.06,0.08242348308573474
176,50,2660.032223,0.1,0.12460732984293194
166,50,2662.719895,0.16,0.2946584938704028
176,50,2665.524823,0.06,0.09970861409579311
188,50,2668.899775,0.06,0.11332955190017016
196,50,2671.415896,0.02,0.01473804316820386
200,50,2673.95304,0.02,0.03168334210988239
214,50,2676.491899,0.04,0.054598754122389154
178,50,2680.214932,0.08,0.11991692173152602
190,50,2682.693048,0.04,0.0630556974961676
180,50,2685.271472,0.06,0.09522852837769964
186,50,2687.775681,0.04,0.06315052041633307
172,50,2690.993223,0.1,0.0914175506268081
170,50,2694.018036,0.04,0.06214219759926131
182,50,2696.583238,0.08,0.11620608490977247
160,50,2699.119416,0.1,0.11392972391538186
182,50,2701.756104,0.12,0.16980461811722913
190,50,2705.534435,0.08,0.123360903772443
192,50,2708.047933,0.06,0.07606754343237539
188,50,2710.480834,0.02,0.025483998419596997
208,50,2712.961883,0.02,0.028149266609145816
196,50,2716.099312,0.02,0.023422377080913666
172,50,2719.108405,0.06,0.0929633867276888
186,50,2721.705029,0.04,0.04726188324597867
200,50,2724.349613,0.06,0.10497728619395615
162,50,2726.908335,0.12,0.148320644872369
200,50,2730.677584,0.02,0.027687000726216413
152,50,2733.261832,0.14,0.19037735849056603
162,50,2735.95054,0.12,0.1912563101247738
174,50,2738.459676,0.04,0.06775145113712057
204,50,2742.132432,0.02,0.008056394763343404
178,50,2744.717082,0.08,0.12780782983405153
208,50,2747.315505,0.06,0.06525628881170403
190,50,2749.849451,0.04,0.0625244236029699
156,50,2752.884743,0.06,0.08461814270347795
194,50,2756.204648,0.04,0.06316101611149551
188,50,2758.831686,0.1,0.14495610105715823
164,50,2761.394055,0.1,0.11926519955240582
144,50,2764.062973,0.1,0.14114897060145645
182,50,2767.771375,0.08,0.11583964592731297
174,50,2770.418717,0.08,0.12568140520896426
162,50,2772.981,0.08,0.12801602476554674
176,50,2775.634537,0.1,0.12994301502331204
188,50,2779.17948,0.02,0.015499674831996532
172,50,2781.948517,0.06,0.09751599956611347
176,50,2784.49412,0.02,0.030915266045458505
180,50,2787.135276,0.06,0.0936122314979833
168,50,2790.019707,0.1,0.13491291662982938
164,50,2793.465429,0.02,0.021668118466898954
172,50,2795.995926,0.06,0.058756865138174526
172,50,2798.666465,0.1,0.12425285274406811
144,50,2801.305352,0.14,0.18616498346590402
162,50,2805.169711,0.16,0.244825124910778
186,50,2807.746432,0.08,0.12576118612655546
168,50,2810.451747,0.14,0.17263481753696266
180,50,2813.026031,0.06,0.08976157082748948
200,50,2816.71349,0.02,0.02993041654751692
186,50,2819.286734,0.04,0.06058106498029511
180,50,2821.897006,0.1,0.15398649881408502
176,50,2824.381254,0.02,0.0314776508678838
186,50,2826.901232,0.0,0.0
160,50,2830.57538,0.1,0.1255248816224426
188,50,2833.140836,0.06,0.06716743820420998
168,50,2835.70388,0.1,0.14972574562907096
154,50,2838.319927,0.08,0.1095877721167207
172,50,2842.147287,0.1,0.14575971731448764
190,50,2844.767313,0.08,0.12408759124087591
164,50,2847.266005,0.06,0.08595194085027727
174,50,2849.884971,0.08,0.1124248496993988
168,50,2853.133049,0.14,0.2038009741189953
182,50,2856.156055,0.04,0.0637052671975439
166,50,2858.667029,0.08,0.1198140200286123
138,50,2861.345937,0.16,0.19213675213675213
158,50,2863.927674,0.16,0.24353488372093024
162,50,2867.752149,0.08,0.13273689976264377
196,50,2870.276364,0.02,0.023813692873402206
178,50,2873.012439,0.08,0.11447260834014718
142,50,2875.637311,0.12,0.19726232889555598
194,50,2879.304987,0.0,0.0
166,50,2881.894764,0.08,0.10078768349445041
188,50,2884.553159,0.1,0.1733346770130001
152,50,2887.150504,0.14,0.22337738048970074
162,50,2890.290255,0.08,0.1354
168,50,2893.399432,0.1,0.15192019950124688
170,50,2895.978,0.08,0.13471909010687322
164,50,2898.550982,0.1,0.13230565538112352
158,50,2901.147649,0.08,0.1111025204886346
180,50,2904.824563,0.02,0.028052364413572
174,50,2907.438424,0.04,0.06728284635261379
188,50,2910.002854,0.1,0.14442791005291006
166,50,2912.654316,0.12,0.17437120986181529
166,50,2916.105855,0.04,0.06423553027768485
186,50,2918.80321,0.04,0.062133355366438076
158,50,2921.321913,0.04,0.044175966061053215
170,50,2923.95834,0.12,0.13204380851439676
172,50,2926.508552,0.06,0.08983082015446855
188,50,2930.203646,0.02,0.03205246628486976
188,50,2932.735745,0.06,0.07805802835476426
156,50,2935.410016,0.14,0.18788606726149623
152,50,2937.976249,0.14,0.20261129463583452
166,50,2941.699986,0.08,0.11223905034793287
180,50,2944.283264,0.1,0.15989103101424978
158,50,2946.910185,0.12,0.15639508420573509
164,50,2949.404572,0.1,0.13450795015040826
176,50,2952.631943,0.1,0.13344252818190577
120,50,2955.74249,0.18,0.2220646625070902
176,50,2958.314605,0.02,0.0177734375
164,50,2960.862636,0.06,0.08397932816537468
164,50,2963.516614,0.06,0.06790903348073278
158,50,2967.274488,0.16,0.20539310103309402
152,50,2969.936398,0.14,0.16023166023166024
176,50,2972.466261,0.1,0.12674511368169125
160,50,2975.107065,0.06,0.09410112359550561
170,50,2978.786357,0.08,0.1335805286176079
180,50,2981.412069,0.1,0.14175860916081578
162,50,2984.032683,0.2,0.30021901007446344
178,50,2986.624851,0.08,0.10110491835337831
162,50,2989.830832,0.12,0.17145216035226127
200,50,2992.916868,0.02,0.02517162471395881
192,50,2995.478628,0.06,0.10410835214446952
186,50,2998.135314,0.12,0.1846590909090909
172,50,3000.694133,0.1,0.1344852806728835
168,50,3004.390254,0.06,0.07465096400417894
170,50,3006.969461,0.08,0.12125734539688462
184,50,3009.547501,0.06,0.07855131566171474
190,50,3012.055692,0.08,0.10090569009647568
164,50,3015.667784,0.06,0.08410286962565783
196,50,3018.188001,0.02,0.038586845856241093
196,50,3020.772153,0.06,0.06250533686277858
218,50,3023.343223,0.04,0.06533248623464634
202,50,3026.136225,0.04,0.07076612903225807
160,50,3029.628383,0.06,0.059489559164733176
174,50,3032.217161,0.08,0.0946914113077255
174,50,3034.868173,0.12,0.1867508463720377
182,50,3037.46177,0.08,0.13529641948738017
198,50,3041.05844,0.0,0.0
174,50,3043.719212,0.12,0.17633950198624165
196,50,3046.20161,0.06,0.09596844872918492
164,50,3048.801866,0.06,0.06879209699146835
198,50,3051.909487,0.04,0.057660942147174515
194,50,3055.107605,0.08,0.1022837492284631
172,50,3057.575871,0.06,0.08978444236176195
190,50,3060.196772,0.08,0.12942555685814772
182,50,3062.68163,0.08,0.08552066431230314
196,50,3066.448564,0.06,0.0834930981595092
196,50,3068.931058,0.02,0.03251877911952077
172,50,3071.583648,0.1,0.1282213011353397
176,50,3074.057385,0.06,0.0893093192333113
208,50,3077.533728,0.02,0.02604455280948687
172,50,3080.238692,0.06,0.09009329187027988
188,50,3082.914536,0.14,0.17480582090884741
176,50,3085.543076,0.14,0.2025957290132548
150,50,3088.559615,0.16,0.24598027893754998
188,50,3091.988156,0.1,0.1217564870259481
174,50,3094.53993,0.04,0.05281306715063521
174,50,3097.087359,0.08,0.12364068354199031
142,50,3099.764266,0.12,0.13744659875123233
190,50,3103.496002,0.08,0.10109337035751476
192,50,3106.004977,0.02,0.026060716898317484
198,50,3108.569985,0.08,0.11676458245908519
184,50,3111.152801,0.06,0.07886782082989832
180,50,3114.588297,0.1,0.15223651372624303
164,50,3117.598138,0.1,0.1479456885910774
186,50,3120.128337,0.04,0.06216188629172196
174,50,3122.73579,0.08,0.08828084667010841
172,50,3125.34568,0.1,0.1473751367116296
170,50,3129.149084,0.08,0.11299065420560747
166,50,3131.803579,0.16,0.2467826717418887
174,50,3134.414389,0.12,0.19176607767512782
180,50,3136.937192,0.06,0.07807626521782876
174,50,3140.696174,0.08,0.07997272550165595
168,50,3143.209114,0.1,0.15302421331242036
170,50,3145.876566,0.16,0.19266777495843906
176,50,3148.506938,0.1,0.16821541710665258
172,50,3151.896338,0.06,0.10482096419283857
164,50,3154.826656,0.06,0.0872288281746392
164,50,3157.491992,0.18,0.22309394488030576
192,50,3160.000504,0.06,0.09042334566378955
194,50,3162.547892,0.08,0.11966123303888535
200,50,3166.201579,0.06,0.08809332260659694
196,50,3168.750916,0.06,0.07783242730175166
192,50,3171.24346,0.06,0.0978018785707369
154,50,3173.925025,0.12,0.15024477080551846
170,50,3177.679131,0.08,0.11820884764393189
164,50,3180.307533,0.1,0.13339145597210114
178,50,3182.804256,0.12,0.15371681415929203
192,50,3185.414336,0.1,0.12132204756146715
186,50,3188.180965,0.08,0.1090436174469788
198,50,3191.587663,0.04,0.06081560283687943
170,50,3194.053633,0.08,0.10244226931483418
184,50,3196.677089,0.14,0.19057659557213527
176,50,3199.257496,0.1,0.1882624464226838
172,50,3203.001991,0.06,0.07239903219802717
186,50,3205.478773,0.04,0.04002733574148199
214,50,3208.133517,0.04,0.05300594368118484
172,50,3210.662352,0.1,0.1061601278182141
162,50,3214.034508,0.12,0.16974358974358975
158,50,3217.092788,0.16,0.20294452578493574
176,50,3219.654896,0.1,0.1048155933498949
148,50,3222.174593,0.1,0.12101138272065684
160,50,3224.757002,0.1,0.16283543329806674
158,50,3228.503166,0.16,0.2544624325446243
162,50,3231.194959,0.16,0.21287570677512152
174,50,3233.795856,0.08,0.1092005359535507
176,50,3236.389713,0.1,0.1466756730676445
190,50,3240.13201,0.04,0.020443255636224685
198,50,3242.66692,0.04,0.06209206458261766
178,50,3245.224469,0.08,0.10865858279651383
182,50,3247.837894,0.08,0.08981592822125613
170,50,3250.887949,0.12,0.15545032328567526
174,50,3254.135205,0.08,0.11378361586935298
168,50,3256.668316,0.06,0.08940430171473883
164,50,3259.280152,0.06,0.07229444834855939
192,50,3261.794676,0.06,0.07442999811569626
168,50,3265.53521,0.1,0.12534606205250598
174,50,3268.086513,0.08,0.07938144329896907
178,50,3270.715191,0.08,0.09998975514803811
170,50,3273.254946,0.12,0.17906263688129653
162,50,3277.061065,0.12,0.1794049008168028
158,50,3279.614031,0.04,0.05545469549430599
172,50,3282.281059,0.06,0.0891150169596053
184,50,3284.880913,0.1,0.13142151742474598
134,50,3287.811969,0.08,0.12768279374317934
192,50,3291.259384,0.06,0.06920944460376637
184,50,3293.927803,0.06,0.07741339491916858
178,50,3296.535214,0.08,0.12042892493813583
202,50,3299.228003,0.04,0.050064695929133075
186,50,3302.912552,0.08,0.0998452012383901
162,50,3305.559903,0.08,0.10834033809657234
182,50,3308.034415,0.04,0.05023838954617694
196,50,3310.638168,0.06,0.10550599815441403
194,50,3314.010568,0.08,0.11122305057424944
174,50,3316.832723,0.04,0.05688687392055268
156,50,3319.398307,0.1,0.14746450304259634
160,50,3322.061159,0.1,0.14117432197972787
160,50,3324.784979,0.14,0.17755225080385853
194,50,3328.390967,0.04,0.04678302179076733
160,50,3331.010442,0.14,0.16768373573892278
168,50,3333.718174,0.14,0.170470123377147
178,50,3336.369619,0.08,0.10635753059159077
154,50,3340.187495,0.16,0.21922796795338675
156,50,3342.721795,0.1,0.11582670203359859
198,50,3345.260781,0.04,0.05267921795800145
162,50,3347.786077,0.12,0.15077138849929875
178,50,3351.422576,0.16,0.22333267365921236
162,50,3354.31254,0.16,0.20886615515771526
174,50,3356.893795,0.08,0.11592777976403289
164,50,3359.461703,0.06,0.10036798528058878
188,50,3362.107488,0.02,0.023257809818056988
172,50,3365.738789,0.1,0.137756415758304
192,50,3368.294287,0.06,0.0992955064737243
186,50,3370.849731,0.08,0.12738853503184713
174,50,3373.450252,0.08,0.14541432019308126
182,50,3377.216264,0.12,0.1645306546588154
174,50,3379.832263,0.08,0.10213737967041932
186,50,3382.346242,0.08,0.1395011600928074
146,50,3385.033601,0.08,0.11671258034894398
160,50,3388.492093,0.18,0.2100456621004566
218,50,3391.406237,0.04,0.05334040296924708
206,50,3393.955774,0.04,0.045981567733624024
206,50,3396.508862,0.04,0.07068118727311552
158,50,3399.093903,0.12,0.17886977886977887
210,50,3402.769028,0.0,0.0
178,50,3405.31376,0.08,0.10287081339712918
188,50,3407.844751,0.06,0.07942307692307693
160,50,3410.42641,0.1,0.14540890219175437
174,50,3414.245391,0.12,0.16016771488469603
178,50,3416.858136,0.08,0.1164647577092511
190,50,3419.495879,0.04,0.027601899485555994
180,50,3422.025363,0.06,0.08509077571978728
160,50,3425.372533,0.1,0.1368634004749758
174,50,3428.457289,0.08,0.08187134502923976
166,50,3431.207317,0.12,0.18116073042849395
174,50,3433.709701,0.04,0.046290859267958506
166,50,3436.34917,0.12,0.1732519541706821
138,50,3440.220627,0.16,0.21221839799749687
174,50,3442.891534,0.12,0.19850187265917604
140,50,3445.677631,0.26,0.3259184050212295
174,50,3448.309703,0.08,0.12339107713152037
170,50,3452.058891,0.08,0.10633819287440555
184,50,3454.814453,0.14,0.22433619067530838
174,50,3457.328446,0.08,0.09822029822029822
176,50,3459.948615,0.06,0.07741413414853443
182,50,3463.467625,0.04,0.06435735512630014
172,50,3466.238647,0.1,0.14456967213114755
176,50,3468.791677,0.06,0.06948132412816428
170,50,3471.498024,0.16,0.23098125689084895
172,50,3474.367051,0.1,0.1322986577181208
180,50,3477.903516,0.06,0.09714231821182684
170,50,3480.45492,0.08,0.1402913590101776
162,50,3483.083929,0.12,0.19062556013622514
168,50,3485.706863,0.1,0.14339692194267809
166,50,3489.527291,0.12,0.171836398572605
168,50,3492.140655,0.14,0.19450987497735098
170,50,3494.760743,0.08,0.11241347485002308
182,50,3497.269519,0.08,0.11297539149888143
172,50,3501.036016,0.1,0.13529509836612205
196,50,3503.629346,0.06,0.08601106688671002
176,50,3506.267712,0.1,0.1485990511144929
172,50,3508.909644,0.1,0.13600856072766185
186,50,3511.92141,0.12,0.18255087648599638
190,50,3515.245087,0.04,0.03585346843335931
160,50,3517.895226,0.1,0.15398907103825138
162,50,3520.541885,0.08,0.11085604973696796
188,50,3523.160923,0.06,0.10409685439411956
180,50,3526.808666,0.06,0.0860517435320585
190,50,3529.388633,0.08,0.12901532647491076
172,50,3531.981612,0.06,0.09197427539423839
172,50,3534.753633,0.14,0.1850150203216116
190,50,3538.421955,0.0,0.0
156,50,3541.137171,0.14,0.15531032439638573
182,50,3543.774589,0.08,0.11645498692566306
194,50,3546.465394,0.08,0.1300184162062615
170,50,3549.758155,0.16,0.23441326050103597
184,50,3552.916062,0.1,0.15109377649652367
208,50,3555.51727,0.06,0.07047045101088648
180,50,3558.188764,0.06,0.08297514483274154
170,50,3560.76859,0.08,0.10633260998224502
218,50,3564.478411,0.0,0.0
218,50,3566.965613,0.0,0.0
178,50,3569.593213,0.08,0.10846245530393325
172,50,3572.164014,0.06,0.09049813862790286
162,50,3576.117462,0.16,0.23262548262548263
172,50,3578.596731,0.02,0.031083092548813588
188,50,3581.193072,0.06,0.08669774823926198
166,50,3583.728631,0.08,0.13420416061925497
168,50,3586.988691,0.1,0.13991886026983677
184,50,3590.056551,0.02,0.021844660194174758
178,50,3592.644753,0.04,0.06262359920896507
166,50,3595.263233,0.12,0.16854224376731303
178,50,3597.851663,0.04,0.06138290266571341
194,50,3601.617659,0.04,0.03131405146891369
194,50,3604.211682,0.04,0.05005894622290741
192,50,3606.888047,0.06,0.0928314052721411
178,50,3609.540565,0.08,0.12215045592705168
200,50,3613.275506,0.02,0.03407434402332361
168,50,3615.934966,0.06,0.09551401869158878
200,50,3618.46848,0.02,0.03290236290682122
158,50,3621.249069,0.08,0.12384069830878341
174,50,3624.618378,0.08,0.12342359050445104
186,50,3627.696614,0.08,0.11510791366906475
184,50,3630.327991,0.06,0.0910627298936276
182,50,3632.991588,0.04,0.05510101853397896
182,50,3635.711653,0.08,0.11734975188384489
180,50,3639.488332,0.06,0.08796252927400468
170,50,3642.100945,0.08,0.07908811924594476
154,50,3644.835057,0.12,0.17151607963246554
162,50,3647.529689,0.12,0.1712179137083561
180,50,3651.410192,0.1,0.14235069539132805
174,50,3654.077615,0.08,0.0917655926135293
202,50,3656.845765,0.08,0.10478468899521531
202,50,3659.38309,0.04,0.0634304207119741
174,50,3663.244765,0.08,0.12116026354068624
188,50,3665.811794,0.06,0.08943089430894309
186,50,3668.542668,0.08,0.13101500097408922
182,50,3671.157297,0.04,0.06705509557395482
172,50,3674.762703,0.1,0.15632300660233622
188,50,3677.605783,0.1,0.1314274369664483
180,50,3680.24543,0.1,0.1095166163141994
188,50,3682.828894,0.02,0.031253356245301255
206,50,3685.763514,0.04,0.05468062212657732
200,50,3689.220433,0.02,0.02687398885493439
190,50,3691.93604,0.04,0.06558697208303507
178,50,3694.617058,0.08,0.0902334444973797
174,50,3697.432809,0.12,0.13987138263665594
164,50,3701.239547,0.06,0.07202432667245873
174,50,3703.951853,0.12,0.13322867608581895
172,50,3706.556047,0.06,0.06298640655805748
184,50,3709.221119,0.06,0.0944786420443947
168,50,3712.997036,0.1,0.12858384013900956
186,50,3715.695606,0.04,0.0656960873521383
188,50,3718.305228,0.02,0.04068922565912394
174,50,3721.06455,0.12,0.17109508445625357
176,50,3724.843189,0.1,0.14098303305929683
200,50,3727.519198,0.02,0.010475973582327488
194,50,3730.115695,0.04,0.07643312101910828
180,50,3732.926458,0.1,0.13736783288919455
166,50,3736.235274,0.08,0.10640087475817983
162,50,3739.510118,0.12,0.1407301480484522
200,50,3742.168877,0.06,0.10183759367621394
208,50,3744.887572,0.02,0.036916173771160514
192,50,3747.781493,0.06,0.09926550010801469
176,50,3751.412356,0.06,0.09665391969407265
208,50,3753.948333,0.02,0.027777777777777776
192,50,3756.606863,0.06,0.0764368374987844
194,50,3759.175885,0.04,0.0745390349156532
176,50,3762.981531,0.02,0.01577188218090662
192,50,3765.521793,0.06,0.10061150391744697
196,50,3768.243623,0.06,0.08173865500273374
192,50,3770.767761,0.02,0.01396676521561831
176,50,3774.651321,0.06,0.10015117157974301
174,50,3777.284502,0.04,0.06290179012956186
174,50,3779.94003,0.04,0.04326700601573346
164,50,3782.463846,0.02,0.027559055118110236
174,50,3785.620379,0.08,0.0929512691253206
184,50,3788.94265,0.06,0.08884755071308353
182,50,3791.585106,0.04,0.07213578500707214
184,50,3794.049752,0.02,0.017246596066565808
172,50,3796.645543,0.02,0.024392911835484577
194,50,3800.399754,0.08,0.07846590353194403
186,50,3803.071682,0.08,0.11691590600116528
206,50,3805.634407,0.04,0.048672566371681415
190,50,3808.276809,0.04,0.05665266732195514
190,50,3811.972477,0.0,0.0
160,50,3814.607235,0.1,0.15004651949589784
160,50,3817.250947,0.1,0.1500650436721799
168,50,3819.919269,0.06,0.09045270389290118
174,50,3823.081624,0.08,0.14671705243268776
210,50,3826.281666,0.04,0.04391122913505311
176,50,3828.876624,0.1,0.14842027920646583
180,50,3831.61897,0.1,0.1547585951255676
178,50,3834.202641,0.04,0.06871129460336184
184,50,3838.105968,0.06,0.1096640826873385
188,50,3840.788821,0.1,0.13823692478284974
168,50,3843.493092,0.02,0.03574753304784956
176,50,3846.12487,0.06,0.07989252127183162
148,50,3850.070405,0.1,0.1421495789995047
190,50,3852.594654,0.0,0.0
178,50,3855.31166,0.08,0.10580304806565065
202,50,3857.967763,0.08,0.10988596739232871
190,50,3861.819233,0.04,0.06090238462858123
168,50,3864.515482,0.1,0.13568790834201308
190,50,3867.138901,0.0,0.0
202,50,3869.646916,0.0,0.0
194,50,3872.818933,0.0,0.0
190,50,3876.102365,0.04,0.05727723188040648
186,50,3878.83592,0.08,0.11030377308938108
172,50,3881.510655,0.1,0.131655460657823
190,50,3884.198453,0.04,0.08932609678878335
184,50,3887.903486,0.02,0.03407900999524036
182,50,3890.532035,0.04,0.06220480353733293
184,50,3893.111705,0.06,0.0753411306042885
178,50,3895.909437,0.16,0.20564281559045958
180,50,3899.727757,0.1,0.11682462231397203
198,50,3902.33683,0.04,0.06621124540199684
198,50,3904.854173,0.0,0.0
200,50,3907.504348,0.06,0.08335098496081339
190,50,3911.219284,0.08,0.10593828489415141
188,50,3913.984409,0.06,0.10692847695594669
188,50,3916.697155,0.14,0.20103348901917917
198,50,3919.317,0.0,0.0
174,50,3922.51664,0.04,0.04432194046306505
162,50,3926.028989,0.16,0.2061960857063352
170,50,3928.719429,0.08,0.128139024157357
190,50,3931.44528,0.04,0.06149589432345591
196,50,3934.126125,0.02,0.03518974864465254
176,50,3937.899083,0.02,0.03149462952849081
180,50,3940.477333,0.02,0.03130419701699618
174,50,3943.258898,0.08,0.1241287119259047
192,50,3945.886619,0.1,0.14538667687595713
166,50,3949.813539,0.12,0.20229188370110807
212,50,3952.404511,0.06,0.08605148220425611
166,50,3955.19061,0.16,0.21755376567300508
182,50,3957.899476,0.04,0.06725536502721019
184,50,3961.692386,0.02,0.02280901833494166
190,50,3964.312895,0.04,0.03556992724333064
158,50,3966.961013,0.04,0.06582062695330997
182,50,3969.525584,0.04,0.058007794797425904
210,50,3973.107701,0.04,0.05285740368815045
186,50,3976.007321,0.04,0.059906811626359
168,50,3978.674286,0.06,0.06850089512861585
172,50,3981.433272,0.1,0.16472277050062803
162,50,3984.669976,0.08,0.11855843718423711
212,50,3988.049524,0.06,0.10064218342364038
162,50,3990.882466,0.12,0.19769864100783652
188,50,3993.583363,0.1,0.1319061342116097
188,50,3996.41226,0.1,0.16164731494920173
208,50,4000.050849,0.06,0.0949353676626404
190,50,4002.798402,0.04,0.053733295953649195
190,50,4005.49834,0.04,0.06565509191712868
200,50,4008.168494,0.02,0.036165537447353964
194,50,4011.927655,0.04,0.05636302180158864
196,50,4014.644966,0.06,0.0656036051650923
176,50,4017.380559,0.14,0.19388899271164267
186,50,4020.116265,0.08,0.13737687921202696
148,50,4024.091641,0.18,0.2575609756097561
196,50,4026.73858,0.02,0.03874915023793338
180,50,4029.236959,0.02,0.034862215646384316
160,50,4031.997569,0.14,0.17577315313821407
164,50,4035.682453,0.1,0.15609584214235378
180,50,4038.54593,0.1,0.17797406502537116
188,50,4041.171138,0.06,0.10165247871807712
202,50,4043.840954,0.04,0.071695644045616
206,50,4046.861369,0.04,0.04703534777651083
202,50,4050.402727,0.08,0.13427377220480669
188,50,4052.982023,0.06,0.05599910041605757
184,50,4055.673629,0.1,0.139760147601476
196,50,4058.255462,0.06,0.07733952049497293
172,50,4062.113899,0.1,0.14334196659819595
198,50,4064.653359,0.08,0.12019641332194705
194,50,4067.370932,0.08,0.12056388012618297
198,50,4069.974926,0.08,0.1175090429171962
200,50,4073.836388,0.06,0.06112693246541904
202,50,4076.38825,0.0,0.0
174,50,4079.176601,0.08,0.11026243634939287
166,50,4081.820985,0.08,0.12198867453690374
160,50,4085.520772,0.06,0.07509225092250922
194,50,4088.249295,0.04,0.05972045743329098
196,50,4092.261893,0.02,0.03270745003028468
182,50,4094.823518,0.04,0.0578816679510232
150,50,4098.830905,0.16,0.21207696272118193
184,50,4101.423378,0.06,0.10248302799218822
180,50,4104.082135,0.02,0.026123817034700316
164,50,4106.791634,0.06,0.07391563867886988
164,50,4110.622628,0.1,0.12860917154180035
204,50,4113.279757,0.02,0.0396438414246343
192,50,4115.997151,0.06,0.10793519760602621
202,50,4118.543481,0.0,0.0
194,50,4121.483722,0.08,0.1328755177676041
180,50,4124.927562,0.1,0.12969064616511075
168,50,4127.711073,0.14,0.18801207416990082
184,50,4130.281508,0.1,0.1199825479930192
180,50,4132.861377,0.02,0.02360179998163284
180,50,4136.739305,0.1,0.15827478532396566
160,50,4139.50888,0.14,0.20594308286201635
174,50,4142.138298,0.08,0.1259729802272524
180,50,4144.815369,0.06,0.07183452902264045
204,50,4148.534743,0.06,0.06517290771434418
210,50,4151.190906,0.04,0.059562947205569525
172,50,4153.777538,0.02,0.03243193860771058
206,50,4156.41698,0.04,0.044557145444665824
206,50,4161.23774,0.0,0.0
210,50,4163.831086,0.0,0.0
170,50,4166.639513,0.08,0.10876761562470444
166,50,4169.32107,0.04,0.04623805244669553
174,50,4173.144609,0.08,0.13732728615124987
168,50,4175.83679,0.06,0.08041958041958042
192,50,4178.478186,0.1,0.13287671232876713
196,50,4181.097389,0.02,0.02005679801206958
174,50,4184.318711,0.08,0.09217374846219362
186,50,4187.632447,0.04,0.06144406900231193
192,50,4190.15136,0.02,0.021252796420581657
146,50,4192.947075,0.12,0.16846674068840214
172,50,4195.597674,0.02,0.022165312610385023
154,50,4199.582475,0.08,0.08580996232733361
182,50,4202.19774,0.04,0.04126984126984127
188,50,4204.901503,0.06,0.08647450110864745
196,50,4207.5363,0.06,0.07783168107994094
204,50,4211.331701,0.02,0.03178928247048138
184,50,4213.838587,0.02,0.029885633191418317
194,50,4216.505049,0.08,0.10799756331041685
212,50,4219.1085,0.02,0.043368743839667066
148,50,4223.061105,0.1,0.16394935786501502
186,50,4225.738555,0.12,0.17513308670937472
164,50,4228.446047,0.1,0.14627185158758474
178,50,4231.11914,0.04,0.06681874346545005
162,50,4234.756087,0.12,0.17420238794284595
184,50,4237.71325,0.06,0.09950567557671183
190,50,4240.321733,0.04,0.03715083798882682
200,50,4242.897446,0.06,0.08592181974577082
164,50,4245.704568,0.1,0.15789015580120114
184,50,4249.445902,0.06,0.06886877828054298
164,50,4252.19374,0.14,0.18091792039611504
150,50,4254.879972,0.16,0.20932981722287897
186,50,4257.679059,0.08,0.12358028550588726
138,50,4261.539683,0.08,0.09620886981402003
168,50,4264.275895,0.1,0.128277335404933
166,50,4266.958892,0.12,0.14565299209634927
154,50,4269.702415,0.08,0.09559209375546615
174,50,4273.499133,0.08,0.13272676109183004
170,50,4276.20873,0.12,0.1426276631721339
176,50,4278.885952,0.06,0.07660550458715597
180,50,4281.612987,0.1,0.16130594845960086
162,50,4285.432846,0.08,0.07653348339898705
166,50,4288.19922,0.08,0.11146586533946849
156,50,4290.916032,0.06,0.04154741932300405
162,50,4293.632907,0.08,0.07429951690821256
162,50,4297.313727,0.12,0.1602809138590097
168,50,4300.192088,0.06,0.06812423759031623
180,50,4302.749163,0.06,0.08608040692556002
184,50,4305.425132,0.1,0.1528110599078341
200,50,4308.442442,0.06,0.08387673068334078
192,50,4311.930112,0.02,0.03171905975644294
184,50,4314.500138,0.06,0.08551453661863756
216,50,4317.303433,0.06,0.08304954410633857
198,50,4319.893018,0.04,0.061336515513126494
184,50,4323.741254,0.06,0.08416062963956712
208,50,4326.314303,0.02,0.0332384537691672
214,50,4328.978422,0.0,0.0
170,50,4331.636549,0.08,0.11690265486725664
168,50,4335.527249,0.1,0.11060802069857698
190,50,4338.221477,0.12,0.1457389872375463
174,50,4341.034247,0.12,0.18831168831168832
168,50,4343.660908,0.06,0.08896700919415901
162,50,4347.613158,0.08,0.12249017316477212
180,50,4350.357728,0.1,0.10853589598643301
178,50,4353.199924,0.08,0.14990096945689566
168,50,4355.835753,0.06,0.07145464500821318
168,50,4359.441869,0.1,0.13108190443032466
210,50,4362.359406,0.04,0.06445437141033823
160,50,4365.139822,0.1,0.15130736880599743
196,50,4367.763571,0.06,0.09023605150214592
166,50,4371.149801,0.08,0.11541867558791695
174,50,4374.427018,0.08,0.12984533129654383
196,50,4377.172929,0.06,0.08469265505483366
194,50,4379.820557,0.08,0.12013967534918837
216,50,4382.697267,0.02,0.0279849109571015
176,50,4386.391771,0.1,0.14450764308567365
196,50,4389.111129,0.06,0.055103318722604884
186,50,4391.745763,0.08,0.13579985158486166
218,50,4394.448384,0.04,0.05878136200716846
182,50,4398.205699,0.04,0.07045476213175708
172,50,4400.919207,0.06,0.07027295285359801
162,50,4403.708533,0.12,0.14480286738351256
172,50,4406.468313,0.06,0.07176988662981355
172,50,4410.414942,0.1,0.14115544967242405
150,50,4413.221232,0.12,0.15984631879914224
214,50,4415.787163,0.0,0.0
164,50,4418.45912,0.1,0.13066614111154906
180,50,4422.315185,0.06,0.07692940595688662
198,50,4425.018342,0.04,0.06551039598788005
174,50,4427.729205,0.12,0.15516351118760757
172,50,4430.470607,0.06,0.08239915684583693
178,50,4434.101158,0.08,0.11926020408163265
172,50,4437.155757,0.1,0.11350844277673545
180,50,4439.739527,0.02,0.020747260643075267
182,50,4442.498083,0.08,0.07281388227288194
152,50,4445.624274,0.14,0.17485406376290974
202,50,4449.007739,0.04,0.040298660120691415
200,50,4451.609402,0.06,0.08296494294232548
200,50,4454.253071,0.06,0.10638297872340426
162,50,4456.841064,0.08,0.13633764154180486
156,50,4460.744494,0.06,0.09407827461188063
164,50,4463.414969,0.06,0.07679083094555873
164,50,4466.180738,0.06,0.09053540232247456
162,50,4468.943869,0.16,0.20573921798959557
200,50,4472.864312,0.06,0.10703500726988033
184,50,4475.468927,0.06,0.0884588804422944
154,50,4478.159767,0.08,0.12333839726547664
208,50,4480.743807,0.02,0.01907194550872712
170,50,4484.562576,0.04,0.04856512141280353
174,50,4487.168811,0.04,0.06864813039309683
198,50,4489.940892,0.08,0.10318310133359292
188,50,4492.707847,0.1,0.15460069444444444
188,50,4496.265074,0.1,0.10373107426099495
198,50,4499.278177,0.08,0.0728560854393571
178,50,4502.066487,0.12,0.16971018442809122
176,50,4504.772413,0.1,0.09768588770864947
194,50,4507.925879,0.04,0.061695334225975895
188,50,4511.268279,0.06,0.0650673110113911
