#{"t_start": 1679328943.2951014, "env_id": "DeepRMSA-v2"}
r,l,t,episode_service_blocking_rate,episode_bit_rate_blocking_rate
102,50,7.426527,0.0,0.0
134,50,8.139244,0.0,0.0
150,50,11.196226,0.0,0.0
178,50,11.933623,0.0,0.0
166,50,12.463639,0.0,0.0
182,50,12.956656,0.0,0.0
186,50,13.46713,0.0,0.0
178,50,13.940238,0.0,0.0
170,50,14.492962,0.0,0.0
198,50,14.975964,0.0,0.0
190,50,15.513719,0.0,0.0
178,50,16.032991,0.0,0.0
198,50,16.547764,0.0,0.0
186,50,17.044106,0.0,0.0
174,50,17.586349,0.0,0.0
182,50,18.107475,0.0,0.0
186,50,18.671935,0.0,0.0
174,50,19.201285,0.0,0.0
170,50,19.77241,0.0,0.0
202,50,20.340484,0.0,0.0
222,50,20.91775,0.0,0.0
186,50,21.51164,0.0,0.0
206,50,22.259079,0.04,0.05631882538017829
148,50,23.130075,0.14,0.15008828722778106
168,50,24.082821,0.06,0.04184397163120567
166,50,24.794323,0.08,0.08815239576246477
158,50,25.388193,0.12,0.13934760448521916
204,50,25.979047,0.06,0.020155923179311655
178,50,26.583048,0.12,0.11009097035040431
204,50,27.204854,0.02,0.0031122176773964077
128,50,27.802897,0.22,0.23002421307506055
206,50,28.39914,0.08,0.07133254915140312
142,50,29.032699,0.2,0.2543859649122807
204,50,29.713974,0.02,0.006841611996251172
156,50,30.335163,0.18,0.22498955286251568
166,50,30.927058,0.16,0.2027666883297744
186,50,31.597715,0.08,0.08210066514444554
190,50,32.211052,0.12,0.14986812358703844
182,50,32.881134,0.08,0.09000775928959392
108,50,33.480271,0.3,0.3356762917933131
164,50,34.283595,0.18,0.18100237047070775
168,50,36.662948,0.14,0.17082990209534266
146,50,38.351732,0.2,0.2424587863907401
178,50,39.010776,0.12,0.1849721706864564
182,50,39.710682,0.12,0.14955520669806385
154,50,40.339318,0.24,0.2761240725842496
186,50,40.992139,0.16,0.2146023960003773
172,50,41.697505,0.1,0.10720806886357707
192,50,42.424648,0.1,0.14395131675584932
150,50,43.074041,0.16,0.14332344213649853
144,50,43.736656,0.22,0.28060653054191437
192,50,44.439594,0.06,0.07397671798723245
156,50,45.185394,0.14,0.16603857237863
176,50,45.851084,0.14,0.17879436418762262
168,50,46.559453,0.14,0.18502928257686677
154,50,47.230491,0.16,0.22232806248809298
104,50,48.173391,0.42,0.4753909465020576
118,50,49.187401,0.32,0.3902857633227495
136,50,50.124085,0.22,0.2784872298624754
168,50,50.824741,0.14,0.20155359917141377
146,50,51.560076,0.2,0.25560581272254834
148,50,52.270298,0.18,0.21210486568130327
148,50,52.975769,0.22,0.26844426623897355
146,50,53.667417,0.2,0.23866281776701742
184,50,54.498422,0.14,0.1496565734739286
144,50,55.19476,0.3,0.35604564406407724
142,50,55.902983,0.28,0.3377009571601152
148,50,56.584706,0.26,0.30354957160342716
126,50,57.296718,0.36,0.467512908777969
154,50,58.009912,0.24,0.25571126895757346
144,50,58.728867,0.22,0.2619770745566768
130,50,59.451887,0.28,0.33007563525112604
170,50,60.471712,0.2,0.20983394436057795
140,50,61.592296,0.26,0.30659318228209836
156,50,62.572372,0.14,0.1574272886980285
120,50,63.249747,0.3,0.3566650024962556
128,50,63.958046,0.3,0.36934539648749337
156,50,64.659403,0.22,0.26683777325427027
118,50,65.370025,0.32,0.3740034041028397
160,50,66.089546,0.22,0.3204239706481859
120,50,66.805191,0.34,0.3875127248048863
122,50,67.49992,0.28,0.38127712337259767
96,50,68.214825,0.34,0.38219842392402503
150,50,69.385826,0.24,0.3413220705235242
96,50,70.575241,0.38,0.4593499677746064
156,50,71.739124,0.22,0.2698496905393457
146,50,72.693418,0.24,0.292675976061556
112,50,73.817086,0.34,0.42166836215666326
166,50,74.898802,0.24,0.2706248178019629
150,50,75.589891,0.24,0.3304785894206549
142,50,76.372369,0.24,0.2867342441604231
174,50,77.090439,0.2,0.2476170741815168
134,50,77.85275,0.28,0.342953857117406
112,50,78.585377,0.34,0.36890564714135393
154,50,79.336959,0.28,0.33816787530215886
126,50,80.038015,0.32,0.42606406318560774
124,50,80.776457,0.3,0.3830854685540226
112,50,81.481953,0.38,0.4806519165983793
124,50,82.235296,0.3,0.40734723350482893
164,50,82.967864,0.22,0.2660722665415298
96,50,83.712697,0.38,0.4575876310494546
98,50,84.447324,0.4,0.5072292443393652
144,50,85.631793,0.26,0.33393810032017074
120,50,86.879124,0.3,0.3797835035828632
128,50,87.7655,0.3,0.3610918544194107
122,50,88.527711,0.32,0.37097269100951213
146,50,89.316893,0.28,0.36453886627618387
126,50,90.080236,0.28,0.3420712571534059
132,50,90.86207,0.3,0.3871023813662437
180,50,91.639626,0.14,0.1829935824839562
140,50,92.452555,0.3,0.37098263760620614
166,50,93.249418,0.2,0.22817514277943976
100,50,94.043953,0.34,0.49063599201445
118,50,94.805432,0.36,0.4348917748917749
124,50,95.626444,0.26,0.3333663464395365
106,50,96.390285,0.4,0.4347238776321017
120,50,97.269934,0.3,0.3644111570247934
114,50,98.55585,0.32,0.37588020322666904
148,50,99.736915,0.26,0.340928349496281
122,50,100.537563,0.24,0.3068522276988499
150,50,101.358411,0.24,0.36664701257861637
132,50,102.147098,0.26,0.29997162047110015
132,50,102.932514,0.3,0.3975375431396325
152,50,103.760878,0.18,0.23711932579965525
124,50,104.645382,0.22,0.289225771521386
100,50,105.470495,0.38,0.39567626487419383
140,50,106.319943,0.22,0.24589421225506852
136,50,107.121802,0.26,0.3165918443696221
112,50,107.938331,0.3,0.36562935438922434
102,50,108.690011,0.4,0.46331345605392793
106,50,109.523929,0.36,0.4093471540280051
140,50,110.872968,0.26,0.338033228558599
118,50,112.176726,0.32,0.3222832980972516
112,50,112.981613,0.38,0.46307172094678767
124,50,113.789091,0.34,0.38053767512305947
130,50,114.615672,0.28,0.3457421159224612
134,50,115.50467,0.2,0.25360177318064275
116,50,116.377554,0.3,0.36241186042306994
114,50,117.244136,0.4,0.5392454854282138
152,50,118.106747,0.18,0.2531847133757962
132,50,118.975562,0.26,0.3113894552869211
126,50,119.820269,0.24,0.3095529411764706
148,50,120.674443,0.22,0.2897252090800478
82,50,121.503222,0.44,0.4974652041662826
116,50,122.734708,0.34,0.4188780053428317
136,50,124.169576,0.22,0.29074288116002944
128,50,125.162467,0.26,0.3177638837808018
146,50,125.986388,0.28,0.39403101531259144
118,50,126.862332,0.36,0.4410625844214318
118,50,127.751014,0.24,0.26450300672090554
152,50,128.670499,0.22,0.24383611312545322
148,50,129.535381,0.26,0.32128760635032017
114,50,130.444032,0.28,0.3256293111170832
122,50,131.297645,0.32,0.3493220182639978
132,50,132.163876,0.3,0.38026154474867185
162,50,133.007503,0.24,0.3303472571716155
90,50,133.889721,0.4,0.527351864675042
110,50,134.890843,0.4,0.4756038413037152
130,50,136.404423,0.28,0.4143472324335679
132,50,137.458743,0.18,0.2545615938455469
118,50,138.396755,0.36,0.41795269838370924
98,50,139.228861,0.44,0.5100364111660909
134,50,140.132816,0.28,0.3276391554702495
124,50,140.967527,0.34,0.38033926016758635
124,50,141.848765,0.34,0.4304698216735254
152,50,142.73303,0.3,0.3700613250226199
168,50,143.77444,0.22,0.24938994631527575
124,50,145.378947,0.34,0.4077954735959765
108,50,146.706385,0.34,0.4575634199812089
106,50,148.190502,0.28,0.33783922171018943
158,50,149.623363,0.2,0.24196750902527075
112,50,150.513266,0.3,0.45369969710082214
126,50,151.46128,0.32,0.4355774811375508
124,50,152.350528,0.34,0.43223847640077284
100,50,153.276664,0.42,0.4887229862475442
118,50,154.145702,0.32,0.3745980707395498
96,50,155.080968,0.38,0.4901244321548489
132,50,156.013962,0.26,0.347352609838528
102,50,156.945534,0.36,0.3719858156028369
134,50,157.837793,0.28,0.31709097545396475
124,50,158.793178,0.34,0.41507528461255966
144,50,160.090643,0.26,0.34170180145649676
132,50,161.678788,0.3,0.37846425419240953
126,50,162.596616,0.36,0.376414273281114
120,50,163.539273,0.34,0.4227373068432671
84,50,164.407429,0.46,0.5621668851026649
124,50,165.358115,0.26,0.2839950627442913
146,50,166.280603,0.24,0.263349395220769
134,50,167.223823,0.32,0.3448683322079676
148,50,168.121306,0.26,0.3707711704139525
122,50,169.08549,0.32,0.3862554730630116
154,50,170.038697,0.2,0.2241979126401237
134,50,171.025573,0.28,0.3315866887295459
118,50,172.154325,0.36,0.4185491276400367
98,50,173.855195,0.36,0.46628492447428177
94,50,174.913633,0.4,0.5330499038364207
134,50,175.893902,0.28,0.3549053356282272
120,50,176.836588,0.3,0.41938194379609744
142,50,177.845038,0.24,0.30187082028273937
120,50,178.804612,0.34,0.3871807711567351
128,50,179.8075,0.26,0.32042034019057797
154,50,180.729483,0.28,0.32340288234028824
138,50,181.692419,0.28,0.35388349514563106
140,50,182.703414,0.22,0.35231316725978645
134,50,183.772315,0.24,0.3268376068376068
124,50,185.125071,0.34,0.39624197983501375
136,50,186.706711,0.3,0.39310753431420953
114,50,187.657398,0.36,0.3871729957805907
108,50,188.654894,0.3,0.3492128819837432
126,50,189.638835,0.24,0.35876369327073554
96,50,190.604139,0.42,0.47212692967409947
120,50,191.594446,0.26,0.3409453530115676
128,50,192.580537,0.26,0.31954921385076795
146,50,193.587304,0.24,0.3470535086838671
96,50,194.539038,0.46,0.4852544584602001
134,50,195.535952,0.28,0.33929613066303715
118,50,196.537475,0.32,0.3529926156237855
108,50,198.216728,0.34,0.3501448750452735
102,50,199.596088,0.36,0.4415826484792002
156,50,200.582901,0.22,0.3226954177897574
158,50,201.62327,0.2,0.24392764857881136
118,50,202.620973,0.32,0.3781482477368468
114,50,203.854659,0.32,0.41167034289151794
116,50,204.809018,0.3,0.38518048249591874
98,50,205.819561,0.4,0.4499626276887302
124,50,206.819472,0.26,0.30404463040446306
100,50,207.8089,0.38,0.40102389078498296
116,50,208.782963,0.34,0.42541180825467334
98,50,210.418393,0.36,0.40947531929582326
116,50,211.966743,0.34,0.44296994955033997
118,50,213.066498,0.32,0.45213076474022185
154,50,214.122656,0.2,0.33198841299399956
100,50,215.153532,0.42,0.5297945523844938
116,50,216.18099,0.34,0.4013001281816517
98,50,217.212856,0.36,0.4541004802364241
112,50,218.235271,0.3,0.3310088331008833
94,50,219.293593,0.36,0.47502626301212875
106,50,220.324963,0.4,0.46398590527515804
138,50,221.389001,0.24,0.34494331065759637
118,50,223.163571,0.32,0.37090713902308103
104,50,224.61316,0.3,0.38162445088326014
108,50,225.653725,0.3,0.375723074097879
122,50,226.723521,0.32,0.36240132182852947
132,50,227.743525,0.3,0.3995071463775259
96,50,228.788221,0.38,0.4370745330773259
106,50,229.806072,0.32,0.3913316582914573
112,50,230.98131,0.3,0.3892764981362898
118,50,232.043036,0.36,0.44963448210386403
116,50,233.130221,0.3,0.40510112583441266
122,50,234.262347,0.32,0.470535536531953
128,50,236.194288,0.26,0.2920515949102318
116,50,237.380116,0.26,0.34558463197098893
108,50,238.507617,0.38,0.5025252525252525
128,50,239.560173,0.3,0.45334142149428774
158,50,240.630404,0.24,0.2769100489273617
112,50,241.711074,0.34,0.40080216397724094
92,50,242.763431,0.38,0.45507748104187273
124,50,243.844108,0.34,0.4025662328071633
122,50,244.979072,0.32,0.39510010055763783
154,50,246.0619,0.16,0.2135388002201431
132,50,247.741571,0.26,0.3202092511013216
118,50,249.316832,0.32,0.43348920505422345
138,50,250.414732,0.28,0.388911495422177
110,50,251.545343,0.32,0.3911596958174905
108,50,252.640015,0.34,0.38063872255489023
132,50,253.70164,0.34,0.4416275152911976
122,50,254.788792,0.32,0.41092051630434784
126,50,255.871903,0.36,0.5403758777364726
116,50,256.968597,0.34,0.43638348551012307
108,50,258.017622,0.34,0.3826771653543307
92,50,259.370308,0.42,0.5363342409802587
132,50,261.290346,0.3,0.37235391669105455
116,50,262.398065,0.34,0.44117925869750685
114,50,263.466417,0.36,0.4577786810283508
96,50,264.61968,0.34,0.40178834627100324
106,50,265.749495,0.36,0.40507859733978235
110,50,266.936606,0.4,0.5110118745559727
120,50,268.060911,0.3,0.38059424326833796
114,50,269.20201,0.36,0.4113481534600215
130,50,270.286425,0.32,0.35083848190644307
100,50,271.637158,0.38,0.45914212669254806
144,50,273.669475,0.26,0.33219578783151327
164,50,274.859044,0.18,0.2683368869936034
130,50,276.035927,0.32,0.444004400440044
158,50,277.246481,0.2,0.23500365764447695
174,50,278.391833,0.2,0.2481045751633987
118,50,279.557714,0.36,0.43871490280777536
146,50,280.702624,0.28,0.39449375113204127
138,50,281.933554,0.28,0.3675438596491228
118,50,283.067052,0.32,0.3923139231392314
124,50,284.658837,0.34,0.4213919969656742
134,50,286.472276,0.32,0.4151891793090843
100,50,287.600539,0.38,0.48643160420897175
118,50,288.72183,0.28,0.3129013426736719
134,50,289.845826,0.32,0.388982574480045
120,50,291.010418,0.3,0.4139162428308625
112,50,292.228064,0.3,0.37284749310246407
148,50,293.391683,0.26,0.3337478477137938
142,50,294.580284,0.24,0.2732821214353362
114,50,295.727849,0.32,0.3816138170519967
132,50,297.516883,0.34,0.40202553940995156
140,50,299.177955,0.26,0.28919893697798027
128,50,300.37719,0.22,0.30713463751438436
128,50,301.547146,0.26,0.29688083675756444
126,50,302.775937,0.28,0.36809602505001304
124,50,303.912012,0.3,0.3692392604176249
128,50,305.185315,0.22,0.2828509796872191
102,50,306.404249,0.36,0.39686346863468636
102,50,307.600624,0.4,0.5138640849703919
112,50,308.865905,0.34,0.4578409595735229
122,50,311.001896,0.28,0.34271609215312665
122,50,312.194088,0.32,0.4575287643821911
134,50,313.409053,0.28,0.4158183241973375
108,50,314.59795,0.26,0.34367046847016686
74,50,315.777804,0.44,0.4673933123960835
116,50,316.948748,0.3,0.3913727668240304
120,50,318.144163,0.38,0.4590932777488275
112,50,319.293747,0.3,0.3036872336483231
152,50,320.479659,0.14,0.21774276066714418
148,50,322.230099,0.18,0.23816646137603378
162,50,323.989905,0.24,0.2766711857336531
122,50,325.122758,0.32,0.37935379353793536
112,50,326.363185,0.3,0.40835916408359163
106,50,327.569762,0.4,0.458657120405134
120,50,328.779468,0.34,0.4272888964173795
146,50,329.955539,0.28,0.3765986394557823
136,50,331.205026,0.3,0.37556697913516784
144,50,332.374271,0.22,0.3039826605256028
130,50,333.712664,0.28,0.41693902325147075
156,50,335.891596,0.22,0.31314319317847694
154,50,337.21828,0.2,0.2804227478610971
110,50,338.410903,0.32,0.4321682191275477
138,50,339.640265,0.28,0.3139269406392694
106,50,340.868143,0.36,0.47261571776594785
136,50,342.088993,0.3,0.35449580651453094
122,50,343.297187,0.32,0.38486197684772927
106,50,344.550119,0.36,0.44363599098175854
126,50,345.760257,0.28,0.39464850867939005
138,50,347.857106,0.28,0.36482084690553745
124,50,349.332277,0.26,0.31181088471376905
124,50,350.590561,0.22,0.2814103782550846
144,50,351.814456,0.26,0.3134665822555847
92,50,353.115595,0.46,0.5638832554448462
132,50,354.351117,0.26,0.35648359681988484
136,50,355.636759,0.3,0.3499836405278656
134,50,356.865919,0.24,0.3229980892826125
112,50,358.149666,0.3,0.31710853355426677
112,50,360.242675,0.38,0.5077415910304325
110,50,361.79773,0.32,0.36386481802426346
118,50,363.040952,0.28,0.32028241335044927
130,50,364.338835,0.28,0.370009912588988
160,50,365.697115,0.22,0.30402112103980505
130,50,367.024943,0.32,0.38053485313459007
126,50,368.268455,0.28,0.41553418356679905
106,50,369.556694,0.32,0.4005275438774475
112,50,370.802471,0.34,0.4326270831588644
136,50,373.13011,0.26,0.30134711201328657
116,50,374.452701,0.34,0.40731820287169984
126,50,375.706625,0.32,0.4054221854304636
116,50,376.941381,0.34,0.4059415337889142
120,50,378.197544,0.3,0.3498757102272727
130,50,379.442192,0.28,0.3920880834064114
144,50,380.717101,0.22,0.24203558129913116
140,50,381.938818,0.26,0.36435577351761034
86,50,383.241582,0.44,0.5159465020576132
152,50,385.495854,0.26,0.32322765505129863
130,50,386.894907,0.28,0.3118195279156868
78,50,388.159087,0.44,0.4732023650581728
86,50,389.45116,0.44,0.5360498735092157
136,50,390.695897,0.3,0.38814474210315875
108,50,391.976035,0.3,0.3595968850206138
126,50,393.202917,0.28,0.3481706124046175
100,50,394.540015,0.42,0.461707183330287
144,50,395.887831,0.26,0.36848191757779647
122,50,398.284475,0.28,0.35576294913672424
132,50,399.567404,0.34,0.4544285007422068
122,50,400.868405,0.32,0.4110180934377532
142,50,402.18152,0.24,0.304190617467087
108,50,403.496688,0.42,0.5126957086071225
150,50,404.791147,0.28,0.37632328990228014
112,50,406.105905,0.34,0.4459525436969046
122,50,407.392709,0.36,0.4412835249042146
156,50,409.070491,0.22,0.2890231621349446
116,50,411.058897,0.34,0.39602053915276
114,50,412.416798,0.32,0.37398770611767
104,50,413.714244,0.38,0.4145653163404643
96,50,415.06014,0.38,0.44835225699252285
116,50,416.356803,0.34,0.37307843910130073
110,50,417.67495,0.28,0.3618642566010987
158,50,418.976119,0.2,0.27211495285136955
108,50,420.297345,0.34,0.44243932794026136
106,50,422.44695,0.4,0.5083954386279967
128,50,424.077677,0.26,0.3645234838121295
140,50,425.458705,0.26,0.31799846331156356
122,50,426.884148,0.32,0.35468775213813136
116,50,428.189595,0.38,0.459385541070289
132,50,429.57278,0.26,0.3216711956521739
128,50,430.885173,0.3,0.3880477377983612
124,50,432.333093,0.22,0.3185361216730038
144,50,434.140475,0.26,0.3099029126213592
156,50,436.111541,0.22,0.3168639053254438
106,50,437.456428,0.4,0.5131899153119829
142,50,438.803595,0.24,0.31664006384676774
144,50,440.145902,0.26,0.33595048956216517
132,50,441.537784,0.26,0.32748538011695905
162,50,442.853527,0.16,0.1679719703215169
108,50,444.255374,0.34,0.42196426952026844
118,50,445.72453,0.32,0.38699232121380334
124,50,448.09707,0.3,0.36028751123090746
126,50,449.43939,0.32,0.40255474452554746
146,50,450.799842,0.24,0.26749924463692215
136,50,452.148947,0.22,0.22383596753524135
162,50,453.515239,0.28,0.4359546007296311
180,50,454.835768,0.14,0.1440541411537222
116,50,456.296909,0.3,0.3698787717901071
140,50,457.6941,0.3,0.34795375298219855
140,50,460.020057,0.26,0.358099209833187
94,50,461.559793,0.44,0.46909319108879827
156,50,462.946772,0.18,0.25275847977114835
158,50,464.287956,0.16,0.24182230378926914
128,50,465.703806,0.34,0.4106382978723404
142,50,467.054441,0.24,0.3167888700883625
142,50,468.440112,0.32,0.4437789799072643
130,50,469.775164,0.28,0.31775153703522985
140,50,471.836451,0.3,0.3802274558968389
106,50,473.662694,0.36,0.4626102646351243
136,50,475.065777,0.3,0.330369809893124
110,50,476.429049,0.32,0.35247945331978947
140,50,477.794969,0.3,0.31693937387685617
140,50,479.18623,0.3,0.35964532871972316
160,50,480.558332,0.18,0.2560597246461121
150,50,481.919992,0.24,0.3407399751963621
160,50,483.755536,0.26,0.33768999903185204
142,50,485.777384,0.2,0.2665305328665889
156,50,487.264253,0.22,0.22539648055615902
104,50,488.609236,0.34,0.4737682481751825
126,50,489.990835,0.28,0.2531604885365331
102,50,491.37626,0.36,0.3882890365448505
140,50,492.779019,0.34,0.5013685239491691
116,50,494.119453,0.34,0.4830365510777882
116,50,495.823891,0.3,0.41020957508171507
110,50,498.089116,0.36,0.43673362901121837
86,50,499.52899,0.4,0.5162586773839971
140,50,500.84783,0.3,0.3055640012161751
118,50,502.259896,0.32,0.4320211038961039
136,50,503.637373,0.3,0.3891047148154688
142,50,505.030587,0.24,0.315341478069297
136,50,506.442323,0.22,0.27806657546739627
142,50,508.014742,0.2,0.24357697669786896
144,50,510.313982,0.3,0.4496877168632894
132,50,511.714684,0.22,0.30566189804553695
104,50,513.112561,0.38,0.4510689551339958
140,50,514.560715,0.26,0.3651571164510166
122,50,515.933371,0.32,0.4090262970859986
108,50,517.47908,0.38,0.45129955368863217
134,50,518.84474,0.24,0.2859099804305284
134,50,520.471669,0.28,0.3321623731459797
130,50,522.834758,0.28,0.420065587210494
128,50,524.308427,0.34,0.49158129175946547
114,50,525.701361,0.36,0.445947242206235
162,50,527.199036,0.2,0.284548989851086
118,50,528.564187,0.32,0.3418548236611308
148,50,529.97808,0.22,0.23053665910808768
96,50,531.399867,0.38,0.4686034829202947
108,50,533.190377,0.38,0.4594594594594595
134,50,535.413192,0.32,0.4169850132236262
112,50,536.845459,0.34,0.38257644291659126
102,50,538.284501,0.4,0.502186026575225
122,50,539.748739,0.28,0.34609030837004406
100,50,541.15459,0.42,0.5382189948404357
102,50,542.647892,0.44,0.5366723108457356
130,50,544.035646,0.24,0.3290239172592114
106,50,546.009042,0.36,0.4143852259841244
144,50,548.141618,0.26,0.3304703884949566
80,50,549.643173,0.46,0.5612699591533605
114,50,551.07101,0.4,0.4875509672941789
120,50,552.560371,0.34,0.41166413373860183
122,50,553.958525,0.36,0.43537773098183735
136,50,555.453101,0.26,0.39522357723577234
100,50,556.88853,0.38,0.45910533319684715
106,50,559.277284,0.44,0.4814225475375925
134,50,560.940876,0.32,0.46429913566328446
132,50,562.394288,0.3,0.3551641738206921
84,50,563.856026,0.5,0.5966820276497696
158,50,565.34271,0.2,0.26871198095741866
142,50,566.769087,0.28,0.40527998350005157
138,50,568.285672,0.28,0.4317970924837612
128,50,569.689764,0.3,0.36583384115376805
106,50,572.268976,0.32,0.35894577593757465
146,50,573.700482,0.28,0.37115215479331576
134,50,575.244892,0.32,0.43571355393914557
110,50,576.684629,0.36,0.4771892518847864
122,50,578.205527,0.32,0.44082897540189814
126,50,579.65247,0.32,0.4733786152497809
126,50,581.14821,0.36,0.4054436490760779
126,50,582.879269,0.28,0.3563629690797321
126,50,585.203264,0.28,0.3721119592875318
134,50,586.694899,0.28,0.36649474310652647
110,50,588.220941,0.36,0.4202377897528013
130,50,589.675145,0.32,0.3787974398269179
160,50,591.186014,0.22,0.31605818321934304
130,50,592.644436,0.28,0.3898031009226672
118,50,594.159075,0.36,0.46759933935684445
104,50,596.51516,0.38,0.4421302639992692
112,50,598.333848,0.42,0.5822050290135397
134,50,599.828111,0.28,0.3546293757426195
92,50,601.412892,0.34,0.39108816217249953
92,50,602.931934,0.46,0.5284403669724771
134,50,604.454117,0.28,0.4034874290348743
108,50,605.963536,0.3,0.4098003973134046
82,50,607.938424,0.4,0.4443902914514085
154,50,610.22586,0.28,0.2939672801635992
92,50,611.760222,0.34,0.4074983473415809
94,50,613.239784,0.4,0.4512824715233959
122,50,614.737297,0.36,0.4322736334067779
144,50,616.233934,0.3,0.3867000208463623
80,50,617.790654,0.42,0.4530714351894747
140,50,619.246266,0.26,0.3555882662180633
98,50,621.833293,0.4,0.44869518906444167
128,50,623.431894,0.3,0.402968384670123
126,50,624.949109,0.32,0.41637470035035956
122,50,626.468754,0.36,0.4108286252354049
142,50,627.993746,0.28,0.37877472262421613
128,50,629.501173,0.3,0.39923712650985377
138,50,631.062875,0.32,0.4073428178063332
142,50,633.105515,0.24,0.27635082896658364
116,50,635.323153,0.38,0.5549804584345621
120,50,636.799943,0.3,0.37637766348273327
86,50,638.397273,0.44,0.4913717203733052
114,50,639.972262,0.36,0.40851776739264617
78,50,641.628736,0.52,0.5909050927962002
102,50,643.151727,0.36,0.45927621731090956
142,50,644.955235,0.28,0.3938342180481829
98,50,647.468991,0.4,0.5215323645970938
118,50,649.032477,0.32,0.40157929787841307
138,50,650.545696,0.2,0.2678195224719101
108,50,652.110045,0.3,0.4156957149735195
142,50,653.668912,0.28,0.38654692082111436
146,50,655.244544,0.24,0.28705273489783173
142,50,656.777305,0.28,0.3628240485383343
158,50,659.498246,0.24,0.29632458233890213
136,50,661.07419,0.26,0.32290659871716015
144,50,662.630841,0.22,0.31653034049838313
90,50,664.200237,0.44,0.540755853492665
140,50,665.783307,0.3,0.37415974693554765
164,50,667.372811,0.22,0.23311856748389256
102,50,669.058046,0.36,0.37821297429620565
104,50,671.80791,0.34,0.3837872070930969
144,50,673.407021,0.26,0.26027127973265185
98,50,675.012171,0.4,0.4472885032537961
98,50,676.657078,0.4,0.4746950926726208
138,50,678.184563,0.24,0.32085883415270394
124,50,679.753649,0.26,0.30354512422665225
132,50,681.376146,0.26,0.32337939348975236
138,50,684.013488,0.28,0.36729585983939933
118,50,685.78177,0.36,0.43730165926194575
106,50,687.394141,0.36,0.4728682170542636
146,50,688.947106,0.24,0.2934359174133229
166,50,690.526026,0.2,0.2754330557948129
162,50,692.098729,0.24,0.28805474906677725
130,50,693.669107,0.2,0.27262931034482757
78,50,696.154801,0.44,0.5311570247933884
128,50,698.044178,0.3,0.4235001774937877
126,50,699.634954,0.36,0.4631683168316832
130,50,701.281493,0.32,0.36898291925465837
104,50,702.900786,0.34,0.4301378786233851
118,50,704.524381,0.36,0.38650200034788657
160,50,706.074873,0.18,0.26485812883435583
138,50,708.473151,0.28,0.3539116551357105
164,50,710.365595,0.22,0.2959770114942529
152,50,711.988149,0.22,0.28295599333529353
172,50,713.517485,0.18,0.25300590992459754
116,50,715.182996,0.34,0.43903516522353775
120,50,716.762218,0.34,0.39671058296736417
136,50,718.4039,0.3,0.3713295465485703
122,50,720.720885,0.28,0.28968565815324165
162,50,722.754261,0.2,0.2856044589659812
120,50,724.366591,0.34,0.4269406392694064
106,50,725.991744,0.32,0.4343804201194835
118,50,727.614239,0.32,0.3788611834759955
120,50,729.266924,0.3,0.3437138535456891
142,50,730.83634,0.24,0.36615451201038735
94,50,733.439742,0.44,0.5288666557323274
116,50,735.365563,0.34,0.41443396226415097
76,50,737.076343,0.42,0.4954002235405382
164,50,738.632165,0.22,0.2813656550703183
122,50,740.271633,0.28,0.37551884794578566
112,50,741.956458,0.38,0.4515719586018356
114,50,743.647039,0.32,0.36913843962974263
116,50,746.354241,0.34,0.4741028486866445
128,50,748.065257,0.3,0.38433314988075584
160,50,749.663543,0.26,0.40335707019328587
174,50,751.259176,0.12,0.1618745523380743
108,50,752.929482,0.34,0.4506190077259611
106,50,754.619106,0.32,0.4066615027110767
118,50,756.263871,0.36,0.43269856014862984
152,50,759.057734,0.22,0.3281391147244806
146,50,760.693979,0.28,0.3771390753521793
122,50,762.390177,0.28,0.3660243504937206
146,50,764.022996,0.28,0.3702525894966382
134,50,765.724765,0.28,0.40309482001755925
116,50,767.407412,0.34,0.4064127896533142
118,50,769.345143,0.36,0.4878997407087295
126,50,771.956824,0.28,0.3444454537196839
112,50,773.631882,0.3,0.3962620181507773
108,50,775.318859,0.38,0.4549722978683444
112,50,777.041866,0.3,0.3578819233110164
128,50,778.658219,0.26,0.3052066559312936
110,50,780.431794,0.4,0.5141458639255996
134,50,782.764366,0.32,0.36657303370786515
112,50,784.990757,0.38,0.5135456017269293
128,50,786.643862,0.3,0.4204
86,50,788.343415,0.36,0.40290319858215884
134,50,789.980028,0.28,0.3827707808564232
136,50,791.689826,0.3,0.42895032133020505
94,50,793.461909,0.4,0.4746937459703417
120,50,796.332318,0.34,0.4381424375917768
126,50,798.056108,0.4,0.491551739884921
128,50,799.774025,0.34,0.4557348022821169
174,50,801.357848,0.12,0.19034453424074863
140,50,803.060735,0.22,0.3020956182527443
148,50,804.70426,0.22,0.3058183795541055
152,50,806.490078,0.22,0.31017755811825004
150,50,809.216887,0.24,0.2909580893968962
134,50,810.886895,0.28,0.31425080722576143
144,50,812.525665,0.26,0.37916585460923796
138,50,814.265411,0.32,0.41423426838514027
140,50,815.928313,0.3,0.39851485148514854
124,50,817.661533,0.34,0.4884043241245496
110,50,819.925717,0.36,0.446615087040619
124,50,822.22574,0.3,0.3156512159986442
124,50,823.983596,0.34,0.4335301302931596
78,50,825.766338,0.52,0.6035694970254192
136,50,827.482884,0.34,0.47763182943080146
144,50,829.181514,0.22,0.30309488510007415
110,50,830.908637,0.4,0.45242322030889404
122,50,833.853882,0.32,0.3942386085696168
86,50,835.600861,0.44,0.5151173871610499
100,50,837.372847,0.38,0.42972340940246756
124,50,839.117582,0.34,0.4198975859546452
150,50,840.860108,0.2,0.24990808823529412
130,50,842.564574,0.28,0.352165725047081
112,50,845.071283,0.38,0.39958650502772297
120,50,847.267846,0.3,0.3915465898174832
80,50,849.084083,0.46,0.5437987123009149
112,50,850.829159,0.34,0.4122775480855653
130,50,852.57448,0.24,0.27485808459989014
122,50,854.438618,0.36,0.41286601597160605
168,50,856.251443,0.22,0.22481621299423804
100,50,859.140552,0.42,0.42713475955384894
122,50,860.844657,0.32,0.33561011630053533
122,50,862.576391,0.28,0.3858181456030276
140,50,864.31073,0.26,0.3595651306602833
122,50,866.118879,0.36,0.42766860866989237
94,50,867.937456,0.44,0.5863502031769486
122,50,870.661906,0.32,0.36130244207889795
144,50,872.570374,0.26,0.3220961982776728
118,50,874.306251,0.32,0.3871861152141802
152,50,876.08749,0.26,0.3329447917770478
176,50,877.778717,0.18,0.24969499796665312
126,50,879.530595,0.24,0.2954496208017335
172,50,881.422388,0.18,0.22658788774002955
160,50,884.218794,0.22,0.2989937232240709
136,50,885.945614,0.26,0.3752705095416093
110,50,887.724275,0.24,0.26217130955480344
138,50,889.465557,0.28,0.3336311296406591
112,50,891.269001,0.38,0.4611190817790531
126,50,893.019639,0.32,0.39826053713084203
114,50,896.001045,0.24,0.30624692572552875
102,50,897.802712,0.4,0.4898693818780212
116,50,899.632853,0.3,0.3604480352552332
156,50,901.392026,0.22,0.3058870326173429
104,50,903.200255,0.26,0.343759163327143
116,50,904.957308,0.34,0.4195423174718489
122,50,907.560728,0.32,0.38208519409137753
100,50,909.744979,0.42,0.4867633726201269
136,50,911.528366,0.3,0.3941113870166726
108,50,913.289237,0.34,0.4197208464655561
104,50,915.156995,0.34,0.4542882232412918
94,50,917.033817,0.44,0.5510544384502207
84,50,919.490941,0.5,0.634334103156274
142,50,921.831023,0.24,0.2524252425242524
100,50,923.713326,0.38,0.43627959626450336
126,50,925.510656,0.32,0.3701405051288682
134,50,927.416611,0.28,0.35116394254581473
116,50,929.248071,0.3,0.32680527995858855
132,50,931.446842,0.22,0.25345539400466705
150,50,934.089228,0.28,0.3118004173781066
144,50,935.854638,0.18,0.21885555334790383
114,50,937.645236,0.36,0.5027194298574643
142,50,939.469126,0.28,0.37216074548631334
128,50,941.284281,0.3,0.39561717352415027
94,50,943.164956,0.32,0.37884615384615383
170,50,946.124671,0.2,0.2837528604118993
106,50,948.006488,0.36,0.4389612789945476
90,50,949.847072,0.44,0.531671664167916
110,50,951.731565,0.32,0.37597007947639083
120,50,953.575529,0.38,0.5317280173689924
144,50,955.377023,0.18,0.2539648289998921
130,50,958.382854,0.24,0.30935768520418633
144,50,960.252914,0.26,0.3763671875
144,50,962.016502,0.22,0.31683364745560955
98,50,963.932055,0.4,0.448544745670505
130,50,965.749907,0.28,0.33145952575633686
126,50,967.616255,0.32,0.41404205396624855
130,50,970.59377,0.28,0.35915565119376985
86,50,972.522812,0.48,0.530655737704918
118,50,974.321651,0.32,0.4152549811287633
112,50,976.26377,0.34,0.42773851590106005
110,50,978.147254,0.36,0.434582078313253
150,50,980.002809,0.28,0.36202426630716583
130,50,983.005001,0.32,0.3882440338007243
120,50,984.930173,0.34,0.42964218791826536
136,50,986.767581,0.22,0.2640133544192585
124,50,988.699796,0.34,0.41478613917477103
140,50,990.541209,0.26,0.29211518998987945
104,50,992.433759,0.38,0.44639628003099974
112,50,995.427162,0.34,0.3854631330359486
146,50,997.295504,0.24,0.2918083462132921
102,50,999.172834,0.32,0.40850565743269607
130,50,1001.072827,0.32,0.39359853680841334
104,50,1002.964648,0.34,0.43219129193433264
134,50,1004.864326,0.32,0.35578986656713635
160,50,1007.85939,0.22,0.2933061753541339
140,50,1009.778351,0.34,0.41146496815286626
84,50,1011.68173,0.38,0.4515463917525773
108,50,1013.582766,0.34,0.45232711513095913
122,50,1015.493404,0.36,0.4116059379217274
140,50,1017.377536,0.26,0.3643322644046757
116,50,1020.43697,0.34,0.3982029598308668
148,50,1022.34286,0.26,0.31007751937984496
86,50,1024.285467,0.44,0.4993988939648954
126,50,1026.256294,0.32,0.3625375053579083
102,50,1028.217722,0.44,0.550088028169014
120,50,1030.155784,0.34,0.4100851561195525
124,50,1033.241503,0.3,0.3762740656851642
142,50,1035.194662,0.28,0.3766025641025641
152,50,1037.105356,0.22,0.287442744793017
112,50,1039.080478,0.34,0.42789322823360804
146,50,1041.013341,0.28,0.3845212315224555
114,50,1043.168595,0.36,0.4320281566212055
128,50,1046.024019,0.34,0.3979705827592627
132,50,1047.987313,0.3,0.3394912736724842
154,50,1049.907721,0.24,0.29130768574596944
158,50,1051.874784,0.24,0.30244004607812336
122,50,1053.816529,0.32,0.3982516222062004
136,50,1056.370982,0.3,0.38067664819257174
136,50,1058.857656,0.34,0.3700297999148574
142,50,1060.840871,0.28,0.4132102962603205
158,50,1062.756462,0.2,0.25933609958506226
96,50,1064.753846,0.38,0.48982584784601285
104,50,1066.738037,0.38,0.4032864260117123
118,50,1069.874085,0.32,0.4080604534005038
118,50,1071.900005,0.32,0.3953406593406593
152,50,1073.840754,0.22,0.28808680248007085
120,50,1075.768192,0.3,0.4157393483709273
116,50,1077.814439,0.3,0.32825967357417934
144,50,1079.753954,0.3,0.415050784856879
176,50,1082.909547,0.14,0.176014684886804
126,50,1084.895816,0.28,0.3527744766432032
124,50,1086.920067,0.3,0.40440646556161847
146,50,1088.870697,0.28,0.3691335008510983
120,50,1090.960975,0.38,0.4402153731897512
168,50,1093.4603,0.22,0.2442500491448791
138,50,1096.096895,0.24,0.31016980435585084
148,50,1098.083693,0.3,0.48017567402708305
126,50,1100.060662,0.28,0.3235644913954677
158,50,1101.909833,0.2,0.27483870967741936
156,50,1103.882535,0.18,0.24756049960967993
108,50,1106.78337,0.42,0.5337585421412301
112,50,1109.009627,0.3,0.38819204152249137
118,50,1110.954758,0.32,0.4667758089368259
112,50,1112.933431,0.3,0.3699252136752137
134,50,1114.874715,0.24,0.2940928270042194
176,50,1116.760413,0.14,0.23800603600790926
102,50,1119.929046,0.4,0.48304642670839854
172,50,1121.874011,0.18,0.2623153981204172
124,50,1123.816679,0.3,0.36202804746494066
126,50,1125.808223,0.24,0.33271132674006343
124,50,1127.80053,0.26,0.36547875465047974
104,50,1129.986412,0.42,0.5049342105263158
84,50,1133.10185,0.46,0.5186004423889
92,50,1135.20903,0.46,0.4858654021521065
146,50,1137.130996,0.28,0.34681726643901584
150,50,1139.10126,0.2,0.2830713292695968
80,50,1141.168478,0.42,0.48659492978296554
146,50,1144.068155,0.2,0.2440756266575413
104,50,1146.381751,0.38,0.3999817234761948
92,50,1148.401143,0.38,0.44260389421679747
110,50,1150.421396,0.4,0.5552965311450951
68,50,1152.597123,0.46,0.5301111398294133
144,50,1154.577546,0.26,0.35168862038229176
128,50,1157.85689,0.3,0.3866129183463017
148,50,1159.87259,0.26,0.29934815310045126
126,50,1161.860859,0.24,0.283230713509598
122,50,1163.868615,0.36,0.39605110336817656
138,50,1165.972845,0.28,0.3665551839464883
130,50,1168.799335,0.28,0.31746031746031744
128,50,1171.218685,0.3,0.38736612815392996
132,50,1173.238572,0.26,0.37312828814245247
140,50,1175.242551,0.3,0.4391660319878142
110,50,1177.257912,0.32,0.40059347181008903
148,50,1179.253618,0.26,0.35855940130963515
112,50,1182.426924,0.3,0.40006389095942924
98,50,1184.542664,0.4,0.4638483965014577
128,50,1186.581531,0.26,0.3325485579752796
134,50,1188.671422,0.28,0.30640589569161
118,50,1190.657919,0.32,0.4334505273731793
128,50,1193.332073,0.26,0.3660480129110349
118,50,1195.820855,0.32,0.3225503984997656
104,50,1197.928869,0.38,0.4676741279400068
106,50,1200.020837,0.4,0.4638548912564938
130,50,1202.068024,0.24,0.33074463225216993
122,50,1204.178657,0.36,0.4602809706257982
126,50,1207.476633,0.28,0.3506172839506173
124,50,1209.52473,0.3,0.4039965986394558
98,50,1211.672381,0.4,0.48202256310364416
108,50,1213.743593,0.42,0.5137316837764324
138,50,1215.784829,0.24,0.263776059508662
138,50,1218.834216,0.28,0.32113523623648044
150,50,1221.205852,0.28,0.31984003121342175
122,50,1223.286227,0.28,0.34658936497871184
138,50,1225.341964,0.28,0.2997041420118343
116,50,1227.450312,0.38,0.45505264105102133
122,50,1229.605298,0.28,0.3634907171802846
68,50,1232.927797,0.46,0.5251466145370535
92,50,1235.12012,0.42,0.48138275718450646
142,50,1237.150495,0.32,0.4251378628654667
98,50,1239.318295,0.36,0.39693985226873024
130,50,1241.398065,0.28,0.32693409742120344
106,50,1244.784135,0.4,0.47520389987812883
148,50,1246.822924,0.22,0.30749830245416626
120,50,1248.968143,0.26,0.28752341032729867
110,50,1251.095542,0.36,0.438403431875408
98,50,1253.318084,0.36,0.46166070719110053
106,50,1256.512104,0.4,0.4447199657973493
92,50,1258.893796,0.46,0.5496659634317862
128,50,1261.00556,0.3,0.3528110599078341
112,50,1263.169903,0.3,0.34692726931028
168,50,1265.201387,0.18,0.25604922820191905
136,50,1267.889484,0.34,0.4653552554315913
130,50,1270.639791,0.28,0.3391113066432028
116,50,1272.761087,0.3,0.38136965425278596
126,50,1274.875973,0.36,0.4674717569146864
148,50,1277.051623,0.3,0.4389626818469323
130,50,1279.05904,0.24,0.34513274336283184
150,50,1282.308615,0.16,0.21417740712661107
122,50,1284.396221,0.32,0.42503426222019186
128,50,1286.521396,0.3,0.3394275161588181
158,50,1288.620976,0.24,0.24750750169393088
140,50,1290.752884,0.26,0.3631453112547596
146,50,1293.827149,0.24,0.31302281368821294
110,50,1296.189831,0.32,0.40610798036720597
132,50,1298.265267,0.26,0.27002398081534773
124,50,1300.426051,0.3,0.3653826608395162
148,50,1302.470966,0.26,0.3484075820263639
146,50,1305.015955,0.28,0.3930618987464775
162,50,1307.811292,0.2,0.26344139650872817
128,50,1309.970437,0.3,0.3954471232350399
140,50,1312.128037,0.26,0.3486122412078474
100,50,1314.411613,0.38,0.4976280834914611
136,50,1316.543173,0.34,0.43592142188961647
130,50,1319.933055,0.28,0.33951690821256036
160,50,1322.000818,0.22,0.34387638701648865
140,50,1324.166594,0.22,0.2819346837536172
124,50,1326.304544,0.34,0.41328764515514943
154,50,1328.436136,0.24,0.34153696498054475
120,50,1331.832752,0.34,0.4555921052631579
96,50,1334.066079,0.38,0.47940847734502623
122,50,1336.231181,0.32,0.39903167238248943
136,50,1338.353257,0.26,0.3276987747070924
126,50,1340.492983,0.32,0.43446001648804616
102,50,1343.798785,0.36,0.44097975415762836
122,50,1346.01022,0.32,0.3924377224199288
120,50,1348.192344,0.3,0.36988482067609324
152,50,1350.258728,0.22,0.30282738095238093
122,50,1352.50008,0.32,0.38026462914647785
104,50,1355.26167,0.38,0.4522177803160099
120,50,1358.066381,0.3,0.3479092648264553
104,50,1360.302045,0.42,0.454118531041608
128,50,1362.54941,0.34,0.44019045768146925
106,50,1364.81098,0.4,0.4883394211857263
108,50,1367.542844,0.3,0.33209664283775225
144,50,1370.439931,0.3,0.4197694197694198
110,50,1372.728139,0.28,0.3044522604443682
136,50,1374.871673,0.3,0.32591035075982033
130,50,1377.055058,0.28,0.32611029770619815
98,50,1379.572798,0.36,0.45019262520638414
162,50,1382.734527,0.24,0.2964764375270212
148,50,1384.887031,0.22,0.26343540863922127
142,50,1387.029536,0.2,0.2142016806722689
132,50,1389.22331,0.34,0.47885289870022696
104,50,1391.485926,0.34,0.42873071919717526
140,50,1394.888626,0.3,0.3637969961715912
146,50,1397.124077,0.28,0.3660201860281021
122,50,1399.271358,0.32,0.39342255590011427
114,50,1401.530815,0.36,0.4256967322589262
108,50,1403.909425,0.42,0.5042785732440905
162,50,1407.314942,0.24,0.3457854406130268
130,50,1409.518679,0.32,0.4174674150889544
146,50,1411.713337,0.24,0.3232546459065796
102,50,1413.910028,0.36,0.4548132661788463
106,50,1416.158568,0.36,0.4037614368010844
142,50,1419.536999,0.32,0.3545241809672387
110,50,1421.757308,0.32,0.43177210056772103
122,50,1423.982343,0.32,0.3964031161942649
132,50,1426.215296,0.3,0.3291209812302546
140,50,1428.433588,0.3,0.3938884216428371
146,50,1431.863867,0.24,0.3087146552493087
144,50,1434.070559,0.18,0.2506312540914617
154,50,1436.284019,0.24,0.30828061561703335
90,50,1438.554404,0.32,0.3868591338974614
118,50,1440.787142,0.28,0.36427221172022684
134,50,1444.250867,0.32,0.41796216519947554
154,50,1446.503098,0.28,0.4088915470494418
112,50,1448.725718,0.34,0.37184873949579833
112,50,1451.030628,0.3,0.36510954940057877
160,50,1453.218484,0.22,0.2918262494161607
108,50,1456.749655,0.38,0.45326893837760485
112,50,1458.99658,0.34,0.4289371385228027
82,50,1461.348995,0.4,0.5117089739006078
112,50,1463.640858,0.38,0.46737311767986617
144,50,1466.515378,0.26,0.29300038565368297
156,50,1470.408355,0.18,0.25842375785265564
124,50,1472.748308,0.34,0.36491463006360897
118,50,1475.112379,0.36,0.47254172792527893
132,50,1477.452356,0.26,0.3170917396269509
132,50,1480.217125,0.22,0.30766372503483513
118,50,1483.097259,0.24,0.3112950439083476
130,50,1485.40994,0.32,0.4040909090909091
132,50,1487.703014,0.26,0.3530591775325978
112,50,1490.048687,0.38,0.48832397280520246
136,50,1493.246296,0.3,0.37493102814051865
114,50,1495.992615,0.32,0.38998467041389884
152,50,1498.280069,0.22,0.310432311751573
138,50,1500.538275,0.24,0.3106003039513678
138,50,1502.899146,0.32,0.34041008891308294
130,50,1506.276063,0.28,0.3730069405364847
122,50,1508.780582,0.32,0.3528234973174502
132,50,1511.024775,0.26,0.33880837359098226
128,50,1513.442647,0.34,0.44954912197437114
108,50,1515.802507,0.38,0.47470420236638106
98,50,1519.365107,0.32,0.3982790935423411
140,50,1521.536357,0.22,0.25291386335639154
124,50,1523.893241,0.34,0.4079460127364319
130,50,1526.139562,0.24,0.2867816622082834
134,50,1528.473563,0.28,0.37141295435911453
142,50,1531.939346,0.28,0.3556970445690392
140,50,1534.242922,0.22,0.3051045211473019
122,50,1536.501436,0.28,0.3738888888888889
124,50,1538.83823,0.3,0.40443845276366275
110,50,1541.137594,0.36,0.46604876083014307
104,50,1544.72066,0.38,0.4607621367670089
98,50,1547.129559,0.44,0.4699078257726369
118,50,1549.569565,0.36,0.45109364643499666
126,50,1551.829229,0.28,0.3378341884958142
106,50,1554.492022,0.4,0.5066791219056516
96,50,1557.991481,0.34,0.3916616209670444
128,50,1560.476166,0.3,0.356951871657754
118,50,1562.815352,0.32,0.3753966928344747
112,50,1565.278085,0.38,0.4298607777244359
118,50,1568.518026,0.32,0.42785075195126593
106,50,1571.342008,0.4,0.5307824591573517
136,50,1573.675568,0.26,0.33888264732917983
162,50,1575.954392,0.2,0.27189358057039203
140,50,1578.304825,0.3,0.3576946533848343
92,50,1582.013609,0.46,0.527336860670194
118,50,1584.278532,0.24,0.27727624451895794
106,50,1586.80692,0.36,0.46024365293406494
136,50,1589.096087,0.26,0.35108515645428395
112,50,1591.577421,0.42,0.5404211607601438
116,50,1595.211603,0.38,0.49027606488947917
184,50,1597.506974,0.14,0.2115428834214762
130,50,1599.795405,0.28,0.3271604938271605
136,50,1602.163246,0.26,0.35250750887412396
88,50,1604.977467,0.38,0.42295679333680375
88,50,1608.376954,0.46,0.546069668365216
138,50,1610.728513,0.32,0.4451460142067877
170,50,1613.087946,0.2,0.31533890623426325
172,50,1615.313672,0.14,0.1862517831669044
142,50,1618.58901,0.32,0.4269417716496379
118,50,1621.292161,0.32,0.4176876617773943
134,50,1623.610064,0.24,0.2812448542730117
122,50,1625.922899,0.28,0.37232890201871
140,50,1628.299183,0.26,0.3129346314325452
138,50,1631.844475,0.28,0.32198356923686033
90,50,1634.327523,0.44,0.46809784468012317
74,50,1636.846286,0.44,0.5210999654098928
110,50,1639.424883,0.4,0.46300306803826025
112,50,1641.959456,0.34,0.427113566145492
134,50,1645.448593,0.24,0.26212471131639725
120,50,1647.853157,0.3,0.40078365519171566
126,50,1650.32601,0.32,0.39230147504546375
88,50,1652.891658,0.46,0.49739000745712153
130,50,1656.509432,0.28,0.39376493591136214
138,50,1658.881008,0.24,0.34078045874292523
162,50,1661.190387,0.2,0.300782741504391
102,50,1663.594942,0.36,0.4765581908439051
148,50,1666.008327,0.26,0.3218645948945616
118,50,1669.55598,0.32,0.43254006799417194
170,50,1674.746849,0.16,0.18157920358290333
120,50,1677.225962,0.26,0.3417052826691381
184,50,1680.084239,0.14,0.18837719298245614
172,50,1683.149077,0.14,0.1913291268064319
128,50,1685.737644,0.34,0.4367565604285844
174,50,1688.102422,0.12,0.1843360234776229
188,50,1690.456179,0.1,0.11617312072892938
198,50,1693.953956,0.12,0.14100866021395822
214,50,1696.252454,0.04,0.056633262848211824
180,50,1698.557764,0.1,0.14522373278112902
178,50,1700.958793,0.2,0.2367414362719527
206,50,1703.316495,0.08,0.1124634858812074
174,50,1706.897388,0.16,0.19969742813918306
178,50,1709.197841,0.16,0.17292796281951975
202,50,1711.486239,0.12,0.17455795677799607
198,50,1713.790459,0.08,0.08879573170731707
194,50,1716.14379,0.12,0.19724384599200506
186,50,1719.640946,0.12,0.13478402078596946
196,50,1722.031055,0.1,0.13645086354913646
190,50,1724.342681,0.16,0.2332518337408313
190,50,1726.67334,0.12,0.15975375920880008
164,50,1728.989887,0.14,0.1605003061313741
166,50,1732.600231,0.16,0.23225368502715282
152,50,1735.052667,0.26,0.30531665363565286
168,50,1737.539877,0.14,0.18752253876667868
192,50,1739.877128,0.14,0.12995365553769034
196,50,1742.85605,0.06,0.08352798280855835
190,50,1745.815822,0.16,0.20786516853932585
188,50,1748.243343,0.14,0.17420631351740265
194,50,1750.580151,0.08,0.09801183043049622
176,50,1752.976256,0.14,0.20864732479276563
156,50,1756.577682,0.18,0.25793835552658534
174,50,1758.910545,0.12,0.14500723589001446
180,50,1761.219647,0.14,0.18380651945320714
156,50,1763.719808,0.22,0.26660649819494586
176,50,1766.181269,0.1,0.15772955523672882
200,50,1769.741608,0.06,0.07981855033297944
184,50,1772.079623,0.1,0.10416666666666667
200,50,1774.440749,0.1,0.129163890739507
204,50,1776.776827,0.1,0.1348512787621262
188,50,1779.081468,0.02,0.027320799059929495
218,50,1782.445453,0.04,0.027367773677736778
192,50,1784.751897,0.06,0.06213730916882421
198,50,1787.066106,0.12,0.17307518320817877
202,50,1789.35759,0.04,0.053943097193049454
206,50,1791.905868,0.04,0.053411045289508886
188,50,1795.153387,0.06,0.07725499958509667
160,50,1797.494482,0.18,0.26720610119047616
168,50,1799.927157,0.14,0.16871276403682975
174,50,1802.269224,0.12,0.1553248090620441
142,50,1805.472675,0.12,0.17683697418306554
168,50,1808.202564,0.14,0.2116875372689326
192,50,1810.54419,0.06,0.060399755607925286
158,50,1812.969948,0.2,0.24325807463154595
158,50,1815.452019,0.16,0.1828358208955224
172,50,1818.969624,0.1,0.12337230301302157
188,50,1821.346525,0.06,0.06975103316197964
154,50,1823.688843,0.16,0.21762459076027646
172,50,1826.077325,0.14,0.19107260570675205
200,50,1828.457524,0.06,0.08196889070814573
168,50,1832.032913,0.1,0.13820975950503941
176,50,1834.453363,0.1,0.12150249137600613
176,50,1836.873272,0.06,0.09428157799493304
186,50,1839.17798,0.08,0.13061768930843423
196,50,1841.793926,0.06,0.09663558237337722
168,50,1845.039589,0.14,0.20650048875855329
190,50,1847.431699,0.08,0.13557906458797328
190,50,1849.705476,0.04,0.06622097750474297
192,50,1852.135377,0.06,0.05688451413528671
180,50,1855.148329,0.06,0.0749730759671941
186,50,1857.977322,0.04,0.03749883688471201
186,50,1860.268529,0.04,0.03655705996131528
182,50,1862.738635,0.12,0.1350676778343093
198,50,1865.01012,0.04,0.06352122208256793
188,50,1868.506049,0.1,0.1391270459859704
200,50,1870.819238,0.02,0.02701037280476533
164,50,1873.183938,0.1,0.14220726048585206
202,50,1875.457313,0.04,0.061252221176962475
184,50,1877.78825,0.06,0.08877483128980135
182,50,1881.245669,0.08,0.11682412790697674
154,50,1883.682664,0.16,0.2483406030722549
220,50,1885.921292,0.02,0.0268284537459646
170,50,1888.413906,0.12,0.16427697149851372
202,50,1890.70179,0.04,0.06554740122650045
172,50,1894.307656,0.1,0.13125884016973127
168,50,1896.63961,0.1,0.15974145891043398
150,50,1899.150214,0.2,0.25864772622451804
162,50,1901.515744,0.12,0.1425535682663361
188,50,1904.047024,0.1,0.11819340739391732
146,50,1907.417006,0.16,0.20649926144756278
170,50,1909.871117,0.12,0.14993964476633903
140,50,1912.358142,0.18,0.25272467393246384
152,50,1914.841924,0.18,0.21806878734054577
166,50,1918.385547,0.16,0.21333979328165376
208,50,1920.873609,0.06,0.09708357799960854
158,50,1923.433604,0.2,0.30302466263378314
170,50,1925.854637,0.12,0.11741061984345251
146,50,1928.228964,0.16,0.17979865213412097
174,50,1931.737046,0.08,0.11450316401573457
176,50,1934.001321,0.06,0.06753772543246228
192,50,1936.402452,0.06,0.09550814654784409
152,50,1938.830913,0.18,0.24107291147649892
194,50,1941.248786,0.08,0.10826155050900547
164,50,1944.768884,0.18,0.250161394448031
158,50,1947.278678,0.2,0.2484466202221804
194,50,1949.534949,0.04,0.051757895632927556
164,50,1951.998284,0.1,0.119192102164659
168,50,1955.103661,0.1,0.12897992293652402
178,50,1957.927684,0.12,0.15565356856455492
142,50,1960.344841,0.2,0.2695301767561132
172,50,1962.887691,0.14,0.17161745262230058
136,50,1965.257154,0.18,0.24553704996509423
184,50,1968.75581,0.06,0.08310510907545567
164,50,1971.081008,0.1,0.14305049453409682
150,50,1973.588327,0.2,0.28509936807399944
168,50,1975.912072,0.06,0.09532658180804608
174,50,1978.309831,0.08,0.08121223219190625
124,50,1981.923766,0.14,0.2022949042284062
176,50,1984.362025,0.06,0.05742024965325936
176,50,1986.743506,0.1,0.15319419430024367
170,50,1989.11246,0.08,0.08379770791714856
160,50,1992.091634,0.14,0.18470804751547598
168,50,1995.151937,0.1,0.14507135431433701
186,50,1997.47986,0.08,0.13527990757273395
174,50,1999.864485,0.12,0.16358376435522048
204,50,2002.13663,0.02,0.03740214554943462
184,50,2005.582828,0.06,0.07758538218693198
190,50,2008.026626,0.08,0.09842053307008884
206,50,2010.286546,0.0,0.0
178,50,2012.67413,0.12,0.13700293433168068
150,50,2015.157715,0.2,0.29950305810397554
192,50,2018.665085,0.06,0.10338363482988096
190,50,2021.08802,0.12,0.15368231342672237
168,50,2023.394693,0.1,0.13058943089430894
166,50,2025.779646,0.08,0.07623801135251516
170,50,2028.168353,0.12,0.16942329570315917
204,50,2031.709916,0.02,0.025677468258480197
152,50,2034.093931,0.1,0.13316446535190882
166,50,2036.656289,0.16,0.18860746821503654
192,50,2039.000708,0.06,0.07845377511187279
166,50,2042.156209,0.08,0.11150986926429121
204,50,2045.025131,0.02,0.03462020271039745
194,50,2047.427888,0.04,0.05519053876478318
184,50,2049.825917,0.1,0.11518566414188065
176,50,2052.350948,0.1,0.1679959616355376
170,50,2055.933721,0.08,0.10942155553272373
220,50,2058.366345,0.02,0.03295499800876145
184,50,2060.702478,0.1,0.12700614226273033
196,50,2063.053284,0.02,0.02958829103927556
156,50,2065.507159,0.14,0.19861153033504378
184,50,2069.004315,0.02,0.015567605387440965
164,50,2071.466144,0.18,0.23207885304659498
174,50,2073.891552,0.08,0.10031847133757962
164,50,2076.329173,0.14,0.1777858242056667
160,50,2079.370759,0.18,0.19780026396832381
174,50,2082.421556,0.12,0.1416548547129695
162,50,2084.855701,0.12,0.18027278118205178
188,50,2087.186369,0.06,0.10194552529182879
202,50,2089.507168,0.04,0.05791087858560346
210,50,2092.759331,0.0,0.0
202,50,2095.362744,0.04,0.0626998040631123
180,50,2097.780099,0.14,0.21260967149561313
168,50,2100.154266,0.06,0.09794881445238991
202,50,2102.587809,0.08,0.12173511767420397
210,50,2106.187542,0.04,0.045735834461419454
176,50,2108.578285,0.1,0.12866951935515972
218,50,2110.948074,0.04,0.043006004945249025
184,50,2113.385405,0.1,0.147846233053029
194,50,2115.960107,0.08,0.11618641712220884
176,50,2119.339093,0.06,0.07208046191097038
174,50,2121.834831,0.12,0.1760428626100268
190,50,2124.24405,0.04,0.06846691563726899
150,50,2126.708252,0.16,0.22610628409779754
194,50,2130.033482,0.08,0.09929760415664389
172,50,2132.728869,0.1,0.1397935664896282
180,50,2135.168355,0.06,0.08984047019311503
178,50,2137.641093,0.08,0.10925756186984419
172,50,2140.023853,0.06,0.09500138083402375
194,50,2143.64719,0.04,0.07567170445004198
176,50,2146.004347,0.1,0.14825028527957398
182,50,2148.335685,0.04,0.03775589030513712
170,50,2150.727345,0.08,0.11721915285451197
202,50,2153.281003,0.08,0.11733231416013759
190,50,2156.683278,0.08,0.09042320161219662
208,50,2159.060302,0.02,0.029060716139076286
192,50,2161.411183,0.06,0.0868369013842318
190,50,2163.808071,0.04,0.02866518675803494
220,50,2166.742095,0.02,0.026463512429831595
196,50,2169.626753,0.02,0.032528339083292265
172,50,2171.972157,0.06,0.055261384422836235
194,50,2174.354691,0.04,0.06778405407908139
168,50,2176.709332,0.06,0.09032116628302093
190,50,2180.340822,0.12,0.19199243379571249
162,50,2182.783941,0.2,0.3183279742765273
178,50,2185.221741,0.08,0.1508649003722356
194,50,2187.588223,0.08,0.08024209293244826
178,50,2190.009936,0.12,0.17461792647666255
158,50,2193.658157,0.16,0.21471343028229256
180,50,2196.051228,0.06,0.09225685451460212
160,50,2198.472653,0.1,0.10174977242844138
172,50,2200.896254,0.1,0.14633903700756068
184,50,2203.82755,0.1,0.14276171390399847
176,50,2206.900503,0.1,0.12626752490961995
164,50,2209.245143,0.1,0.16642576915135246
160,50,2211.663291,0.06,0.05974254593464628
194,50,2214.009976,0.08,0.07463002114164904
188,50,2217.670099,0.1,0.11053252112399292
172,50,2220.148514,0.14,0.17970756767437265
196,50,2222.621314,0.06,0.07012963629816349
208,50,2225.093531,0.06,0.10974930362116991
168,50,2227.678006,0.14,0.19906848369846472
162,50,2231.28305,0.16,0.2413285490845524
156,50,2233.852458,0.1,0.14176814176814176
188,50,2236.241865,0.06,0.07839256518371913
192,50,2238.628273,0.06,0.07935823341671698
192,50,2241.76567,0.06,0.07690119476578798
184,50,2244.529575,0.06,0.08134059643615547
192,50,2246.944271,0.1,0.13997555012224938
172,50,2249.433167,0.1,0.14719202898550723
178,50,2251.858059,0.12,0.17648229208117788
158,50,2255.627953,0.12,0.17399874563211182
180,50,2258.012627,0.1,0.1487128712871287
192,50,2260.442187,0.1,0.16408048853739113
194,50,2262.815736,0.08,0.12075198843094721
202,50,2265.46596,0.04,0.052976791120080725
190,50,2268.785397,0.08,0.1275895450145208
200,50,2271.227689,0.06,0.08270208571132096
196,50,2273.556846,0.02,0.03581596106162182
190,50,2275.97238,0.04,0.03090507726269316
206,50,2279.171258,0.04,0.04903971657654298
200,50,2281.963506,0.06,0.09691078818208064
196,50,2284.430295,0.06,0.08566379041480403
208,50,2286.841011,0.02,0.024841483540345696
194,50,2289.275224,0.08,0.10107049860160093
176,50,2292.941282,0.06,0.07251082251082251
210,50,2295.232104,0.0,0.0
188,50,2297.68002,0.06,0.09268892461931334
186,50,2300.050638,0.04,0.058852475150083655
196,50,2302.613248,0.06,0.09998163789937568
176,50,2306.14535,0.1,0.1388765245259503
190,50,2308.540365,0.08,0.11592661526189843
200,50,2310.874317,0.1,0.13656701240593858
198,50,2313.273153,0.0,0.0
230,50,2316.132439,0.0,0.0
196,50,2319.189,0.02,0.043411023969954714
198,50,2321.476165,0.04,0.06668566543174693
212,50,2323.831774,0.02,0.04014752370916754
188,50,2326.175136,0.02,0.03566928370650383
172,50,2329.713948,0.1,0.15283762721188227
182,50,2332.243823,0.12,0.15448995667585663
170,50,2334.68281,0.08,0.11810950795412505
184,50,2337.118091,0.1,0.16541505987416277
166,50,2339.637995,0.04,0.06374147643047733
184,50,2343.265699,0.1,0.1419400855920114
148,50,2345.792717,0.14,0.17522041763341067
180,50,2348.31575,0.1,0.14320435543457127
178,50,2350.73296,0.04,0.05781435938119794
162,50,2354.006189,0.12,0.17459410948845558
200,50,2356.780965,0.02,0.02071094294533506
192,50,2359.143098,0.06,0.08495414693137156
200,50,2361.505833,0.06,0.0546975546975547
180,50,2363.92638,0.1,0.11539596655189376
190,50,2367.675772,0.08,0.10801033591731266
146,50,2370.150799,0.16,0.1939088123986304
170,50,2372.631712,0.12,0.14194139194139194
168,50,2375.01533,0.06,0.06315406315406315
204,50,2377.528073,0.06,0.08675002423185034
168,50,2381.095428,0.14,0.1872392870686386
172,50,2383.601479,0.14,0.16364573490249978
198,50,2386.015112,0.08,0.12885482416591523
174,50,2388.439347,0.08,0.08767753709434262
190,50,2391.727532,0.12,0.17788009772599137
198,50,2394.362931,0.04,0.05585792036665712
192,50,2396.688648,0.06,0.08557874762808348
136,50,2399.26455,0.18,0.26955334503608347
160,50,2401.784233,0.22,0.277109523378855
186,50,2405.436883,0.08,0.09032004712350285
210,50,2407.905573,0.08,0.12157138551190595
206,50,2410.375482,0.08,0.10429506020669385
168,50,2412.721159,0.06,0.10795398682528758
184,50,2415.56679,0.1,0.12274912793438296
196,50,2418.692096,0.02,0.04206602768903089
180,50,2421.136025,0.06,0.10388945752302968
196,50,2423.487885,0.02,0.03417234749169726
178,50,2425.895302,0.08,0.15285773026315788
176,50,2429.295233,0.14,0.19652752124122644
152,50,2432.17056,0.1,0.15787979176526265
178,50,2434.604656,0.08,0.1137091038406828
224,50,2436.984412,0.02,0.04127248154693835
206,50,2439.389046,0.04,0.07561983471074381
166,50,2443.026798,0.08,0.13391877058177826
176,50,2445.443739,0.1,0.1421819234108228
194,50,2447.997629,0.12,0.2284685078048248
190,50,2450.409112,0.12,0.20738340469853025
188,50,2453.434862,0.06,0.07320601851851852
224,50,2456.396317,0.06,0.08415253321810522
202,50,2458.852599,0.04,0.060771365680926406
194,50,2461.280516,0.08,0.12130841121495327
192,50,2463.859811,0.1,0.13643985526431912
190,50,2467.458423,0.04,0.05680388279705195
180,50,2469.955138,0.06,0.07651453776217482
174,50,2472.36421,0.08,0.10268431697003126
180,50,2474.81165,0.06,0.09679651967569705
166,50,2477.395919,0.12,0.13890489913544668
178,50,2480.907448,0.12,0.14990974729241877
182,50,2483.357255,0.08,0.11849302982177519
184,50,2485.843781,0.06,0.07283609576427257
174,50,2488.297915,0.08,0.06506968641114982
176,50,2491.987091,0.14,0.18407485201451212
170,50,2494.441171,0.08,0.11615487316421896
174,50,2496.983978,0.12,0.17912087912087912
166,50,2499.486737,0.12,0.20281124497991967
180,50,2502.007946,0.06,0.09592666099612512
180,50,2505.583943,0.02,0.02845754542083797
148,50,2508.138351,0.14,0.17347947174557543
196,50,2510.447898,0.02,0.027265364887969046
178,50,2512.96264,0.12,0.17816143903100426
148,50,2516.092678,0.14,0.18236775818639797
184,50,2519.004884,0.1,0.1691891350105242
156,50,2521.344006,0.06,0.0809960445882776
168,50,2523.893152,0.1,0.16673029204046574
188,50,2526.281016,0.06,0.07887093846433109
204,50,2529.847922,0.02,0.03505679592636114
184,50,2532.304702,0.06,0.08421480878763223
176,50,2534.767729,0.06,0.047498785818358424
194,50,2537.214566,0.04,0.047693206151450264
164,50,2539.871498,0.06,0.10356049004594181
188,50,2543.362835,0.1,0.1439840239640539
148,50,2545.875111,0.14,0.1970743230964928
184,50,2548.272712,0.1,0.14670803839813829
178,50,2550.736657,0.12,0.19743127056575735
168,50,2554.177706,0.1,0.13914441368223632
210,50,2556.720084,0.04,0.0668495029139527
172,50,2559.104396,0.1,0.1476195131488904
188,50,2561.5829,0.1,0.1442195231668916
160,50,2564.007775,0.1,0.11597702106402465
172,50,2567.696611,0.1,0.1504944678351121
202,50,2570.0786,0.08,0.09385499078790506
186,50,2572.534244,0.08,0.11430071766147383
170,50,2574.940235,0.08,0.1251013787510138
176,50,2577.999869,0.18,0.25405544588447343
190,50,2580.960764,0.0,0.0
200,50,2583.483303,0.1,0.09737398660556926
182,50,2585.849062,0.04,0.06222526130702354
182,50,2588.355621,0.08,0.13913525498891352
188,50,2591.922267,0.02,0.004217387136969232
190,50,2594.381334,0.08,0.10164986251145738
188,50,2596.792504,0.06,0.06831645327727881
194,50,2599.20404,0.04,0.06720921726408192
196,50,2601.849222,0.02,0.030694819086596596
184,50,2605.483251,0.06,0.10753945061367622
180,50,2607.832622,0.02,0.010840560373582388
188,50,2610.499953,0.06,0.05555555555555555
170,50,2613.078091,0.12,0.148007108403148
174,50,2616.683123,0.12,0.1191594772358418
204,50,2619.17311,0.06,0.08818327297229007
160,50,2621.742303,0.14,0.23146691346598797
176,50,2624.240186,0.1,0.16265979774852127
184,50,2626.809725,0.1,0.1374187558031569
202,50,2630.407373,0.04,0.06722689075630252
182,50,2632.854598,0.08,0.10220153928763201
188,50,2635.181331,0.02,0.034031413612565446
190,50,2637.845783,0.08,0.15586690017513136
152,50,2641.309384,0.18,0.25204880713895467
170,50,2644.024898,0.08,0.14475326148610324
192,50,2646.463042,0.1,0.1272225919939146
188,50,2648.873426,0.06,0.07644374232051958
176,50,2651.251483,0.02,0.025192378160498352
172,50,2654.982867,0.1,0.15817665063401837
172,50,2657.400222,0.06,0.1026060296371998
178,50,2659.879755,0.08,0.09010547463586138
146,50,2662.340429,0.16,0.21487189751801442
208,50,2665.243666,0.02,0.026904532304725167
196,50,2668.336899,0.02,0.03444136657433056
192,50,2670.793548,0.06,0.07540754947258303
172,50,2673.225272,0.06,0.0760129078522768
176,50,2675.722534,0.1,0.15124333925399644
184,50,2679.330949,0.06,0.08018963082509582
208,50,2681.721687,0.06,0.05211885046273746
202,50,2684.087811,0.0,0.0
188,50,2686.584651,0.06,0.06934857635893012
176,50,2688.994095,0.06,0.08362369337979095
192,50,2692.603889,0.02,0.03489702517162471
190,50,2695.11296,0.12,0.12506777516717874
170,50,2697.539307,0.08,0.10053328066363816
178,50,2700.030299,0.12,0.17321988356471116
176,50,2703.442512,0.1,0.14270152505446623
152,50,2706.334383,0.18,0.20915094339622642
192,50,2708.80599,0.06,0.07581674445185256
190,50,2711.176189,0.04,0.061471119992387475
210,50,2713.630901,0.0,0.0
192,50,2717.338848,0.1,0.13770972769780876
210,50,2719.892179,0.08,0.10851489316914009
212,50,2722.279254,0.02,0.03311840562719812
172,50,2724.775111,0.1,0.1271064897812836
206,50,2727.57142,0.04,0.06246911139665909
210,50,2730.742426,0.04,0.0705966672639312
204,50,2733.226215,0.06,0.1004289444237225
158,50,2735.769875,0.16,0.22368066169198958
186,50,2738.194332,0.08,0.10068942037620222
212,50,2741.782994,0.02,0.03704825358368666
162,50,2744.270292,0.08,0.12282618592370026
170,50,2746.774735,0.12,0.14626144016577447
192,50,2749.148777,0.06,0.0535443312378062
204,50,2751.568888,0.02,0.030697472610912248
178,50,2755.103886,0.04,0.06522685709309414
180,50,2757.545587,0.06,0.09877122221180001
196,50,2759.907903,0.06,0.08611086552913093
202,50,2762.354514,0.04,0.05977787456445993
174,50,2765.52558,0.08,0.1151599686165112
180,50,2768.47267,0.06,0.04790798768339069
192,50,2770.895634,0.06,0.08275985342747341
172,50,2773.477978,0.14,0.20431834403997146
206,50,2775.911663,0.04,0.050745741770364484
180,50,2779.652842,0.14,0.1766515682420306
200,50,2782.085446,0.06,0.09957924263674614
210,50,2784.559388,0.04,0.05519016299685445
180,50,2786.988449,0.1,0.16029694803409403
178,50,2789.896818,0.12,0.17743112570698777
164,50,2793.146633,0.1,0.16854033636118357
222,50,2795.545324,0.0,0.0
210,50,2797.928837,0.04,0.05423032252300545
196,50,2800.468011,0.1,0.13817800681282208
192,50,2804.022927,0.02,0.027939664038395613
200,50,2806.484102,0.06,0.07355257063455303
186,50,2808.871082,0.04,0.04832155477031802
184,50,2811.330023,0.02,0.02523964471022777
188,50,2813.758814,0.06,0.08400082152392689
216,50,2817.362147,0.02,0.024849699398797595
188,50,2819.756042,0.06,0.09731639766975456
186,50,2822.274093,0.08,0.10774249256452077
206,50,2824.763006,0.08,0.08297567954220315
214,50,2827.861915,0.0,0.0
166,50,2830.879867,0.12,0.19925581395348838
172,50,2833.459698,0.1,0.1410443673543911
196,50,2835.907327,0.02,0.025389599019436177
182,50,2838.437737,0.08,0.0630767433711015
154,50,2842.118731,0.08,0.08963060191261954
196,50,2844.649568,0.02,0.029428848015488868
168,50,2847.04569,0.06,0.0782312925170068
178,50,2849.654394,0.08,0.11720245893379018
176,50,2852.954107,0.1,0.1534201321414691
156,50,2855.835249,0.06,0.0867
188,50,2858.277064,0.06,0.07271820448877805
190,50,2860.768583,0.08,0.12903225806451613
136,50,2863.319402,0.18,0.21931151881974656
178,50,2867.020277,0.04,0.052342662749342815
182,50,2869.37306,0.04,0.05779677620447057
172,50,2871.965225,0.1,0.14877757901013716
176,50,2874.411538,0.1,0.140625
184,50,2877.321543,0.06,0.07436126851575703
202,50,2880.397517,0.04,0.047172967547674804
204,50,2882.825186,0.02,0.02189539783524746
192,50,2885.314386,0.06,0.09010421470072857
200,50,2887.753545,0.02,0.02384737678855326
182,50,2891.34627,0.04,0.05599485104817948
194,50,2893.80514,0.04,0.021337520783299466
196,50,2896.267049,0.06,0.08391031981536433
162,50,2898.831457,0.16,0.21791352093342484
186,50,2901.281304,0.04,0.06127103979864716
176,50,2904.900109,0.06,0.08137535816618911
180,50,2907.318161,0.06,0.0920997485331098
192,50,2909.738991,0.06,0.07200728265817023
186,50,2912.139281,0.08,0.10511388053287495
180,50,2915.507709,0.06,0.0930725503420368
146,50,2918.304601,0.12,0.15173000567214975
192,50,2920.721579,0.02,0.0384765625
188,50,2923.067738,0.02,0.019564414913252122
200,50,2925.539349,0.02,0.03632343651295009
170,50,2929.15002,0.08,0.11644195412362109
174,50,2931.671633,0.04,0.043310391136478096
166,50,2934.148002,0.08,0.10600319106501795
166,50,2936.664133,0.08,0.1146067415730337
164,50,2939.715307,0.14,0.21952842745769158
180,50,2942.855808,0.06,0.06385824139083919
156,50,2945.450017,0.18,0.25466491458607093
182,50,2948.007148,0.08,0.11792314461718979
186,50,2950.498033,0.08,0.11219154206036143
226,50,2954.117141,0.0,0.0
188,50,2956.597588,0.06,0.07413092550790068
188,50,2959.11579,0.1,0.16114811912225704
176,50,2961.523075,0.06,0.06555128908392759
170,50,2964.633563,0.12,0.13875961629784406
180,50,2967.693676,0.02,0.036843578024438016
186,50,2970.245159,0.12,0.16972521604039228
196,50,2972.673612,0.06,0.08200433156133097
202,50,2975.183408,0.04,0.061165723364114785
198,50,2978.805954,0.04,0.010690287110568112
226,50,2981.254379,0.0,0.0
188,50,2983.736446,0.06,0.06755612028801355
208,50,2986.283744,0.06,0.10655241935483871
174,50,2989.016237,0.04,0.04751740139211137
180,50,2992.440349,0.1,0.11592576607682348
192,50,2994.840159,0.02,0.00731997438008967
190,50,2997.379961,0.08,0.09459988260614362
196,50,2999.855519,0.06,0.08299256505576208
170,50,3003.576255,0.08,0.10996996415076059
180,50,3006.079984,0.1,0.1570552147239264
200,50,3008.574327,0.02,0.02056578356533453
206,50,3010.970095,0.04,0.057660942147174515
180,50,3013.521667,0.06,0.0691297063750992
182,50,3017.051919,0.04,0.05716963448922212
194,50,3019.472757,0.04,0.05873388042203986
196,50,3021.861593,0.06,0.06929464541376348
198,50,3024.417697,0.04,0.057611196319018405
190,50,3027.764766,0.04,0.04060093182466483
202,50,3030.583781,0.08,0.0986664263831321
178,50,3033.075931,0.08,0.09699272967614012
194,50,3035.548444,0.04,0.0474343344785548
184,50,3038.002343,0.1,0.13709462461128388
170,50,3041.719597,0.12,0.13463083653245245
182,50,3044.14977,0.12,0.1642120765832106
160,50,3046.650885,0.1,0.13529359509638447
192,50,3049.066625,0.06,0.08867978329056174
210,50,3052.197766,0.04,0.04981851179673321
178,50,3055.198828,0.04,0.06753175546011149
150,50,3057.775611,0.16,0.18107131120604666
178,50,3060.228919,0.08,0.09970496355432142
182,50,3062.698284,0.08,0.10396854425749817
204,50,3066.351469,0.02,0.03745279060008393
196,50,3068.832369,0.06,0.09544746725290831
182,50,3071.361785,0.12,0.14484545978114802
164,50,3073.855163,0.1,0.14979721389525658
174,50,3076.830855,0.12,0.13187710523629684
184,50,3080.134189,0.06,0.07413526071244192
178,50,3082.788253,0.12,0.1625045570543201
178,50,3085.469259,0.12,0.15392523364485983
184,50,3087.901525,0.1,0.16893239079209715
162,50,3091.693903,0.12,0.18746075881244956
182,50,3094.1771,0.08,0.12667270349129692
194,50,3096.759363,0.04,0.0644847067991428
182,50,3099.295507,0.08,0.13273208508969708
170,50,3102.865969,0.08,0.0956339137282352
174,50,3105.843379,0.12,0.15480464625131996
174,50,3108.537593,0.04,0.0640128025605121
196,50,3111.117674,0.02,0.035672143051647454
170,50,3114.119889,0.08,0.09987929993964997
176,50,3117.54786,0.06,0.08436087135224003
190,50,3120.113008,0.08,0.11966123303888535
210,50,3122.538564,0.0,0.0
178,50,3125.237684,0.08,0.08568470100957805
176,50,3129.027184,0.1,0.1686840321487363
172,50,3131.730061,0.1,0.13555852247441033
158,50,3134.3294,0.08,0.11379403549869357
190,50,3136.996997,0.08,0.09067131647776809
174,50,3140.568555,0.08,0.11557522123893806
194,50,3143.337273,0.08,0.10933091495364772
180,50,3145.881482,0.06,0.09143657462985194
178,50,3148.463714,0.04,0.05328014184397163
164,50,3151.097342,0.1,0.1268649624631759
170,50,3154.950347,0.16,0.20428189116859946
154,50,3157.548685,0.08,0.14902736564457633
198,50,3160.178442,0.04,0.056858365903592036
174,50,3162.667556,0.0,0.0
200,50,3166.451731,0.06,0.08535515931014323
172,50,3168.887611,0.06,0.05663056985620451
164,50,3171.536869,0.14,0.16564102564102565
188,50,3174.137147,0.06,0.0889051569871482
136,50,3177.397754,0.1,0.12230078348939423
174,50,3180.418767,0.08,0.1178391490949804
186,50,3182.991765,0.08,0.11022410310666539
168,50,3185.694924,0.14,0.2230178497301785
166,50,3188.494477,0.16,0.22388651919452435
176,50,3192.226232,0.06,0.12014292094685128
160,50,3194.923293,0.14,0.18691498600791276
166,50,3197.586062,0.12,0.14090561711883837
182,50,3200.145861,0.08,0.10709378220542769
162,50,3203.848374,0.08,0.09084880636604775
186,50,3206.485588,0.08,0.10332069188789196
172,50,3209.020827,0.06,0.06820872415991258
184,50,3211.606033,0.06,0.08369574864648975
190,50,3214.818301,0.04,0.04936068986024383
182,50,3218.00679,0.12,0.14327125790583276
188,50,3220.64786,0.06,0.09996231392500471
182,50,3223.349932,0.08,0.1128400954653938
170,50,3225.847952,0.04,0.054076850984067476
178,50,3229.70039,0.08,0.1169962094047741
184,50,3232.462952,0.14,0.20893561103810776
160,50,3235.199249,0.1,0.13457798521975886
180,50,3237.804953,0.06,0.08342960884634427
170,50,3241.59164,0.08,0.11604481447219653
144,50,3244.32575,0.18,0.2274237964105973
184,50,3247.010722,0.06,0.10158239359767188
214,50,3249.552129,0.0,0.0
184,50,3253.450001,0.06,0.06235565819861432
194,50,3256.083037,0.08,0.13014389148565667
198,50,3258.753498,0.04,0.02995919179854683
190,50,3261.314607,0.04,0.06636996904024768
188,50,3264.602727,0.02,0.018492574950966657
184,50,3267.851322,0.06,0.07266466537171111
198,50,3270.525352,0.04,0.05782836050446016
210,50,3273.107502,0.04,0.042917590167237556
174,50,3275.849384,0.08,0.12197754749568221
178,50,3279.721562,0.12,0.16713995943204868
170,50,3282.408443,0.08,0.10218244909140718
160,50,3285.04344,0.14,0.1764469453376206
200,50,3287.640302,0.02,0.03025921718475679
166,50,3291.484669,0.16,0.20155655788449633
150,50,3294.274384,0.16,0.2232078058221111
174,50,3296.80431,0.08,0.10920967890330298
156,50,3299.523926,0.22,0.2723051711580481
188,50,3303.015724,0.02,0.03743000294724433
194,50,3305.784761,0.08,0.09657856625633598
170,50,3308.369541,0.12,0.14673913043478262
164,50,3311.077106,0.1,0.14357807243221848
158,50,3313.95084,0.08,0.08392535758264659
168,50,3317.515143,0.14,0.19556667858419735
178,50,3320.041294,0.08,0.12419503219871206
180,50,3322.630158,0.06,0.08170271198077583
174,50,3325.147893,0.04,0.059222384344691445
192,50,3328.877088,0.02,0.0376047220106626
198,50,3331.453875,0.04,0.06097789434245036
152,50,3334.138975,0.1,0.14310136765888978
144,50,3336.856952,0.14,0.16279875303082786
176,50,3340.58832,0.1,0.13729809104258445
170,50,3343.211755,0.08,0.11465583913379737
148,50,3345.88581,0.1,0.13617998163452708
158,50,3348.511412,0.12,0.14895292079987404
192,50,3351.370531,0.02,0.02014846235418876
198,50,3354.815973,0.08,0.11208007135070855
220,50,3357.386663,0.02,0.037903053598120864
170,50,3359.987195,0.16,0.2286977886977887
188,50,3362.597847,0.06,0.1017862805200296
194,50,3366.396294,0.04,0.07894736842105263
180,50,3368.989449,0.06,0.1
158,50,3371.666103,0.12,0.19474751375881047
184,50,3374.269213,0.06,0.08218029350104822
178,50,3377.777215,0.04,0.06387665198237885
200,50,3380.659241,0.06,0.07686980609418283
174,50,3383.252559,0.04,0.06886117733357784
174,50,3386.026463,0.16,0.18480077403465564
170,50,3388.857854,0.12,0.1434419381787803
156,50,3392.470085,0.1,0.1372265413126017
158,50,3395.070086,0.08,0.12057154041886867
176,50,3397.712877,0.06,0.09315772566655958
124,50,3400.441401,0.22,0.2581351689612015
174,50,3404.388231,0.16,0.24709737827715356
154,50,3407.185726,0.2,0.27016798966217465
200,50,3409.814978,0.02,0.03493661085841479
164,50,3412.398083,0.06,0.08201450066266469
186,50,3416.434734,0.08,0.12607150324064395
156,50,3419.009403,0.1,0.15315055315055315
176,50,3421.67899,0.06,0.07741413414853443
172,50,3424.270257,0.06,0.10169019316493313
172,50,3427.834488,0.06,0.10573770491803279
170,50,3430.757615,0.08,0.11108160736413525
142,50,3433.517855,0.12,0.15343623667769202
156,50,3436.209579,0.1,0.11820469798657718
178,50,3439.241917,0.08,0.13449023861171366
162,50,3442.684775,0.08,0.11983636000798244
156,50,3445.553458,0.18,0.24260620182828463
148,50,3448.304639,0.18,0.22302091973090038
166,50,3451.078774,0.08,0.1245310641412755
176,50,3454.745104,0.1,0.1369813371987679
152,50,3457.50158,0.14,0.1821873557914167
178,50,3460.1489,0.04,0.06650396583282489
166,50,3462.937208,0.12,0.16238746248749583
172,50,3466.759686,0.06,0.08940879526259586
146,50,3469.674828,0.2,0.2614806194611046
148,50,3472.399463,0.14,0.1963616907437132
180,50,3475.152847,0.06,0.10940963127140842
202,50,3478.856354,0.0,0.0
158,50,3481.538627,0.08,0.14546448087431693
178,50,3484.204785,0.08,0.1269249163079866
176,50,3487.027805,0.1,0.19435736677115986
180,50,3490.804376,0.06,0.104143232095988
190,50,3493.541071,0.08,0.1448666806634474
194,50,3496.145461,0.04,0.05409215047132411
178,50,3498.805307,0.04,0.047269835660010605
194,50,3501.845054,0.04,0.06018608257414228
184,50,3505.245602,0.1,0.11694563768330618
202,50,3507.843463,0.04,0.06873365707881958
206,50,3510.537964,0.04,0.05626151012891344
182,50,3513.099034,0.08,0.12233942362026747
184,50,3516.975282,0.1,0.15643547566559268
190,50,3519.65057,0.08,0.13267884914463451
188,50,3522.288568,0.06,0.09054382358437675
190,50,3524.841302,0.04,0.07397908857762872
202,50,3528.660484,0.04,0.04455591619946887
184,50,3531.203179,0.06,0.07680477655147458
186,50,3533.705884,0.0,0.0
180,50,3536.362188,0.1,0.13251196596348166
178,50,3539.845621,0.16,0.24183924183924185
160,50,3542.797172,0.1,0.12433237019525435
184,50,3545.417518,0.06,0.0963198095427041
164,50,3548.005487,0.14,0.22960812772133526
188,50,3550.60309,0.02,0.03236154354184357
178,50,3554.364451,0.08,0.10980582524271845
170,50,3557.011331,0.08,0.060810810810810814
200,50,3559.584699,0.06,0.09703947368421052
210,50,3562.200083,0.08,0.13114084363190687
216,50,3565.90485,0.02,0.03495786836711455
188,50,3568.541721,0.1,0.13412532873855082
208,50,3570.991548,0.02,0.035368860231367344
204,50,3573.59885,0.06,0.09280015197568389
192,50,3576.68831,0.02,0.009019679300291546
190,50,3579.955521,0.0,0.0
194,50,3582.523622,0.08,0.11734284440481497
168,50,3585.145811,0.1,0.13738861611202036
202,50,3587.68442,0.04,0.054525222551928786
172,50,3591.547333,0.06,0.08708822415751609
170,50,3594.109968,0.08,0.12148324883189184
182,50,3596.75945,0.04,0.05960928368675906
182,50,3599.297308,0.04,0.06395883109722478
202,50,3603.034991,0.08,0.1151288056206089
174,50,3605.658881,0.04,0.043928101709776415
160,50,3608.321985,0.1,0.17366003062787136
176,50,3610.887863,0.1,0.13935918441653014
164,50,3613.982402,0.1,0.13780565403145167
186,50,3617.331515,0.08,0.10514414923685698
184,50,3619.953337,0.06,0.08861244019138756
184,50,3622.584899,0.1,0.13952843273231622
186,50,3625.215312,0.08,0.09745871481132883
210,50,3628.939771,0.04,0.055736224028906954
182,50,3631.576248,0.08,0.1309175920514319
196,50,3634.11283,0.06,0.07543698252069918
178,50,3636.732625,0.08,0.10411376333164042
216,50,3640.315462,0.02,0.01687512408179472
168,50,3643.069331,0.1,0.1309164149043303
198,50,3645.493401,0.0,0.0
190,50,3648.115224,0.08,0.10153575271446738
224,50,3650.635435,0.02,0.019953262628078373
182,50,3654.496514,0.08,0.10066213314244811
160,50,3657.165722,0.1,0.10300142925202477
188,50,3659.84684,0.1,0.14067524115755628
158,50,3662.402551,0.04,0.038575152041702865
214,50,3666.184498,0.04,0.06562009419152276
188,50,3668.719174,0.06,0.10885130227249144
202,50,3671.371965,0.08,0.11313187838089908
154,50,3674.012049,0.12,0.15783376773819865
182,50,3677.489723,0.04,0.05732484076433121
148,50,3680.507103,0.14,0.216836205106913
192,50,3683.084269,0.06,0.09508445625355855
196,50,3685.57673,0.02,0.019153402133986357
208,50,3688.151233,0.06,0.07447050785698019
188,50,3691.886903,0.06,0.09554140127388536
172,50,3694.484821,0.06,0.08596234849136078
164,50,3697.05383,0.06,0.08453192026242745
166,50,3699.800552,0.16,0.20373485868102287
206,50,3703.539936,0.04,0.07175854635047736
184,50,3706.084188,0.02,0.036916173771160514
168,50,3708.672133,0.1,0.11838410023763232
172,50,3711.292793,0.06,0.08451242829827915
194,50,3714.591885,0.04,0.042418772563176894
194,50,3717.718056,0.04,0.06933774190411358
170,50,3720.408447,0.16,0.2232247940368772
180,50,3723.105514,0.1,0.1395445999582202
178,50,3725.672176,0.08,0.10796866042423084
204,50,3729.635217,0.06,0.07299070530344451
210,50,3732.189831,0.0,0.0
186,50,3734.786319,0.04,0.0558390022675737
190,50,3737.355015,0.04,0.06626446444466423
188,50,3741.347986,0.06,0.07635354002776493
168,50,3744.11957,0.18,0.19021964359718194
206,50,3746.762295,0.04,0.06075882196869196
170,50,3749.383222,0.04,0.05686951900079724
196,50,3753.086242,0.02,0.03242302252203242
196,50,3755.74565,0.06,0.10186585980837115
192,50,3758.446217,0.02,0.035550207831984246
170,50,3761.075123,0.04,0.045396732217982586
188,50,3764.073132,0.06,0.09632938434647505
172,50,3767.518406,0.06,0.08832205448551102
190,50,3770.249254,0.04,0.04038959878473774
214,50,3772.843067,0.0,0.0
160,50,3775.533448,0.06,0.0704558910597987
176,50,3779.362891,0.06,0.1018398067273741
180,50,3782.051313,0.06,0.09098115201691034
182,50,3784.690274,0.08,0.1232876712328767
186,50,3787.314723,0.0,0.0
170,50,3791.134733,0.12,0.1831373989713446
164,50,3793.830751,0.1,0.1412288017792605
206,50,3796.340917,0.04,0.0653691143222255
218,50,3798.951066,0.04,0.0703875968992248
198,50,3802.050754,0.04,0.05267048604694142
194,50,3805.28465,0.04,0.057065723328989015
186,50,3807.857072,0.08,0.11052395879982087
146,50,3810.619921,0.16,0.21388476143305266
178,50,3813.213551,0.04,0.054949226535066904
176,50,3816.950759,0.02,0.010257913247362251
208,50,3819.542107,0.02,0.02337197248138724
170,50,3822.298588,0.04,0.06073082861554297
156,50,3824.926889,0.1,0.12621910803901146
178,50,3828.758451,0.08,0.10240780249923803
186,50,3831.339057,0.04,0.06579059646727536
214,50,3833.946953,0.0,0.0
174,50,3836.476418,0.0,0.0
196,50,3839.865565,0.02,0.032653418541539
174,50,3842.997029,0.12,0.15709612938397238
186,50,3845.663661,0.08,0.1347806422433288
204,50,3848.217098,0.02,0.022179914326511185
170,50,3850.777302,0.04,0.04210632097276656
208,50,3854.539742,0.06,0.08206627680311891
170,50,3857.166463,0.08,0.13496218731820825
188,50,3859.673298,0.02,0.012573895092427512
184,50,3862.378812,0.1,0.15431774391311964
212,50,3866.09274,0.02,0.03275511192945053
198,50,3868.691199,0.04,0.06343994916331286
166,50,3871.275632,0.08,0.12208467886616434
188,50,3874.004039,0.06,0.10255366771797741
196,50,3877.191476,0.06,0.10116267514657656
214,50,3880.307386,0.04,0.06451279933938893
192,50,3882.790121,0.02,0.042778390297684675
170,50,3885.518031,0.12,0.16890826453946758
188,50,3888.122602,0.1,0.13176740189057576
160,50,3891.979792,0.06,0.07720456979650125
192,50,3894.480721,0.02,0.032429768358797434
178,50,3897.051702,0.04,0.05634443837611505
180,50,3899.567935,0.06,0.08307318765175165
174,50,3903.529391,0.04,0.04659600878449346
154,50,3906.18793,0.08,0.11810872894333843
156,50,3908.857309,0.14,0.19310540770906337
202,50,3911.417623,0.04,0.047672149428491774
162,50,3914.752318,0.08,0.1115170638545213
176,50,3917.960363,0.1,0.14775644316664954
214,50,3920.505584,0.0,0.0
200,50,3923.100573,0.06,0.09718853857899937
176,50,3925.704805,0.06,0.09404299649588028
174,50,3929.445168,0.08,0.11030544729448019
208,50,3932.119606,0.06,0.09302537885703853
192,50,3934.735225,0.06,0.11226980252939871
208,50,3937.304463,0.02,0.03768962593046264
192,50,3941.060255,0.1,0.1543154494886058
176,50,3943.605276,0.02,0.030313236780060628
186,50,3946.125933,0.0,0.0
194,50,3948.792899,0.08,0.13074099791687332
190,50,3951.852191,0.04,0.05986002470152326
182,50,3955.122561,0.08,0.11157474600870827
204,50,3957.62741,0.02,0.003072684890866709
192,50,3960.323287,0.1,0.15381740024296794
204,50,3962.923614,0.02,0.038225853516194924
216,50,3966.730266,0.02,0.032411646218641274
194,50,3969.260641,0.04,0.06565827277336488
192,50,3971.901763,0.06,0.0886558627264061
184,50,3974.45073,0.1,0.13773126518407774
176,50,3978.303876,0.06,0.11653706583722136
186,50,3980.893921,0.08,0.09827050997782705
214,50,3983.447715,0.0,0.0
174,50,3986.078568,0.12,0.14342518956907713
184,50,3989.369426,0.1,0.12469944449050659
194,50,3992.608388,0.08,0.12165257223396758
180,50,3995.356715,0.1,0.17853786882165007
206,50,3997.880699,0.04,0.07060590886329494
212,50,4000.458943,0.02,0.014208263226771359
184,50,4004.171221,0.02,0.02451539338654504
180,50,4006.837127,0.06,0.10794148380355277
182,50,4009.377652,0.04,0.05262566063195772
164,50,4012.149006,0.14,0.20129151291512914
176,50,4016.019766,0.1,0.102861562258314
186,50,4018.678896,0.04,0.06385639010449227
212,50,4021.192645,0.02,0.042271562766865924
188,50,4023.913723,0.06,0.10498817034700315
182,50,4027.429641,0.04,0.04985824616287027
178,50,4030.370269,0.08,0.10547192839707079
214,50,4032.935514,0.0,0.0
186,50,4035.586797,0.08,0.12025068546807677
168,50,4038.249407,0.06,0.0784144351665227
174,50,4041.951547,0.04,0.06503690036900368
178,50,4044.556908,0.08,0.07760727201642069
192,50,4047.186212,0.06,0.08445098208877737
194,50,4049.756147,0.08,0.08134258070040243
140,50,4053.757272,0.22,0.2934203745060986
210,50,4056.265571,0.04,0.06965498000557983
172,50,4058.962543,0.06,0.08714511041009464
174,50,4061.669623,0.08,0.1099283724631914
188,50,4065.544436,0.1,0.13889413096810718
196,50,4068.092593,0.06,0.0580877676489294
180,50,4070.849638,0.14,0.21318749355071717
190,50,4073.423017,0.0,0.0
192,50,4076.495699,0.02,0.03379114889906257
192,50,4079.779113,0.02,0.026908292147171883
184,50,4082.5267,0.14,0.19672272531263477
208,50,4085.176222,0.02,0.036758289703315884
180,50,4087.80952,0.06,0.07705023418128386
182,50,4091.643952,0.12,0.18227946916471507
184,50,4094.339296,0.1,0.13421312505610916
182,50,4096.919396,0.08,0.10682651874384898
190,50,4099.516918,0.08,0.06261064008199012
186,50,4103.182992,0.04,0.05852261100879885
214,50,4105.792028,0.04,0.05501837168826146
182,50,4108.30443,0.0,0.0
196,50,4110.857683,0.02,0.028436877377286722
194,50,4114.004635,0.08,0.09496783957623912
200,50,4117.212218,0.02,0.03306085376930064
168,50,4119.734529,0.06,0.097890854062234
182,50,4122.394159,0.04,0.05644963646760886
196,50,4124.91035,0.06,0.11570509439932497
170,50,4128.756903,0.12,0.13815254512928932
188,50,4131.32179,0.1,0.15316780821917808
208,50,4133.962905,0.02,0.03177138800141995
194,50,4136.449203,0.04,0.055171761143181605
166,50,4140.321958,0.12,0.1322247910368131
188,50,4142.870728,0.06,0.07354586129753915
190,50,4145.614704,0.04,0.0759059251034622
172,50,4148.180164,0.06,0.08371600141292829
168,50,4151.493903,0.1,0.11804102134784429
190,50,4154.595966,0.04,0.06258503401360545
190,50,4157.235518,0.08,0.12700665188470067
216,50,4159.720787,0.02,0.04186880404977853
170,50,4162.361147,0.08,0.11752951861943688
180,50,4166.193288,0.06,0.07412972702228901
196,50,4168.882807,0.1,0.09946914976938473
216,50,4171.354588,0.02,0.03887854561384295
192,50,4173.986044,0.06,0.10501867201020129
206,50,4177.721197,0.08,0.13290625281963367
178,50,4180.37262,0.08,0.12923653228683554
186,50,4182.969929,0.08,0.12394259100845927
180,50,4185.60429,0.06,0.09228811900567625
184,50,4188.683655,0.06,0.08696448187477114
170,50,4191.996822,0.12,0.15176908752327747
196,50,4194.549628,0.06,0.09308993596482844
178,50,4197.221979,0.12,0.18522064583514666
208,50,4199.724969,0.02,0.022805429864253393
170,50,4203.590179,0.12,0.16853932584269662
180,50,4206.193966,0.1,0.14667636628171318
216,50,4208.857057,0.06,0.08627696155048453
178,50,4211.442892,0.08,0.11936695278969957
190,50,4215.249859,0.04,0.049621285686541075
186,50,4217.763186,0.04,0.06812194203989462
176,50,4220.415684,0.06,0.09541717684100053
198,50,4223.027898,0.08,0.11781258793734171
180,50,4226.48829,0.06,0.08665877578626986
200,50,4229.443863,0.06,0.09431192660550458
192,50,4232.095941,0.06,0.08137957760124007
182,50,4234.671131,0.08,0.11780153817295066
164,50,4237.552941,0.14,0.16799699502300686
180,50,4241.312255,0.1,0.14299812493832034
202,50,4243.932729,0.0,0.0
190,50,4246.56877,0.08,0.11921059649746645
206,50,4249.173672,0.0,0.0
208,50,4252.863748,0.02,0.024650298346864913
166,50,4255.49388,0.08,0.1319815668202765
194,50,4258.028741,0.04,0.04493077266636891
184,50,4260.665553,0.06,0.06466534503917681
172,50,4264.17036,0.06,0.09548981157813966
194,50,4267.05234,0.04,0.07228386246292431
188,50,4269.563085,0.06,0.0650755767700875
204,50,4272.25269,0.06,0.08818531437259637
180,50,4275.114762,0.1,0.15866311633458818
214,50,4278.571968,0.0,0.0
172,50,4281.173534,0.06,0.09212389380530973
162,50,4283.845188,0.08,0.10811310293845869
180,50,4286.41314,0.1,0.13865788390284067
178,50,4290.237576,0.08,0.12699443413729128
202,50,4292.787096,0.04,0.06363800252388678
176,50,4295.631102,0.06,0.10591734834802932
214,50,4298.128043,0.0,0.0
184,50,4302.099559,0.1,0.1620973626602731
202,50,4304.56033,0.0,0.0
192,50,4307.222797,0.06,0.08686569762381409
200,50,4309.786584,0.06,0.09700063816209317
166,50,4313.170327,0.16,0.23386359480709454
198,50,4316.441605,0.04,0.0546137339055794
178,50,4319.304057,0.04,0.041719964577388566
182,50,4322.111888,0.04,0.062058430399083445
206,50,4325.52527,0.04,0.059165053912081836
204,50,4328.994907,0.06,0.10003775009437524
184,50,4331.949544,0.06,0.04544258268269146
172,50,4334.692489,0.06,0.07571987202275152
192,50,4338.058718,0.06,0.10112711333750783
174,50,4341.436491,0.12,0.17502385243294816
210,50,4344.138179,0.04,0.07188940092165899
190,50,4346.737738,0.08,0.09705405663075603
186,50,4349.526724,0.12,0.14292803970223325
158,50,4353.565494,0.16,0.1732078853046595
184,50,4356.453628,0.06,0.10428183266185702
180,50,4359.286868,0.06,0.08593550582829916
184,50,4362.483936,0.1,0.14662258756254468
200,50,4366.162739,0.02,0.03919227011182282
168,50,4369.070241,0.1,0.137761135199054
180,50,4371.877485,0.1,0.11749218364324503
194,50,4374.797778,0.04,0.06895831156618953
176,50,4378.424852,0.1,0.13769363166953527
202,50,4381.060453,0.08,0.08575261090351634
190,50,4383.630623,0.04,0.05894679300291545
184,50,4386.491215,0.1,0.14896810506566605
192,50,4390.47659,0.06,0.08253996766660679
194,50,4393.403367,0.04,0.0841556084836112
188,50,4396.341039,0.1,0.1604849573417153
226,50,4399.358549,0.04,0.06157307967679247
216,50,4403.289473,0.02,0.0364963503649635
188,50,4406.15368,0.06,0.1098177654803931
172,50,4408.832457,0.06,0.06382248656067711
196,50,4411.558125,0.02,0.03532583434042949
208,50,4415.572435,0.02,0.027793696275071632
176,50,4418.512478,0.06,0.0879662932894872
160,50,4421.435593,0.1,0.1353415002517201
212,50,4424.39242,0.02,0.03892182082541103
202,50,4428.496511,0.04,0.05301609240793761
168,50,4431.53681,0.1,0.1286555260159514
196,50,4434.318736,0.06,0.029970200085142614
152,50,4437.164671,0.06,0.09185142528073711
168,50,4440.961261,0.06,0.09760306807286673
204,50,4443.656578,0.02,0.025017034945974886
172,50,4446.459482,0.1,0.13229166666666667
190,50,4449.296952,0.04,0.05100937274693583
194,50,4453.244594,0.04,0.05530295019562229
176,50,4456.140685,0.14,0.18642681929681112
194,50,4458.871461,0.04,0.03205614567526555
190,50,4461.722193,0.04,0.06334328973117725
190,50,4465.929118,0.04,0.06687953054884363
