#{"t_start": 1668730925.4457185, "env_id": "DeepRMSA-v0"}
r,l,t,episode_service_blocking_rate,episode_bit_rate_blocking_rate
50,50,4.375992,0.0,0.0
50,50,4.701046,0.0,0.0
50,50,5.081209,0.0,0.0
50,50,5.44868,0.0,0.0
50,50,5.840041,0.0,0.0
38,50,6.204947,0.12,0.15558162620702104
18,50,6.565618,0.32,0.31117878896452883
8,50,6.911835,0.42,0.4080906148867314
-8,50,7.222919,0.58,0.6012975778546713
-2,50,7.539639,0.52,0.5575774808075064
-20,50,7.870476,0.7,0.7634107659296576
-18,50,8.208491,0.68,0.719570771589167
-16,50,8.563147,0.66,0.5893857593969645
-8,50,8.919411,0.58,0.6296424252893419
-30,50,9.264326,0.8,0.8690349002849003
-24,50,9.621278,0.74,0.7583778739289048
-24,50,9.992084,0.74,0.792686230248307
-16,50,10.355819,0.66,0.6776195320447609
-26,50,10.710773,0.76,0.7738316180192341
-22,50,11.119119,0.72,0.7445202364711232
-30,50,11.930565,0.8,0.8525016870722066
-16,50,12.698828,0.66,0.6822176514584891
-14,50,13.486775,0.64,0.7380178290508652
-22,50,14.27721,0.72,0.795664116146753
-24,50,15.111787,0.74,0.7652482269503547
-20,50,15.767303,0.7,0.7612984740985519
-22,50,16.348165,0.72,0.7304791029561671
-34,50,16.942508,0.84,0.829435253850542
-28,50,17.553602,0.78,0.8473719676549866
-24,50,18.15703,0.74,0.8001067046060821
-28,50,18.778152,0.78,0.8671074688023841
-28,50,19.388573,0.78,0.7990253738867418
-18,50,20.011936,0.68,0.6938048245614035
-26,50,20.646604,0.76,0.8299906279287722
-32,50,21.310318,0.82,0.8519849561220225
-30,50,21.983958,0.8,0.8730851360133692
-20,50,22.617896,0.7,0.7658095899930507
-18,50,23.271631,0.68,0.6827430293896006
-24,50,23.938396,0.74,0.7454090869902578
-32,50,24.620327,0.82,0.7790653495440729
-28,50,25.299468,0.78,0.7542329834067051
-30,50,25.983503,0.8,0.8521365175221887
-18,50,26.685033,0.68,0.6878288319887759
-22,50,27.380987,0.72,0.7915584415584416
-34,50,28.102264,0.84,0.8736787022501308
-22,50,28.827152,0.72,0.8200589970501475
-30,50,29.539697,0.8,0.7938873691161211
-30,50,30.296053,0.8,0.8226241196417703
-16,50,31.035108,0.66,0.7392718497534362
-30,50,31.798755,0.8,0.808704253214639
-22,50,32.539397,0.72,0.8288102007409321
-26,50,33.304568,0.76,0.7534735260983852
-12,50,34.05918,0.62,0.6701396586122811
-30,50,34.849128,0.8,0.8434100231853041
-20,50,35.62928,0.7,0.77351756954612
-26,50,36.396832,0.76,0.8377786244999047
-34,50,37.176561,0.84,0.831275720164609
-22,50,37.977823,0.72,0.7628078606367459
-20,50,38.7886,0.7,0.7263261296660117
-12,50,39.611748,0.62,0.7036768513723459
-18,50,40.41436,0.68,0.7502646521027813
-30,50,41.257608,0.8,0.8324522602222462
-24,50,42.13916,0.74,0.7980152365677626
-30,50,42.982923,0.8,0.7936493155787318
-20,50,43.819465,0.7,0.8072941859340234
-16,50,44.679551,0.66,0.7309633530831687
-18,50,45.532269,0.68,0.7693522906793049
-30,50,46.38805,0.8,0.8635721683457301
-10,50,47.248131,0.6,0.6242469879518072
-20,50,48.104306,0.7,0.7918026492608946
-26,50,48.980852,0.76,0.8205153326148722
-26,50,49.894474,0.76,0.793575252825699
-24,50,50.813791,0.74,0.8043993961613112
-24,50,51.734857,0.74,0.8419065115329659
-34,50,52.678419,0.84,0.833105602186219
-10,50,53.945064,0.6,0.673489765351972
-12,50,55.26073,0.62,0.6601028916090119
-14,50,56.622774,0.64,0.738118417559076
-30,50,57.572528,0.8,0.8608796918391114
-24,50,58.501188,0.74,0.7825112107623319
-22,50,59.433166,0.72,0.7590770274855786
-18,50,60.381087,0.68,0.7237032444719983
-20,50,61.326035,0.7,0.679733279450394
-18,50,62.315622,0.68,0.6994401335821628
-22,50,63.277119,0.72,0.8018598655740724
-26,50,64.233433,0.76,0.7521662245800177
-28,50,65.214914,0.78,0.7908235964662297
-8,50,66.161457,0.58,0.7171922685656155
-18,50,67.125628,0.68,0.6518316975998445
-24,50,68.116356,0.74,0.7256423173803527
-34,50,69.132142,0.84,0.8426619656236227
-20,50,70.115492,0.7,0.7251346871114794
-10,50,71.078502,0.6,0.6126848387671477
-32,50,72.151889,0.82,0.876885303402315
-34,50,73.19864,0.84,0.8973076602483955
-30,50,74.237833,0.8,0.813953488372093
-36,50,75.283155,0.86,0.8698261960222182
-32,50,76.343884,0.82,0.8482199763270509
-22,50,77.434762,0.72,0.8006137738063002
-18,50,78.479492,0.68,0.6967620835288597
-32,50,79.553895,0.82,0.8672032193158954
-26,50,80.613089,0.76,0.8042193325452396
-24,50,81.679525,0.74,0.7644610458911419
-30,50,82.831402,0.8,0.848223814605885
-26,50,83.96826,0.76,0.7983535528596187
-18,50,85.050636,0.68,0.6987828577273192
-20,50,86.142915,0.7,0.7434726496575003
-14,50,87.294754,0.64,0.6247923204725863
-26,50,88.409505,0.76,0.7902833304362941
-16,50,89.508642,0.66,0.7348999622499056
-16,50,90.625736,0.66,0.7607129663834503
-22,50,91.827195,0.72,0.7828845979512283
-20,50,92.949743,0.7,0.7926608993250309
-18,50,94.111775,0.68,0.6844155844155844
-16,50,95.442364,0.66,0.7094186391997623
-28,50,97.196323,0.78,0.7993643226062773
-18,50,98.931919,0.68,0.7346763085399449
-8,50,100.079388,0.58,0.6431945806221588
-12,50,101.210877,0.62,0.6070991432068543
-18,50,102.415798,0.68,0.7417608968783223
-10,50,103.536085,0.6,0.6954599056603774
-18,50,104.724195,0.68,0.7415570901523034
-16,50,105.89284,0.66,0.7229736032086559
-12,50,107.088049,0.62,0.7174870714422524
-24,50,108.283156,0.74,0.7912290200324851
-32,50,109.53412,0.82,0.8499409573984922
-12,50,110.709305,0.62,0.6486578321440707
-24,50,111.997463,0.74,0.7642162364384587
-12,50,113.166809,0.62,0.6665118439386902
-18,50,114.420146,0.68,0.7025321925503414
-14,50,115.648381,0.64,0.6887615930169122
-18,50,116.961387,0.68,0.75482712168837
-22,50,118.196763,0.72,0.74553911205074
-26,50,119.47826,0.76,0.8004093255027585
-18,50,120.723229,0.68,0.7600340780007573
-20,50,122.060097,0.7,0.7533995563699489
-14,50,123.31374,0.64,0.6999445881049132
-30,50,124.639091,0.8,0.7702947025854275
-26,50,125.926076,0.76,0.8133381011979259
-22,50,127.218097,0.72,0.752060696890221
-22,50,128.48035,0.72,0.7837654141178755
-18,50,129.77881,0.68,0.7421176470588235
-8,50,131.011796,0.58,0.6474512146555157
-22,50,132.38742,0.72,0.7135219835929579
-24,50,133.690059,0.74,0.8061442564559217
-14,50,134.965441,0.64,0.630030471787328
-16,50,136.269938,0.66,0.6829716807649872
-14,50,137.779958,0.64,0.6454696186482005
-16,50,139.701916,0.66,0.6570013507429086
-12,50,141.843071,0.62,0.6469755925008843
-18,50,143.813064,0.68,0.7328680203045685
-18,50,145.565082,0.68,0.701254275940707
-20,50,146.948191,0.7,0.7769416823434561
-28,50,148.350736,0.78,0.793469237155244
-10,50,149.683065,0.6,0.6307723743359215
-4,50,150.968573,0.54,0.6280825364871666
-16,50,152.372781,0.66,0.752299930754773
-22,50,153.739069,0.72,0.7399359782714133
-22,50,155.126084,0.72,0.7415187480306691
-12,50,156.453234,0.62,0.723444126639708
-18,50,157.820395,0.68,0.7562779654826043
-10,50,159.180409,0.6,0.7035757632340585
-16,50,160.576202,0.66,0.7290786948176583
-8,50,161.956477,0.58,0.529429797670141
-22,50,163.372327,0.72,0.753858024691358
-10,50,164.738384,0.6,0.6336583894641601
-8,50,166.074073,0.58,0.6459736456808199
-14,50,167.474475,0.64,0.6909471919530595
-20,50,168.890368,0.7,0.7913143334377284
-24,50,170.337419,0.74,0.8092165898617512
-12,50,171.754342,0.62,0.6535198555956678
-8,50,173.157078,0.58,0.6634573777585461
-14,50,174.579052,0.64,0.7499516347455988
-18,50,176.017864,0.68,0.748458919863833
-16,50,177.467939,0.66,0.6417288801571709
-8,50,178.878069,0.58,0.6647909967845659
-12,50,180.740947,0.62,0.653466324313648
-12,50,182.877257,0.62,0.6929215170859933
-16,50,184.526922,0.66,0.6499113475177305
-20,50,186.030831,0.7,0.710648781823159
-28,50,187.534676,0.78,0.8317113477781858
-22,50,189.029659,0.72,0.7509582215408203
-14,50,190.488363,0.64,0.676522506619594
-4,50,191.929326,0.54,0.6289164490861618
-14,50,193.423628,0.64,0.6335540838852097
-14,50,194.905077,0.64,0.6555701179554391
-20,50,196.415442,0.7,0.7069533017897552
-14,50,197.91517,0.64,0.6780411053200904
-24,50,199.487586,0.74,0.800219446320054
-16,50,201.014973,0.66,0.7142256776633746
-18,50,202.577828,0.68,0.7580430230344565
-16,50,204.123792,0.66,0.7006184770003866
-20,50,205.674906,0.7,0.6976466262180548
-8,50,207.203694,0.58,0.6580348943985308
-20,50,208.772502,0.7,0.7950439332609339
-6,50,210.285179,0.56,0.6413604615851807
-14,50,211.827282,0.64,0.6816695352839931
-12,50,213.366945,0.62,0.7321445243207917
-12,50,214.91868,0.62,0.6685854567002455
-16,50,216.477371,0.66,0.6846269404106159
-16,50,218.039424,0.66,0.696767298958055
-12,50,219.601042,0.62,0.6799311679931168
-12,50,221.161476,0.62,0.7270873786407767
-8,50,223.123545,0.58,0.7339617197268443
-20,50,225.601888,0.7,0.8111965811965812
-16,50,227.341694,0.66,0.7328139321723189
-18,50,228.954622,0.68,0.7340772193147033
-6,50,230.489039,0.56,0.609198312236287
-18,50,232.137352,0.68,0.6705422368556436
-6,50,233.692457,0.56,0.6811424100156495
-16,50,235.29186,0.66,0.6796740994854202
-18,50,236.932283,0.68,0.7271639409652971
-16,50,238.580087,0.66,0.6853585385803872
-24,50,240.295857,0.74,0.8006224274671218
-22,50,242.004527,0.72,0.7700739451935624
-16,50,243.670768,0.66,0.6713007972000777
-14,50,245.324999,0.64,0.6596385542168675
-12,50,246.965787,0.62,0.5826693227091634
-2,50,248.518152,0.52,0.5773108531729222
-18,50,250.191047,0.68,0.750188679245283
-6,50,251.798496,0.56,0.5801550387596899
-8,50,253.451469,0.58,0.6177287801380299
-2,50,255.025561,0.52,0.6304391417685984
-8,50,256.666869,0.58,0.6560856158171594
-16,50,258.35855,0.66,0.7098247653849348
-32,50,260.157248,0.82,0.8611808461180847
-22,50,261.904796,0.72,0.7428083861530961
-8,50,263.863543,0.58,0.6099389228206552
-26,50,266.569365,0.76,0.829996548153262
-8,50,268.398171,0.58,0.6313884623821013
-24,50,270.191677,0.74,0.8327495621716288
-8,50,271.88021,0.58,0.659631698737844
-28,50,273.684624,0.78,0.7797713117040067
-2,50,275.337634,0.52,0.545687603003113
-22,50,277.115415,0.72,0.778167713335796
-16,50,278.847677,0.66,0.6529986052998605
-30,50,280.693592,0.8,0.835163785693821
-18,50,282.511351,0.68,0.7162400248730438
-8,50,284.219374,0.58,0.6608616780045351
-24,50,286.044831,0.74,0.7691000178922884
-20,50,287.890482,0.7,0.6924946256659501
-6,50,289.613356,0.56,0.5922321182627858
-12,50,291.352394,0.62,0.7178263264182119
-20,50,293.188871,0.7,0.7793987185805815
-20,50,294.998139,0.7,0.7743934368999825
-14,50,296.799893,0.64,0.6795435510887772
-10,50,298.622407,0.6,0.6738029245914173
-18,50,300.445071,0.68,0.7510680717744233
-14,50,302.26634,0.64,0.7444455514595995
-14,50,304.611894,0.64,0.7122237706549871
-22,50,308.302261,0.72,0.7191912149206903
-8,50,310.779579,0.58,0.6061942565911986
-12,50,312.588067,0.62,0.632020202020202
-14,50,314.387253,0.64,0.5950864422202001
0,50,316.081156,0.5,0.5862815205118554
-10,50,317.906657,0.6,0.616546963902621
-22,50,319.805952,0.72,0.7514012528849324
-10,50,321.613916,0.6,0.6347272223760732
-14,50,323.463887,0.64,0.6929335405430113
-8,50,325.293921,0.58,0.6303430563199413
-12,50,327.11357,0.62,0.651064610866373
-16,50,329.019439,0.66,0.7079892548005173
-14,50,330.896776,0.64,0.7503560528992879
-16,50,332.788158,0.66,0.7360266159695817
-12,50,334.651894,0.62,0.719061876247505
0,50,336.422994,0.5,0.6052654906479922
-6,50,338.234014,0.56,0.6097146739130435
-10,50,340.111875,0.6,0.6925857083849649
-14,50,342.026871,0.64,0.7515879317189361
-14,50,343.99007,0.64,0.6558180227471566
-28,50,346.020905,0.78,0.8660653505786249
-22,50,348.009055,0.72,0.7335869671251585
-10,50,350.763228,0.6,0.6429045407147597
-20,50,353.249253,0.7,0.7302103444771872
-18,50,355.227949,0.68,0.7806819298418002
-18,50,357.213014,0.68,0.7577589681580008
-14,50,359.172133,0.64,0.7205927128793261
-18,50,361.168357,0.68,0.7140204271123491
-24,50,363.235578,0.74,0.8205449982072427
-2,50,365.103166,0.52,0.5866063548102383
-10,50,367.047586,0.6,0.6805226777767257
-4,50,368.929079,0.54,0.6579563182527302
0,50,370.786437,0.5,0.544136460554371
-6,50,372.703998,0.56,0.6793179317931793
-8,50,374.611225,0.58,0.6503291880029262
-14,50,376.593859,0.64,0.7070152505446623
-22,50,378.685167,0.72,0.7281317494600432
-20,50,380.733523,0.7,0.7285817786632857
-10,50,382.683249,0.6,0.6676413255360624
-12,50,384.667599,0.62,0.6455764557645577
-14,50,386.674517,0.64,0.6816802579176939
-12,50,388.68656,0.62,0.7053555108755255
-16,50,390.74804,0.66,0.7146944803396714
-20,50,393.672857,0.7,0.7663942401245378
-6,50,396.166484,0.56,0.5796327524826682
-20,50,398.247413,0.7,0.7578184179201385
-20,50,400.326129,0.7,0.7471220626010846
-16,50,402.406081,0.66,0.7245073656016836
-22,50,404.542009,0.72,0.7306113858781438
-12,50,406.58329,0.62,0.7492460933930366
-4,50,408.578209,0.54,0.5975341259357111
-8,50,410.595007,0.58,0.6553720577069096
0,50,412.54325,0.5,0.6233601841196778
-22,50,414.693917,0.72,0.750747104968248
-8,50,416.71069,0.58,0.619378968426546
-12,50,418.779075,0.62,0.7190690828810598
-6,50,420.78746,0.56,0.6475822397986698
-26,50,423.024495,0.76,0.7250922509225092
-8,50,425.060861,0.58,0.6806090798007332
-22,50,427.234384,0.72,0.7902265659706798
-22,50,429.427776,0.72,0.7794907327212888
-14,50,431.519303,0.64,0.7540770385192597
-22,50,433.723796,0.72,0.7519856807249133
-20,50,436.958991,0.7,0.6885663116222076
-12,50,439.418993,0.62,0.6365231849251801
-20,50,441.601738,0.7,0.7470147181338517
-2,50,443.634292,0.52,0.5937467430953621
-12,50,445.766846,0.62,0.6645358532518065
-14,50,447.930211,0.64,0.6762508953238514
-16,50,450.102224,0.66,0.691448178778814
-4,50,452.185281,0.54,0.5604338304307018
-16,50,454.358677,0.66,0.6797767977679777
-18,50,456.597773,0.68,0.7114288571142886
-18,50,458.820678,0.68,0.789138217061032
-12,50,460.964305,0.62,0.6972982129245363
-12,50,463.136121,0.62,0.7194557823129252
-8,50,465.247388,0.58,0.7002318314686019
-16,50,467.468899,0.66,0.6542942292061772
-14,50,469.817114,0.64,0.7534783826687833
-12,50,473.148888,0.62,0.6783299029697147
-14,50,475.445171,0.64,0.6958228485153498
-10,50,478.622106,0.6,0.6826524024716407
-6,50,481.182369,0.56,0.6619966791199668
-12,50,483.386526,0.62,0.720472796174321
6,50,485.430192,0.44,0.5376438463038814
-18,50,487.701903,0.68,0.7505788067675868
-16,50,489.938994,0.66,0.7181799549087928
-10,50,492.129899,0.6,0.7096000767238899
-14,50,494.377355,0.64,0.7049402823018458
-24,50,496.721853,0.74,0.7551380435741378
-10,50,498.958786,0.6,0.6718304504846987
8,50,500.984782,0.42,0.49687980464863885
-10,50,503.244141,0.6,0.7074332069482409
-12,50,505.513753,0.62,0.6633464315087271
-10,50,507.755278,0.6,0.6770640200676191
-20,50,510.103935,0.7,0.7108737189508425
-18,50,512.447686,0.68,0.7242129246064622
-18,50,514.772854,0.68,0.7423029008720413
-14,50,517.082941,0.64,0.7291161178509532
-18,50,520.013739,0.68,0.6849440674857876
-6,50,523.113195,0.56,0.5877264125439308
-20,50,525.488834,0.7,0.7602558895207149
-26,50,527.953429,0.76,0.7850065760631302
-4,50,530.151946,0.54,0.5957558017980347
0,50,532.305008,0.5,0.5193263670487978
-18,50,534.711076,0.68,0.7387153504731597
-14,50,537.042484,0.64,0.6940394906809374
-6,50,539.309104,0.56,0.638073182028717
-12,50,541.641199,0.62,0.6881208609271523
-18,50,544.027244,0.68,0.7186788154897494
-12,50,546.353652,0.62,0.6945134943181818
-20,50,548.798775,0.7,0.7699503069277989
-22,50,551.25044,0.72,0.7739966901117087
4,50,553.432859,0.46,0.585711101203745
-4,50,555.715801,0.54,0.601440329218107
-10,50,558.096656,0.6,0.6880488030317035
-10,50,560.418392,0.6,0.6950614058008884
-18,50,563.209577,0.68,0.6950219340072478
-14,50,566.700226,0.64,0.7175641488977231
-14,50,569.118456,0.64,0.7139144342263095
-16,50,571.565804,0.66,0.7405405405405405
-14,50,573.979393,0.64,0.6868518880845236
-18,50,576.444484,0.68,0.7522390787790166
-10,50,578.819499,0.6,0.6784062237174096
-12,50,581.209881,0.62,0.6901539897340178
-14,50,583.651055,0.64,0.7292429490351311
-8,50,586.035136,0.58,0.6926816095058062
-10,50,588.424661,0.6,0.633042833302429
-16,50,590.884757,0.66,0.7171250101403424
-4,50,593.203288,0.54,0.6484120521172638
-4,50,595.530621,0.54,0.6279660189434626
-18,50,598.02081,0.68,0.7350574712643678
-20,50,600.548338,0.7,0.7715828984711159
-14,50,603.073869,0.64,0.6821932880982945
-14,50,605.752946,0.64,0.7202653917455362
-6,50,609.374304,0.56,0.5895311788802913
-26,50,611.992434,0.76,0.7727314686605742
-18,50,614.551514,0.68,0.7166929444225463
-8,50,616.97922,0.58,0.640173666489456
-10,50,619.438719,0.6,0.6525370453524921
-4,50,621.815601,0.54,0.6301597179008505
-6,50,624.270243,0.56,0.6745981862260932
-12,50,626.76957,0.62,0.6901048791609667
-16,50,629.283374,0.66,0.7638301959277757
-24,50,631.980053,0.74,0.7889301274810392
-20,50,634.543649,0.7,0.7327924149876925
-12,50,637.54467,0.62,0.6930197010869565
-10,50,640.93121,0.6,0.6165835411471322
-16,50,643.492004,0.66,0.7021863117870722
-4,50,645.896566,0.54,0.6064077669902913
-6,50,648.856833,0.56,0.626232741617357
-10,50,652.262891,0.6,0.6870437068042441
-12,50,654.792132,0.62,0.6772745411013568
-16,50,657.37814,0.66,0.7050618880472935
-4,50,659.791141,0.54,0.608813700918964
-6,50,662.281567,0.56,0.6312860676009893
-8,50,664.799073,0.58,0.5904597805386778
-14,50,667.385179,0.64,0.6761957627902674
-18,50,669.994338,0.68,0.7680143755615454
10,50,672.26726,0.4,0.518978102189781
-2,50,674.723932,0.52,0.6334978346258435
-10,50,677.240952,0.6,0.651964972234088
-12,50,679.833017,0.62,0.7526347790839076
-10,50,682.352338,0.6,0.6738640025781502
-14,50,684.951322,0.64,0.7117069285903902
-12,50,687.514639,0.62,0.6848045512938153
-16,50,690.228399,0.66,0.7021510096575944
-24,50,694.20678,0.74,0.7955757765924066
-8,50,697.033599,0.58,0.6715365753984471
-8,50,699.568916,0.58,0.6988016841196156
-6,50,702.078922,0.56,0.5971631205673759
-10,50,704.658767,0.6,0.6673246850911826
-10,50,707.250829,0.6,0.6943585780525502
-12,50,709.868976,0.62,0.7063530789499366
-8,50,712.453737,0.58,0.7031431897555297
-4,50,714.967745,0.54,0.6025461106655974
-10,50,717.560123,0.6,0.6712380592074151
-10,50,720.209117,0.6,0.717056053190507
-4,50,722.746052,0.54,0.5933982786342571
-12,50,725.39402,0.62,0.7221020761245674
-20,50,728.178022,0.7,0.7657552840798915
-20,50,730.933672,0.7,0.7576477883422902
-12,50,733.987862,0.62,0.6928066608577791
-6,50,737.603087,0.56,0.6831971995332555
-4,50,740.154316,0.54,0.6144905496415382
-18,50,742.910378,0.68,0.7760036496350365
-8,50,745.568784,0.58,0.6523462609813585
-14,50,748.302647,0.64,0.6969269102990033
-4,50,750.876215,0.54,0.6206256109481916
-10,50,753.559716,0.6,0.617244611059044
-18,50,756.328203,0.68,0.7772543741588156
-2,50,758.924185,0.52,0.5924863031567963
-6,50,761.557729,0.56,0.6669711362805992
-4,50,764.192351,0.54,0.640113509678727
-10,50,766.864533,0.6,0.7099228896103896
-14,50,769.607406,0.64,0.700247218788628
-12,50,772.309321,0.62,0.692569597436411
-12,50,775.028289,0.62,0.6145006839945281
-22,50,778.898972,0.72,0.8119896434973113
-10,50,782.063437,0.6,0.6813720630514524
-14,50,784.821094,0.64,0.6857747330243804
-8,50,787.500694,0.58,0.6542206162802369
-14,50,790.28423,0.64,0.699815157116451
-16,50,793.103344,0.66,0.7370291400142146
-14,50,795.915266,0.64,0.653539861730988
-14,50,798.721303,0.64,0.7416829745596869
0,50,801.315374,0.5,0.5516198282591726
-10,50,804.151837,0.6,0.645419143267063
-8,50,808.24449,0.58,0.622271714922049
-4,50,810.920312,0.54,0.6172661870503597
-10,50,813.700207,0.6,0.5583799677511145
-4,50,816.355439,0.54,0.516794178018287
-10,50,819.112319,0.6,0.6808120073426196
-14,50,823.328267,0.64,0.7525954454119224
-14,50,826.171412,0.64,0.6929883620275079
-8,50,828.943767,0.58,0.6245469683612499
-14,50,831.80243,0.64,0.7167541161570472
-26,50,834.828049,0.76,0.8059151307329618
-20,50,837.759349,0.7,0.7735866372980911
-4,50,840.470644,0.54,0.6045289508885916
-18,50,843.39513,0.68,0.7772034578023349
-14,50,846.259257,0.64,0.7122541324221997
-14,50,849.138412,0.64,0.7003887898914628
-14,50,852.028423,0.64,0.7642065315090383
-16,50,854.932204,0.66,0.7312476791682139
-14,50,857.817663,0.64,0.6417107660275874
-2,50,860.521567,0.52,0.5448328267477204
-12,50,864.227981,0.62,0.6309555146091077
-6,50,867.593776,0.56,0.6600609756097561
-22,50,870.637416,0.72,0.8063261336881974
-22,50,873.686192,0.72,0.7292545150767762
-16,50,876.614267,0.66,0.7440811724915445
0,50,879.324252,0.5,0.5664218072395787
-12,50,882.213199,0.62,0.6333640552995392
-12,50,885.111786,0.62,0.6373093537864762
-10,50,887.958628,0.6,0.6965040734247705
-6,50,890.765815,0.56,0.6584183936488298
-14,50,893.771259,0.64,0.7043469429209831
-18,50,896.782475,0.68,0.7313480372641133
-18,50,899.810634,0.68,0.6891429688263462
-6,50,902.678348,0.56,0.6458354676774921
-20,50,905.75231,0.7,0.8378117146723372
8,50,909.584168,0.42,0.484408289754019
-12,50,912.72289,0.62,0.653045574057844
-14,50,915.687261,0.64,0.6864491426668886
-6,50,918.560184,0.56,0.6447380493623268
-10,50,921.478841,0.6,0.6009160305343512
-2,50,924.339473,0.52,0.5850029756000793
-14,50,927.34025,0.64,0.7213240954580447
-14,50,930.356819,0.64,0.6649238258361129
-8,50,933.279986,0.58,0.6214237549369039
-14,50,936.280335,0.64,0.7317606772567298
-14,50,939.294774,0.64,0.7276790051491305
-10,50,942.254866,0.6,0.6895039736914224
-22,50,945.417346,0.72,0.7593403237300214
-4,50,948.29533,0.54,0.6061603144136734
-20,50,952.84399,0.7,0.7701281315739147
-18,50,955.917184,0.68,0.7357000398883127
-12,50,958.952249,0.62,0.720904298459043
-2,50,961.808654,0.52,0.5940781383029041
-8,50,964.762278,0.58,0.6471390973779121
-12,50,967.798803,0.62,0.6313905930470347
-8,50,970.76001,0.58,0.6097837378411559
-22,50,974.85235,0.72,0.7373596656559862
-14,50,978.501868,0.64,0.7629839471199245
-6,50,981.424984,0.56,0.7022097144048364
-14,50,984.515839,0.64,0.705364588158992
-10,50,987.533109,0.6,0.6335821680159816
-18,50,990.725578,0.68,0.7024676016332327
-22,50,995.413766,0.72,0.7754396665650096
-20,50,998.626143,0.7,0.7554858934169278
-18,50,1001.7884,0.68,0.7343691148775895
-4,50,1004.748902,0.54,0.6563434635793536
0,50,1007.62183,0.5,0.642085187539733
-4,50,1010.584782,0.54,0.582193666819642
-18,50,1013.7691,0.68,0.7673739369469976
-14,50,1016.926691,0.64,0.6897644449139115
-8,50,1019.973204,0.58,0.6911278471711977
-10,50,1023.020266,0.6,0.6768797323472442
-16,50,1026.213251,0.66,0.7108720571378185
-6,50,1029.216209,0.56,0.6265282786524761
-10,50,1032.30434,0.6,0.698688033811746
2,50,1036.026085,0.48,0.6002449979583504
-14,50,1039.828085,0.64,0.7437252311756936
-12,50,1042.949051,0.62,0.646560745885263
-14,50,1046.12643,0.64,0.7212078651685393
-2,50,1049.113142,0.52,0.601829561868079
-20,50,1052.40513,0.7,0.7392778592375366
-14,50,1055.623832,0.64,0.6857321317033996
-12,50,1058.773238,0.62,0.6967457253171538
-14,50,1061.960035,0.64,0.6728400954653938
-8,50,1065.049273,0.58,0.6142693963623583
-8,50,1068.118156,0.58,0.648944264789804
-24,50,1071.497402,0.74,0.8056931895462935
-16,50,1074.752326,0.66,0.6903914590747331
-10,50,1079.117429,0.6,0.6659693749477031
-16,50,1082.602935,0.66,0.7381602485641653
-14,50,1085.841486,0.64,0.7109985222714799
6,50,1088.731374,0.44,0.5102221348535483
-10,50,1091.885017,0.6,0.6462472885032537
-10,50,1095.066299,0.6,0.6594641313742438
-10,50,1098.216178,0.6,0.7726497441557139
-16,50,1101.510772,0.66,0.7203181773544142
-28,50,1105.007252,0.78,0.8122043958082167
-10,50,1108.160241,0.6,0.6777557618104078
-14,50,1111.45417,0.64,0.6871883216973433
-10,50,1114.671696,0.6,0.6808184604290608
4,50,1117.620414,0.46,0.5642773665757694
-16,50,1122.399302,0.66,0.7604555459852618
-4,50,1125.492757,0.54,0.6458938199917047
-8,50,1128.650681,0.58,0.6288205329153606
-16,50,1131.986519,0.66,0.7108264462809918
-8,50,1135.230155,0.58,0.7172523961661342
-6,50,1138.391414,0.56,0.710990099009901
-12,50,1141.930503,0.62,0.6863354037267081
-28,50,1146.719507,0.78,0.8096840733905113
-6,50,1149.877723,0.56,0.6355018264045921
4,50,1152.880144,0.46,0.53125
-2,50,1156.010933,0.52,0.6378392762107504
-16,50,1159.38132,0.66,0.7344827586206897
-8,50,1164.06026,0.58,0.6326570616485347
-8,50,1167.274012,0.58,0.6787242714489505
-12,50,1170.576931,0.62,0.675207633857572
-10,50,1173.865666,0.6,0.622664255575648
-16,50,1177.292173,0.66,0.6843169346298258
-10,50,1180.604357,0.6,0.6256385068762279
-6,50,1183.835062,0.56,0.6617336152219874
-6,50,1187.086068,0.56,0.6200532724505328
-20,50,1190.579434,0.7,0.7380034688764695
0,50,1193.695148,0.5,0.5213062895422405
-10,50,1197.013654,0.6,0.6623365068066553
-14,50,1200.397193,0.64,0.7529755464185242
-14,50,1204.679257,0.64,0.6864851566344103
-2,50,1208.441718,0.52,0.6307547169811321
-22,50,1211.998893,0.72,0.7489467801564784
4,50,1215.079808,0.46,0.5240562546262029
-16,50,1218.550987,0.66,0.770012706480305
-2,50,1221.749254,0.52,0.5782073813708261
-4,50,1224.987793,0.54,0.6062455497914759
-4,50,1228.226243,0.54,0.6752682204957454
-4,50,1231.485311,0.54,0.5886075949367089
-2,50,1234.692445,0.52,0.5776195320447609
-2,50,1237.896155,0.52,0.6121968689245881
-12,50,1241.324439,0.62,0.6666666666666666
-16,50,1244.825257,0.66,0.7266546174369567
-14,50,1249.721454,0.64,0.6735717603344171
-12,50,1253.133027,0.62,0.7198509485094851
-14,50,1256.620575,0.64,0.7243074595821122
-10,50,1260.02446,0.6,0.6957146965775094
-18,50,1263.575408,0.68,0.7326003997819371
-12,50,1267.040588,0.62,0.6683494293239683
0,50,1270.256199,0.5,0.5810131129872462
-18,50,1273.793458,0.68,0.7596153846153846
-16,50,1277.342421,0.66,0.7145063130166228
-12,50,1280.795871,0.62,0.7137209093359691
-4,50,1284.092867,0.54,0.6231571039534228
-6,50,1287.448153,0.56,0.6415094339622641
4,50,1292.025095,0.46,0.4920021470746108
-16,50,1295.60312,0.66,0.7586882036221243
-6,50,1298.94918,0.56,0.5691947565543071
-6,50,1302.370788,0.56,0.6569886670264437
2,50,1305.564743,0.48,0.5184
-18,50,1309.138433,0.68,0.7009030297915436
-12,50,1312.625782,0.62,0.6860453400503779
-8,50,1317.179746,0.58,0.6157298786085892
-10,50,1321.015845,0.6,0.6299161831076725
-10,50,1324.511201,0.6,0.6716226138032305
-8,50,1327.940184,0.58,0.5737510274910951
-18,50,1331.810686,0.68,0.6870942356875861
-4,50,1336.398277,0.54,0.6578051892811569
-16,50,1339.995926,0.66,0.7296561734555022
0,50,1343.299126,0.5,0.6278412180532899
-10,50,1346.819804,0.6,0.6923851363719568
-12,50,1350.366667,0.62,0.6476163925285754
-18,50,1354.01334,0.68,0.7650754865171481
-14,50,1357.585684,0.64,0.7427402065874099
-16,50,1361.187389,0.66,0.7517058377558756
-18,50,1364.890975,0.68,0.7222601570501878
-16,50,1368.573493,0.66,0.6813268040284579
-6,50,1372.075439,0.56,0.6552224371373307
-10,50,1376.107047,0.6,0.6574019150919413
-16,50,1380.754346,0.66,0.7401262214983714
-8,50,1384.2941,0.58,0.6944294213088156
-14,50,1387.979596,0.64,0.640395964210927
-12,50,1391.637806,0.62,0.6490919199406968
-12,50,1395.288463,0.62,0.6920823717379727
-2,50,1398.720381,0.52,0.6584835582933237
-12,50,1402.356763,0.62,0.6525166767738023
-16,50,1406.085319,0.66,0.7111523264252883
-10,50,1409.722739,0.6,0.634235552304316
-18,50,1413.53497,0.68,0.7515625
2,50,1416.936904,0.48,0.5822033898305085
-10,50,1422.028734,0.6,0.6592425523916925
-12,50,1425.685037,0.62,0.651104707012488
-20,50,1429.49542,0.7,0.7760928498813962
-20,50,1433.345269,0.7,0.7572353046917131
-8,50,1436.973926,0.58,0.6343160593297931
-16,50,1440.752259,0.66,0.6672582076308784
-4,50,1444.274359,0.54,0.5909994039340354
-10,50,1447.931362,0.6,0.6851343938562808
-8,50,1451.55824,0.58,0.6667897360162451
-14,50,1455.299751,0.64,0.7320983965740464
-2,50,1458.821441,0.52,0.5643327348892878
-14,50,1463.646139,0.64,0.6861854448503999
-4,50,1467.624199,0.54,0.6369597340229036
0,50,1471.131599,0.5,0.6202254226675016
-10,50,1474.815813,0.6,0.6779038017223272
-14,50,1478.604489,0.64,0.6758677991137371
-2,50,1482.176772,0.52,0.5635265444526862
-10,50,1487.333611,0.6,0.6981496543310288
-8,50,1490.989152,0.58,0.643228602383532
-12,50,1494.761558,0.62,0.7036927621861152
-10,50,1498.486953,0.6,0.6973199163096543
-10,50,1502.218097,0.6,0.6663387763132008
-14,50,1507.157956,0.64,0.6402846480951141
-2,50,1511.08443,0.52,0.555886440341473
-16,50,1514.921303,0.66,0.7340985174557628
-14,50,1518.782546,0.64,0.7047691866577463
-20,50,1522.745567,0.7,0.7554353172651255
-10,50,1526.506814,0.6,0.6851794713565772
0,50,1530.062863,0.5,0.5404884318766067
4,50,1533.517788,0.46,0.612370723945903
-20,50,1537.484412,0.7,0.7674714104193139
-14,50,1541.322071,0.64,0.7327460951689067
-16,50,1545.215022,0.66,0.7281003091721058
-24,50,1550.710562,0.74,0.8211242067089756
-14,50,1554.605252,0.64,0.7205569350833629
-18,50,1558.556642,0.68,0.7503827104907699
-18,50,1562.534765,0.68,0.8131525026831886
-20,50,1566.541463,0.7,0.7135850907307504
-10,50,1570.362278,0.6,0.719185698400479
-14,50,1574.24353,0.64,0.6523652365236524
-22,50,1578.33195,0.72,0.8103009150080182
-22,50,1582.411936,0.72,0.7978622532540298
-20,50,1586.453068,0.7,0.7835562159484893
-18,50,1590.474856,0.68,0.7767233198170995
6,50,1595.399408,0.44,0.515437084903967
-6,50,1599.167055,0.56,0.6512047049895655
-12,50,1603.077566,0.62,0.6284522153785019
-8,50,1606.875393,0.58,0.684264816204051
-10,50,1610.715639,0.6,0.7016113376043487
-12,50,1614.612563,0.62,0.6478533094812164
-8,50,1618.414865,0.58,0.6272267206477733
4,50,1621.987919,0.46,0.5563386727688787
-18,50,1626.05951,0.68,0.7080676462434156
-12,50,1629.986762,0.62,0.6956521739130435
-10,50,1633.870084,0.6,0.6532024310425433
2,50,1638.777032,0.48,0.5406098884831738
-14,50,1642.92056,0.64,0.7609235084690905
-2,50,1646.64769,0.52,0.5305766468294685
-20,50,1650.820092,0.7,0.744921875
-10,50,1656.153967,0.6,0.7361372879674636
-22,50,1660.334083,0.72,0.8104995919847674
-2,50,1664.095306,0.52,0.642579721995094
-20,50,1668.215812,0.7,0.7775471527840447
-6,50,1672.056125,0.56,0.6170714212521775
-18,50,1676.202136,0.68,0.693688524590164
-8,50,1681.23062,0.58,0.6484683577635391
-18,50,1685.682146,0.68,0.7376325088339223
-10,50,1689.63186,0.6,0.7251506024096386
-18,50,1693.760113,0.68,0.7537073524836669
-8,50,1697.70684,0.58,0.5975485188968335
-4,50,1701.552633,0.54,0.6118497367716605
-16,50,1705.635066,0.66,0.7120892637497803
-6,50,1709.519489,0.56,0.6057973751298272
-18,50,1713.656161,0.68,0.7640077284018769
-18,50,1717.795999,0.68,0.7372771893567553
6,50,1721.407881,0.44,0.47144231610251025
-16,50,1727.084563,0.66,0.7008758371973209
-10,50,1731.08052,0.6,0.6379243074522044
-6,50,1734.971684,0.56,0.6491083676268862
-12,50,1739.038134,0.62,0.6805852962169878
-12,50,1743.092045,0.62,0.6265746011010545
-8,50,1747.050679,0.58,0.6214239422275715
-2,50,1750.93194,0.52,0.6028662420382166
-18,50,1755.123919,0.68,0.742174320524836
-8,50,1759.08803,0.58,0.7231015639721123
-6,50,1763.036199,0.56,0.6207827260458839
-8,50,1768.525449,0.58,0.6866659770352747
-14,50,1772.647506,0.64,0.7397463002114165
2,50,1776.430645,0.48,0.588477366255144
-24,50,1780.795262,0.74,0.7703774945900457
-14,50,1784.928169,0.64,0.746163737676811
-14,50,1789.074122,0.64,0.6564260563380282
-14,50,1793.210217,0.64,0.6525296376690599
-14,50,1797.373764,0.64,0.6872404681011702
-14,50,1801.574649,0.64,0.673397435897436
-10,50,1805.644982,0.6,0.6670123584824129
-20,50,1811.380044,0.7,0.7581512002866356
-4,50,1815.376472,0.54,0.6474908200734394
-22,50,1819.748861,0.72,0.7470303563572371
-10,50,1824.678666,0.6,0.6309811953081362
-24,50,1829.768491,0.74,0.7766431489045674
-16,50,1833.970481,0.66,0.7190992066877079
-6,50,1837.963325,0.56,0.5260236673997277
-2,50,1841.875866,0.52,0.635814708002884
-10,50,1845.941209,0.6,0.6582843907684672
-14,50,1850.163692,0.64,0.6978288633461047
-20,50,1856.011896,0.7,0.7559009227780475
0,50,1859.927388,0.5,0.6029045643153527
-18,50,1864.220408,0.68,0.7359303391384051
-18,50,1868.524814,0.68,0.673979547242374
-8,50,1872.594571,0.58,0.6480333268746367
-22,50,1877.018831,0.72,0.7764395604395604
-6,50,1881.100835,0.56,0.6029672276350753
-10,50,1885.262172,0.6,0.6415037593984962
-16,50,1889.621074,0.66,0.7586649550706034
-8,50,1893.76155,0.58,0.6950138504155124
-4,50,1899.232091,0.54,0.6209463593718132
-14,50,1903.546013,0.64,0.70417771277082
-4,50,1907.588719,0.54,0.5990939977349944
-12,50,1911.80789,0.62,0.6847693928831969
-16,50,1916.112753,0.66,0.7422948384701077
-18,50,1920.508825,0.68,0.7573225869864361
-18,50,1924.885773,0.68,0.7732558139534884
-2,50,1928.919083,0.52,0.5323898987434427
-14,50,1933.267092,0.64,0.7355597205656841
-16,50,1937.639214,0.66,0.7350537634408603
-12,50,1943.315929,0.62,0.7478532396565184
-8,50,1947.493996,0.58,0.6778132118451025
-14,50,1951.821666,0.64,0.7222102076124568
-6,50,1955.943528,0.56,0.6210516178736518
6,50,1959.79209,0.44,0.5021367521367521
-24,50,1964.37127,0.74,0.7879746835443038
-6,50,1968.509102,0.56,0.5671766052658965
-8,50,1972.689869,0.58,0.658528951486698
-10,50,1976.945962,0.6,0.6748941443767428
-4,50,1981.414236,0.54,0.6435814455231931
-8,50,1986.805248,0.58,0.642657212166449
-2,50,1990.854048,0.52,0.6134717055022518
-4,50,1995.067786,0.54,0.591922514619883
-6,50,2000.580137,0.56,0.5596219585763121
-10,50,2004.869488,0.6,0.6895859930694875
-10,50,2009.15955,0.6,0.6747220033272042
-8,50,2013.440349,0.58,0.679392578333868
-18,50,2017.912785,0.68,0.7261535655662958
-6,50,2022.136685,0.56,0.6823509282231157
-14,50,2027.73558,0.64,0.7038289317371836
-20,50,2032.594534,0.7,0.7136491330039717
-24,50,2037.296088,0.74,0.7825438269302499
-10,50,2041.656003,0.6,0.690876195399328
-8,50,2045.945624,0.58,0.6303852629493909
-10,50,2050.263926,0.6,0.6851973375832006
-14,50,2054.684338,0.64,0.7207922446932977
-12,50,2059.069525,0.62,0.6915972473741399
-22,50,2063.704335,0.72,0.7287207565953211
-2,50,2067.901876,0.52,0.5506927854753941
-22,50,2074.057492,0.72,0.7710108604845447
-24,50,2078.789439,0.74,0.8221092757306226
0,50,2082.911556,0.5,0.6091663294212869
-8,50,2087.231908,0.58,0.6848819497334349
-14,50,2091.748299,0.64,0.7604624987209659
-12,50,2096.214223,0.62,0.706267539756782
-16,50,2100.795498,0.66,0.746033436268768
-14,50,2105.307154,0.64,0.7038872691933916
-8,50,2109.640336,0.58,0.621443986658819
-20,50,2115.024653,0.7,0.7577475434618292
2,50,2119.920078,0.48,0.5490708186840784
-12,50,2124.425991,0.62,0.7193867258422433
-14,50,2128.975183,0.64,0.6773558368495077
-8,50,2133.408736,0.58,0.6179979547778661
-16,50,2138.003407,0.66,0.7112793871621027
-10,50,2142.453919,0.6,0.6829602558245774
-14,50,2147.009899,0.64,0.7267773520647084
-20,50,2151.721825,0.7,0.7463191586648377
-12,50,2156.276967,0.62,0.6653061224489796
-18,50,2162.455574,0.68,0.7431214998782566
-22,50,2168.300325,0.72,0.7879266473633413
-8,50,2173.119872,0.58,0.6624253694822355
-12,50,2177.667947,0.62,0.7219647068390664
-18,50,2182.356453,0.68,0.8178891923527116
-14,50,2186.975371,0.64,0.7595796720717456
-16,50,2191.64535,0.66,0.6998027613412229
-10,50,2196.142002,0.6,0.6560784666606677
-8,50,2200.59132,0.58,0.6070115917444162
-14,50,2206.716347,0.64,0.7236538119779634
-4,50,2211.127163,0.54,0.5845897542690546
-10,50,2215.669385,0.6,0.652065341795859
-16,50,2220.395027,0.66,0.7361941610974323
-20,50,2225.181871,0.7,0.7356255969436485
-16,50,2229.838208,0.66,0.7445392331489641
-6,50,2234.287822,0.56,0.689688621592783
-12,50,2238.940198,0.62,0.6859002943012574
-10,50,2243.462063,0.6,0.7081973328359601
-8,50,2249.428059,0.58,0.6374652363925308
-8,50,2253.911885,0.58,0.6643009833262078
-14,50,2258.552068,0.64,0.7118495077355836
-12,50,2263.18294,0.62,0.7088479262672811
-4,50,2267.638446,0.54,0.5823153542567187
-8,50,2272.129278,0.58,0.5905298289528578
-14,50,2277.034514,0.64,0.6897631630456058
-6,50,2281.547975,0.56,0.6484821821381435
-16,50,2286.30913,0.66,0.7054005143346985
-6,50,2292.341633,0.56,0.59339696143358
-8,50,2296.888152,0.58,0.6956567573265865
6,50,2301.05257,0.44,0.47623392026274974
-14,50,2305.757283,0.64,0.7272554965883244
-6,50,2310.259842,0.56,0.6158063042485153
-18,50,2315.062837,0.68,0.7461680517082179
-18,50,2319.907018,0.68,0.7315845513503049
-26,50,2324.983183,0.76,0.8689453643850172
-20,50,2329.855388,0.7,0.775
-18,50,2336.188792,0.68,0.6900563533902927
-14,50,2342.468099,0.64,0.6990887290167865
-2,50,2346.86985,0.52,0.5916251651590608
-22,50,2351.892274,0.72,0.7647455017800443
-20,50,2356.850395,0.7,0.759692935574774
-6,50,2361.391229,0.56,0.616857855361596
-8,50,2366.009771,0.58,0.6446066660263183
-24,50,2371.060994,0.74,0.7907060844408281
-18,50,2376.961815,0.68,0.7070208728652752
-12,50,2382.239111,0.62,0.7106641721234799
-8,50,2386.911738,0.58,0.6088888888888889
-10,50,2391.56829,0.6,0.737426112205745
-10,50,2396.273905,0.6,0.670318313352625
-6,50,2400.912296,0.56,0.5691033695031411
-4,50,2405.531084,0.54,0.6228599221789883
-16,50,2410.582811,0.66,0.7014318885448917
-18,50,2415.754666,0.68,0.7827357922792537
-10,50,2422.219026,0.6,0.6559410934032681
-10,50,2426.997679,0.6,0.7280207494857347
-18,50,2431.974738,0.68,0.8056242557479161
-20,50,2436.984311,0.7,0.711406362979031
-16,50,2441.931903,0.66,0.722864768683274
-16,50,2446.864811,0.66,0.6846146642944095
-12,50,2451.680469,0.62,0.6597576530612245
-16,50,2456.588001,0.66,0.6881289601192695
-16,50,2462.415996,0.66,0.6832286312583286
-14,50,2468.109477,0.64,0.6968206249430627
-10,50,2472.891978,0.6,0.6413074105381797
-12,50,2477.746963,0.62,0.7171314741035857
-6,50,2482.399544,0.56,0.6187131216633885
-2,50,2486.932624,0.52,0.5970500407202968
-6,50,2491.585967,0.56,0.663012663012663
-8,50,2496.302451,0.58,0.5969803551514111
-12,50,2501.18036,0.62,0.6569817451973622
-14,50,2507.064919,0.64,0.7588091752074183
-16,50,2514.343915,0.66,0.7364703724087324
6,50,2518.851527,0.44,0.4669260700389105
0,50,2523.754045,0.5,0.6029203001419591
-16,50,2528.84889,0.66,0.712436974789916
-14,50,2533.907154,0.64,0.7820301217247783
0,50,2538.470769,0.5,0.5640215573313511
-2,50,2543.0925,0.52,0.5571807205261607
-2,50,2547.75972,0.52,0.584603206016228
-6,50,2554.04891,0.56,0.6264077036069855
-18,50,2559.128687,0.68,0.7911138812216187
-24,50,2564.408467,0.74,0.7915784122680675
-2,50,2569.117539,0.52,0.5532567049808429
-16,50,2574.21597,0.66,0.7034535248786985
-16,50,2579.255175,0.66,0.67754897036665
-4,50,2583.971247,0.54,0.5651430200513161
-8,50,2588.77346,0.58,0.6149610301592681
-8,50,2594.529881,0.58,0.7159711388455539
-4,50,2599.83208,0.54,0.675081103000811
-14,50,2604.819607,0.64,0.7166418034145533
-10,50,2609.714221,0.6,0.6510871585207211
-10,50,2614.602106,0.6,0.6909634613587515
-4,50,2619.323886,0.54,0.6086878958166086
-4,50,2624.050556,0.54,0.6511736650144955
-20,50,2629.277979,0.7,0.7790576904919271
-20,50,2634.459359,0.7,0.7602787456445993
-18,50,2641.106772,0.68,0.7435727788279773
-8,50,2645.98132,0.58,0.6884247986514328
-8,50,2650.838689,0.58,0.7155103668261563
-14,50,2655.885599,0.64,0.6619473876507125
-14,50,2661.004035,0.64,0.716246382802811
-8,50,2665.924923,0.58,0.6546473610462401
-22,50,2671.28777,0.72,0.7953671406850907
-16,50,2676.446323,0.66,0.7187825922063146
-26,50,2683.904859,0.76,0.7978190918841616
2,50,2689.761239,0.48,0.5637664993493214
-8,50,2694.719235,0.58,0.6237948322406479
-18,50,2700.032292,0.68,0.6975061869407957
-6,50,2704.922806,0.56,0.5585035152326749
-12,50,2710.010818,0.62,0.6858946640145291
-14,50,2715.113889,0.64,0.6357061286638751
-18,50,2720.393911,0.68,0.6969809568044589
-2,50,2725.396506,0.52,0.647723831634198
-8,50,2731.877944,0.58,0.688
-4,50,2736.722334,0.54,0.5832497492477432
-6,50,2741.743333,0.56,0.6111932210069958
-18,50,2747.377776,0.68,0.7368033842192385
-8,50,2753.05308,0.58,0.6550843127235565
-16,50,2758.753814,0.66,0.7556322305662675
-12,50,2764.310485,0.62,0.6876899696048632
-10,50,2770.220314,0.6,0.6138631827254581
-4,50,2776.791825,0.54,0.5815981992121553
-12,50,2782.29799,0.62,0.7089206147131035
2,50,2787.148228,0.48,0.5555555555555556
-8,50,2792.207068,0.58,0.6397721879449454
-12,50,2797.303048,0.62,0.699000407996736
-16,50,2802.532267,0.66,0.6783097631623786
-4,50,2807.419461,0.54,0.6707097507817682
-10,50,2812.508159,0.6,0.6287425149700598
10,50,2818.464011,0.4,0.448851581957384
-12,50,2823.683146,0.62,0.7023776988248155
-12,50,2828.843334,0.62,0.678513731825525
-24,50,2834.394163,0.74,0.7827904715605251
-16,50,2839.68567,0.66,0.7391666666666666
-16,50,2845.032219,0.66,0.7351446645234886
-14,50,2850.368371,0.64,0.7409832762442071
-6,50,2856.990352,0.56,0.616669566730468
-12,50,2863.765238,0.62,0.6372673052593529
-2,50,2868.636572,0.52,0.6261717640374964
-6,50,2873.610155,0.56,0.6025744891529391
-12,50,2878.884415,0.62,0.707239607659972
-18,50,2884.291396,0.68,0.7744139780295822
-14,50,2889.544843,0.64,0.6789533995416348
-12,50,2894.746781,0.62,0.6230165358276265
-12,50,2899.930138,0.62,0.6907345175228037
-8,50,2906.274473,0.58,0.6750428326670475
-14,50,2911.848726,0.64,0.7068787618228719
-10,50,2917.006545,0.6,0.6595853334695129
-16,50,2922.424461,0.66,0.6947495717021063
-18,50,2927.81417,0.68,0.7435454360642407
-22,50,2933.307252,0.72,0.7417485512723608
-8,50,2938.410691,0.58,0.6270312096982202
-16,50,2943.7655,0.66,0.7044545708174463
-20,50,2950.563308,0.7,0.7540312036956333
-14,50,2956.026721,0.64,0.7604519774011299
-10,50,2961.185543,0.6,0.6453846883597382
-4,50,2966.152174,0.54,0.6535985283973327
-6,50,2971.183836,0.56,0.6774223718668163
-20,50,2976.627672,0.7,0.8123236552289069
-20,50,2982.14752,0.7,0.7150789519347562
-14,50,2987.535825,0.64,0.6908361874530115
2,50,2993.504825,0.48,0.5306827150749802
-14,50,2999.194777,0.64,0.73582435290563
-10,50,3004.446967,0.6,0.732614122681883
-20,50,3009.962408,0.7,0.8001190358099395
-10,50,3015.271047,0.6,0.6981018119068162
-22,50,3020.908199,0.72,0.7427959822163676
-16,50,3026.299083,0.66,0.7030034465780404
-16,50,3033.210408,0.66,0.7352473673753229
-22,50,3040.297869,0.72,0.7866970206869247
-20,50,3045.858301,0.7,0.7429011289770784
-10,50,3051.125364,0.6,0.6431165686613628
-18,50,3056.650567,0.68,0.7496841725320339
-12,50,3061.960691,0.62,0.694972380863215
-12,50,3067.282053,0.62,0.6525211701308699
-12,50,3072.591313,0.62,0.6343875361507604
-2,50,3077.611177,0.52,0.6086077995554657
-10,50,3083.476663,0.6,0.6326953351561853
-6,50,3089.576766,0.56,0.656962850315012
-18,50,3095.09793,0.68,0.7656637871115083
-12,50,3100.425889,0.62,0.6882397861779305
-20,50,3106.013088,0.7,0.801893730465159
-10,50,3111.256456,0.6,0.646503884572697
-16,50,3116.719745,0.66,0.6490529383195726
-8,50,3122.001917,0.58,0.598675883555642
-2,50,3127.041723,0.52,0.585820203892493
-8,50,3133.742401,0.58,0.6892543859649123
-4,50,3138.851403,0.54,0.5988194585792794
-18,50,3144.400083,0.68,0.7732679560519387
-4,50,3149.552176,0.54,0.6338041085840058
-10,50,3154.867071,0.6,0.6623234624145786
-6,50,3160.037456,0.56,0.6313805399898115
-8,50,3165.311772,0.58,0.6208513376850234
-14,50,3170.776378,0.64,0.686594039794724
-4,50,3177.459298,0.54,0.5698139454007999
-16,50,3182.971697,0.66,0.7065238558909445
-8,50,3188.236928,0.58,0.6289460413514877
-12,50,3193.619407,0.62,0.7346049573973664
-2,50,3198.702978,0.52,0.5585461689587427
-14,50,3204.254083,0.64,0.704077743902439
-16,50,3211.280854,0.66,0.7457395329265727
-18,50,3216.902233,0.68,0.6491555699902566
-28,50,3224.34561,0.78,0.8240581759418241
-4,50,3229.513313,0.54,0.6159413202933985
-16,50,3235.148925,0.66,0.6972449288525583
-2,50,3240.301516,0.52,0.5743024577976035
-18,50,3245.959683,0.68,0.7602792862684251
-26,50,3251.856439,0.76,0.8528537920250195
-12,50,3257.358933,0.62,0.6648034619545619
-16,50,3262.957827,0.66,0.7401872694599452
-22,50,3270.242778,0.72,0.7996823320564328
-14,50,3275.803004,0.64,0.696067415730337
-14,50,3281.348657,0.64,0.6461012680996493
-12,50,3286.831678,0.62,0.6813999342753861
-8,50,3292.233997,0.58,0.6621137905048983
-12,50,3297.787076,0.62,0.697271626780892
-20,50,3303.54507,0.7,0.744524843222383
-8,50,3308.896013,0.58,0.6560462670872765
-24,50,3316.289255,0.74,0.7714801444043321
-8,50,3321.689388,0.58,0.6750358680057389
-14,50,3327.268911,0.64,0.6852620403435962
-4,50,3332.572371,0.54,0.5836474036850922
-18,50,3338.273101,0.68,0.6877081945369754
-18,50,3344.016955,0.68,0.69253587749539
-10,50,3349.495036,0.6,0.6799843321582452
-10,50,3355.262248,0.6,0.6551865518655187
-12,50,3362.16661,0.62,0.6170877600214266
-16,50,3367.84841,0.66,0.724056817153714
-16,50,3373.517906,0.66,0.704983769333588
-2,50,3378.744974,0.52,0.5667876934836614
-16,50,3385.122934,0.66,0.69546095759688
-16,50,3391.617513,0.66,0.7758556547619048
-6,50,3397.001649,0.56,0.7115905398086297
-12,50,3404.031851,0.62,0.6692697159529735
-16,50,3409.761315,0.66,0.7083408557501354
-10,50,3415.375334,0.6,0.61280063605645
-12,50,3420.965245,0.62,0.6437985511041285
-22,50,3426.92868,0.72,0.7383192223267482
-26,50,3433.011923,0.76,0.7821219987021415
-14,50,3438.739922,0.64,0.6920444824636441
-8,50,3444.248916,0.58,0.6451970567483116
-18,50,3451.579618,0.68,0.7555474718079301
-16,50,3457.341264,0.66,0.6740747716357472
-24,50,3463.381047,0.74,0.7892959476054032
-4,50,3468.821097,0.54,0.6034327911386089
-14,50,3474.743072,0.64,0.633001149865849
-14,50,3480.757756,0.64,0.7231270358306189
-16,50,3486.791925,0.66,0.7535399138107942
-4,50,3493.593622,0.54,0.5925214847321265
-6,50,3499.647993,0.56,0.6586021505376344
-14,50,3505.565825,0.64,0.7894394951744618
-10,50,3511.271662,0.6,0.6810009937663746
0,50,3516.68407,0.5,0.5953988783335241
-8,50,3522.38092,0.58,0.6374782536658106
-12,50,3528.458525,0.62,0.6831673955522471
-16,50,3534.735557,0.66,0.6876208897485493
-20,50,3542.679489,0.7,0.7660554862244409
-14,50,3548.64194,0.64,0.7197138161075123
-8,50,3554.379314,0.58,0.6140880748246298
-16,50,3560.336581,0.66,0.6876861456300709
-18,50,3567.976517,0.68,0.7214994086070421
-18,50,3574.010612,0.68,0.7007421344204035
-18,50,3580.309068,0.68,0.7121946583024428
-12,50,3589.114398,0.62,0.682594476744186
-26,50,3596.469805,0.76,0.8542575384031861
-2,50,3602.935159,0.52,0.5294445062896582
-24,50,3609.619181,0.74,0.7657807308970099
-12,50,3615.901287,0.62,0.6805066854327938
-4,50,3621.613845,0.54,0.5364450730787365
-12,50,3627.560805,0.62,0.6763619575253924
-22,50,3635.563658,0.72,0.7698551794114934
-10,50,3641.374185,0.6,0.6246679652913051
-2,50,3646.949106,0.52,0.6334001092697141
-18,50,3653.006625,0.68,0.7438700147710487
-12,50,3658.866996,0.62,0.6775306087256423
-22,50,3665.03398,0.72,0.7409326424870466
-20,50,3671.196566,0.7,0.7782173421605038
-24,50,3678.994123,0.74,0.8092700258397932
-4,50,3684.591594,0.54,0.6037385006850655
-18,50,3690.686086,0.68,0.7704048394602141
-18,50,3696.797148,0.68,0.7332346096890205
-26,50,3703.187043,0.76,0.7976537149513271
-14,50,3709.14038,0.64,0.7091670942363605
-14,50,3715.070362,0.64,0.7001288185498712
-12,50,3722.113148,0.62,0.6865604464848322
-8,50,3728.292772,0.58,0.681199136356087
-10,50,3734.23503,0.6,0.7040916209866875
-4,50,3739.893255,0.54,0.6309446955024747
-16,50,3747.52521,0.66,0.6811334965166636
-12,50,3753.444917,0.62,0.6626372690899804
-16,50,3759.495813,0.66,0.6810071551489901
-2,50,3765.107018,0.52,0.5792942607990266
-12,50,3772.458054,0.62,0.6939053728949479
-26,50,3778.897931,0.76,0.776536312849162
-8,50,3784.732882,0.58,0.6089907448215073
-4,50,3790.402589,0.54,0.6310960406901366
-4,50,3796.183213,0.54,0.6981773538577769
-4,50,3801.933431,0.54,0.6614263404476834
-16,50,3808.121699,0.66,0.7368806667277223
-12,50,3814.93068,0.62,0.6753693208213324
-4,50,3821.195943,0.54,0.5932979307819081
-8,50,3827.055804,0.58,0.6541380556559451
-10,50,3832.901102,0.6,0.6505779010633379
-16,50,3839.031655,0.66,0.7733870113359466
-4,50,3844.693178,0.54,0.6250657133845021
-4,50,3850.417558,0.54,0.5993809603480007
-22,50,3856.811069,0.72,0.8106039126736604
-4,50,3863.984998,0.54,0.7095893288520113
-10,50,3869.873841,0.6,0.6687121942666784
-16,50,3875.951168,0.66,0.749879192036339
-8,50,3881.736028,0.58,0.6362766669855544
-4,50,3887.43473,0.54,0.5886475814412636
-20,50,3893.692428,0.7,0.8240451476368034
-10,50,3899.632606,0.6,0.6270363250025296
-14,50,3905.716968,0.64,0.7989296636085627
-16,50,3913.331487,0.66,0.734464335926516
-20,50,3919.647923,0.7,0.7048414843942
-8,50,3925.559906,0.58,0.5963414634146341
-14,50,3933.149869,0.64,0.6573693482090429
-18,50,3939.340876,0.68,0.7390391178787084
-14,50,3945.39245,0.64,0.6635398900890658
-16,50,3951.538291,0.66,0.6784874253663832
-6,50,3958.812283,0.56,0.583842226449094
-22,50,3965.187468,0.72,0.8032942968675616
-20,50,3971.518665,0.7,0.7397248568743058
-2,50,3977.137042,0.52,0.5564286527730327
-12,50,3983.205922,0.62,0.652986960477105
-8,50,3989.200804,0.58,0.6401256234989839
-14,50,3995.328379,0.64,0.7486118122160526
-14,50,4001.722049,0.64,0.7706770779821227
-6,50,4008.744645,0.56,0.655416168857029
-6,50,4014.586782,0.56,0.6137309292649098
6,50,4019.96552,0.44,0.48446877961461515
-8,50,4025.899405,0.58,0.6495623302143073
-10,50,4031.897948,0.6,0.7066643344411404
-2,50,4037.583292,0.52,0.5901433691756273
-6,50,4043.423403,0.56,0.5829020700636943
-16,50,4050.945689,0.66,0.6964786819951118
-12,50,4057.333869,0.62,0.6489221293444787
-10,50,4063.408378,0.6,0.6704464918497519
-8,50,4069.337235,0.58,0.6469658035184819
-10,50,4075.363453,0.6,0.6689688715953307
-20,50,4081.772103,0.7,0.7209994587768357
4,50,4087.309183,0.46,0.5633505396527452
-6,50,4093.257007,0.56,0.6674229143033928
-14,50,4100.981002,0.64,0.7325035706998572
-12,50,4107.313411,0.62,0.726006774557772
-8,50,4114.689383,0.58,0.6680203045685279
-6,50,4120.652296,0.56,0.6561593502223941
-8,50,4126.702493,0.58,0.7196735993631207
-20,50,4133.156883,0.7,0.7697809961144472
-16,50,4139.511837,0.66,0.8041015960185344
-4,50,4146.857453,0.54,0.5947373297507644
-20,50,4153.337666,0.7,0.7755634196312162
-4,50,4159.235016,0.54,0.6631266743207042
-20,50,4165.697139,0.7,0.7434645216891698
-20,50,4172.179422,0.7,0.7984441301272984
-6,50,4178.144015,0.56,0.6796882517078803
-14,50,4184.45458,0.64,0.684537528810502
-10,50,4191.842296,0.6,0.6687657430730478
-16,50,4198.416248,0.66,0.7877176901924839
-20,50,4204.900536,0.7,0.7110374666298445
10,50,4210.292296,0.4,0.5675902602854744
-14,50,4216.5605,0.64,0.7158615443134272
-2,50,4222.410391,0.52,0.5983005021243724
-4,50,4228.32984,0.54,0.6104051565377532
-6,50,4234.313809,0.56,0.6066309956048156
-12,50,4242.021752,0.62,0.6128975729431351
-8,50,4248.147412,0.58,0.6225220550077841
-6,50,4254.169931,0.56,0.6311581119422234
-8,50,4260.254778,0.58,0.6308271402374288
-2,50,4266.108007,0.52,0.5561347233360064
-20,50,4272.71179,0.7,0.7214555610317069
-18,50,4279.164507,0.68,0.6638105323962645
-12,50,4286.950152,0.62,0.6521900175942217
-14,50,4294.79151,0.64,0.7048120135920202
-8,50,4300.882674,0.58,0.6434426229508197
-2,50,4306.747654,0.52,0.6430868167202572
-8,50,4312.973916,0.58,0.6047733742062623
-10,50,4319.16924,0.6,0.735357282311597
-12,50,4325.437489,0.62,0.7771581990912846
-18,50,4333.492578,0.68,0.7634730538922155
-14,50,4339.849509,0.64,0.6648209341787978
-18,50,4346.446285,0.68,0.7056741175280672
-20,50,4353.069213,0.7,0.7164743334659769
-18,50,4359.5935,0.68,0.7232560358812864
-2,50,4365.536386,0.52,0.5745525085971255
-22,50,4372.223003,0.72,0.7708032211439191
-6,50,4379.897562,0.56,0.6301023214875123
-6,50,4386.101075,0.56,0.5651162790697675
-12,50,4392.490835,0.62,0.6771467871880527
-12,50,4398.90224,0.62,0.6798063623789765
-8,50,4405.172091,0.58,0.6309866762693555
-4,50,4411.252229,0.54,0.6629526462395543
-26,50,4418.124966,0.76,0.8230119027082974
-8,50,4425.84953,0.58,0.6771552120710277
-6,50,4432.04874,0.56,0.6017226017226017
-6,50,4438.429184,0.56,0.6275707770415627
-12,50,4444.967561,0.62,0.6188217027516605
-6,50,4451.235507,0.56,0.6149250900815475
-16,50,4457.89292,0.66,0.7077832148462746
-6,50,4464.114499,0.56,0.6719641401792991
-14,50,4471.889305,0.64,0.7116847826086956
-6,50,4479.935212,0.56,0.5874452845204934
-20,50,4486.712026,0.7,0.7415106173281965
-14,50,4493.24216,0.64,0.673960396039604
-12,50,4499.750148,0.62,0.6896586244869356
-12,50,4506.266686,0.62,0.6383767172812725
-8,50,4512.604473,0.58,0.6482341069626639
-12,50,4520.58782,0.62,0.6696030977734753
-14,50,4527.15152,0.64,0.7369513334025112
-16,50,4533.780981,0.66,0.6978602259160621
-10,50,4540.140942,0.6,0.7383580363712814
-8,50,4546.441047,0.58,0.6639940331903785
-12,50,4552.887719,0.62,0.7343855259359061
-12,50,4559.393564,0.62,0.7137956128495686
-6,50,4567.129799,0.56,0.5810822548423521
-8,50,4573.439058,0.58,0.7463593403414023
-18,50,4580.120224,0.68,0.7145562770562771
-8,50,4586.614108,0.58,0.6418838591678098
-18,50,4593.322057,0.68,0.8055424193700936
-14,50,4599.846207,0.64,0.7225666765082177
-10,50,4606.276959,0.6,0.5992471538744032
-18,50,4614.515311,0.68,0.682987625745571
-12,50,4621.018897,0.62,0.7113356376850128
0,50,4627.405428,0.5,0.5345739271913769
-14,50,4634.010628,0.64,0.7127742185983305
-8,50,4640.380278,0.58,0.7106598984771574
-2,50,4646.512577,0.52,0.624433889318458
-2,50,4652.702003,0.52,0.5806972546784459
-6,50,4661.545696,0.56,0.6320337197049526
-16,50,4668.795958,0.66,0.7219152854511971
-24,50,4675.790726,0.74,0.815072888970386
-6,50,4682.110095,0.56,0.6253446238676644
-24,50,4689.101624,0.74,0.7676655567887533
-6,50,4695.446761,0.56,0.6193423990257764
-10,50,4701.976279,0.6,0.6538195473861054
-6,50,4709.928929,0.56,0.6409593437945792
-12,50,4716.53584,0.62,0.6695127610208816
-16,50,4723.340724,0.66,0.7107719230021389
-8,50,4729.873277,0.58,0.6986314954383182
-18,50,4736.75447,0.68,0.7693562862038019
-2,50,4742.988601,0.52,0.5785123966942148
-18,50,4749.793402,0.68,0.7773858712083039
-2,50,4757.486111,0.52,0.5977201691487406
-18,50,4764.30508,0.68,0.7467781603541565
-12,50,4770.89593,0.62,0.6880275624461671
-20,50,4777.831764,0.7,0.808704271039827
-14,50,4784.517466,0.64,0.6741961741961742
-10,50,4791.012039,0.6,0.706979706979707
-8,50,4797.549183,0.58,0.6459242027721237
-10,50,4805.620805,0.6,0.6964353431930224
-10,50,4812.223029,0.6,0.6209947599003522
-8,50,4818.731053,0.58,0.6992786293958522
-18,50,4825.629103,0.68,0.6850749821471078
-16,50,4832.472122,0.66,0.7274008644991543
-12,50,4839.109725,0.62,0.6745918075050129
-12,50,4848.301497,0.62,0.6747628083491461
-8,50,4855.302017,0.58,0.7161107860347181
2,50,4861.399348,0.48,0.5912091887492087
-10,50,4868.041788,0.6,0.6442175535048105
6,50,4874.014416,0.44,0.5608359288656687
-14,50,4880.816221,0.64,0.7203944249549635
-6,50,4887.339141,0.56,0.6559826959001082
-16,50,4894.561557,0.66,0.7484679928349204
-6,50,4902.169056,0.56,0.6220447284345048
-4,50,4908.554737,0.54,0.6118730808597749
-10,50,4915.142199,0.6,0.6648313231952456
-8,50,4921.722294,0.58,0.6701274671052632
-8,50,4928.268099,0.58,0.7118581455485777
-8,50,4934.905479,0.58,0.6552768575485093
-24,50,4942.408804,0.74,0.7935633001422475
-6,50,4950.241136,0.56,0.5900821291194511
-6,50,4956.74984,0.56,0.650103305785124
-8,50,4963.323097,0.58,0.7199880251471908
-8,50,4969.881898,0.58,0.6212983505353525
-10,50,4976.580404,0.6,0.6617181530400611
-12,50,4983.365698,0.62,0.7428538363615322
-4,50,4989.820048,0.54,0.6058063271604939
-10,50,4998.026087,0.6,0.6268769579777466
-20,50,5005.235364,0.7,0.7383481672887358
-2,50,5011.701573,0.52,0.6134579439252337
-16,50,5018.674954,0.66,0.7060277115876799
-16,50,5025.687991,0.66,0.7617292827611001
-16,50,5034.197186,0.66,0.7766675668376991
-26,50,5043.176388,0.76,0.8215664644236073
-20,50,5050.444398,0.7,0.7368004745896777
-14,50,5057.43444,0.64,0.7098943323727186
-10,50,5064.206017,0.6,0.6089350180505415
-22,50,5071.477321,0.72,0.7544556202576319
-10,50,5078.268466,0.6,0.6196132596685083
-24,50,5085.802644,0.74,0.8030487804878049
-10,50,5093.999276,0.6,0.6678441856024442
-18,50,5101.165921,0.68,0.7335113484646195
-12,50,5108.060069,0.62,0.7153846153846154
-8,50,5114.765342,0.58,0.731106243154436
-36,50,5122.621635,0.86,0.886305642188829
-20,50,5129.853251,0.7,0.8149796069707081
-18,50,5138.489679,0.68,0.7450363848710808
-16,50,5145.532718,0.66,0.677584810582201
-20,50,5152.752965,0.7,0.7473560517038778
-24,50,5160.328648,0.74,0.8221662468513854
-10,50,5167.142794,0.6,0.7299789515886539
-30,50,5174.75723,0.8,0.8685724559510968
-18,50,5181.970479,0.68,0.8067379270853217
-6,50,5190.230519,0.56,0.6298783808313668
-8,50,5197.054961,0.58,0.631316098707403
-22,50,5204.449131,0.72,0.8108218063466233
-12,50,5211.372238,0.62,0.6913064594463332
-20,50,5220.205139,0.7,0.7395366945688144
-6,50,5226.863066,0.56,0.6406967840735069
-8,50,5235.181154,0.58,0.7422865701447828
-6,50,5241.883038,0.56,0.6337452298746139
-22,50,5249.246276,0.72,0.780180354891884
-8,50,5256.064765,0.58,0.7041715316845345
-18,50,5263.297735,0.68,0.7503795659551665
-4,50,5269.911623,0.54,0.6157010627356874
-12,50,5276.916672,0.62,0.669957962655196
-18,50,5285.691171,0.68,0.7319838056680162
-22,50,5293.03557,0.72,0.7515610690200649
-2,50,5299.587836,0.52,0.6127484578478409
-16,50,5306.800999,0.66,0.6370434594125934
-22,50,5314.306578,0.72,0.7321897426921057
-16,50,5321.44737,0.66,0.7179643146796432
-22,50,5329.243157,0.72,0.8507424255428718
0,50,5336.916872,0.5,0.5347440944881889
0,50,5343.460679,0.5,0.5467923863235813
-8,50,5350.285273,0.58,0.6402266288951841
-20,50,5357.627305,0.7,0.8002217294900221
-10,50,5364.515757,0.6,0.6675932138406978
-18,50,5371.802905,0.68,0.7739688359303392
-6,50,5379.214085,0.56,0.6776227785209249
-8,50,5387.025698,0.58,0.7136064374542794
-18,50,5394.324123,0.68,0.7587201190586922
-2,50,5401.041416,0.52,0.6610169491525424
-12,50,5409.549035,0.62,0.6769513008672449
-4,50,5416.240371,0.54,0.5955373406193079
-8,50,5423.126071,0.58,0.68993822459169
2,50,5431.078403,0.48,0.512086785683779
-12,50,5438.158181,0.62,0.7337656868525225
-12,50,5445.229489,0.62,0.7072651550208237
-10,50,5452.203916,0.6,0.7455638236977676
-6,50,5459.125355,0.56,0.5885793871866295
-10,50,5466.097049,0.6,0.6022763535794065
-10,50,5473.114884,0.6,0.6788079470198676
-10,50,5481.617946,0.6,0.6357766143106457
-4,50,5488.370846,0.54,0.6274080560420315
4,50,5494.853346,0.46,0.5484429065743944
-18,50,5502.221114,0.68,0.7466817923993193
-10,50,5509.243258,0.6,0.6116763335551963
-16,50,5516.586734,0.66,0.7269615587151133
-8,50,5523.594313,0.58,0.6203737632832539
-10,50,5532.242239,0.6,0.6430913860953213
-16,50,5539.557042,0.66,0.7516607051609606
-2,50,5546.358361,0.52,0.6609743847312908
-12,50,5553.563389,0.62,0.7187750200160128
-18,50,5561.030581,0.68,0.6699132111861138
-6,50,5567.935405,0.56,0.6458910433979687
-6,50,5576.40018,0.56,0.6564379740214454
-16,50,5583.876116,0.66,0.70016134815346
-14,50,5591.146001,0.64,0.6967140319715808
-8,50,5599.602867,0.58,0.6770223925761549
-4,50,5606.752802,0.54,0.6082968014288034
-2,50,5613.560199,0.52,0.6512248123271435
-14,50,5621.742671,0.64,0.7326358930112166
-12,50,5629.676357,0.62,0.6804103755323267
-22,50,5637.335274,0.72,0.8144546147978642
-16,50,5644.809133,0.66,0.6928429423459245
-10,50,5651.930562,0.6,0.72615050365396
-10,50,5659.045962,0.6,0.6817733990147783
-10,50,5666.219621,0.6,0.6270878721859114
-14,50,5675.138443,0.64,0.6861320754716981
-16,50,5682.650164,0.66,0.769882845985332
-10,50,5689.846202,0.6,0.6892187648682082
-6,50,5696.87502,0.56,0.622356495468278
-16,50,5704.383491,0.66,0.6912074814339415
-8,50,5711.463682,0.58,0.6350910430481002
-22,50,5719.754439,0.72,0.8450566627588902
-30,50,5728.985893,0.8,0.8475259949802797
-10,50,5736.166194,0.6,0.716615597509143
-10,50,5743.360435,0.6,0.6471958430388819
-10,50,5750.531888,0.6,0.6784781797836628
-16,50,5758.05384,0.66,0.7573496358895981
-14,50,5765.548413,0.64,0.675717082304877
-6,50,5774.057569,0.56,0.6764587118917827
-16,50,5781.519877,0.66,0.7190203041063462
-10,50,5789.66734,0.6,0.6314971507511656
-14,50,5797.742836,0.64,0.6891393886841535
-8,50,5804.894135,0.58,0.7517084282460137
-14,50,5812.255404,0.64,0.7351737350866498
-18,50,5821.455756,0.68,0.7493668511396679
-14,50,5828.907103,0.64,0.7088674741402174
-10,50,5836.182292,0.6,0.6357796167247387
-8,50,5843.430051,0.58,0.6177316711707785
-4,50,5850.413254,0.54,0.6007969570729941
-16,50,5857.949545,0.66,0.6979175976405398
-12,50,5865.406501,0.62,0.7508029978586723
-14,50,5874.476363,0.64,0.6964080840172977
-10,50,5882.931284,0.6,0.6639603452696351
-8,50,5890.159012,0.58,0.664796633941094
-4,50,5897.213686,0.54,0.6254885139643503
-20,50,5905.02835,0.7,0.7994684263587205
-10,50,5912.3146,0.6,0.7017879948914432
-22,50,5921.793533,0.72,0.7192193542584765
-4,50,5928.933263,0.54,0.6085812772133526
-18,50,5936.67988,0.68,0.7311712677566337
-12,50,5944.197586,0.62,0.6961306664337497
-10,50,5951.530103,0.6,0.6834076105587933
-10,50,5958.809007,0.6,0.6778138026864289
-16,50,5967.86656,0.66,0.695583038869258
-18,50,5975.658749,0.68,0.7107554304810483
-12,50,5984.533913,0.62,0.6993222427603204
-10,50,5991.879554,0.6,0.6460921843687375
-12,50,5999.523149,0.62,0.7014611784929806
-12,50,6006.991075,0.62,0.6554734721289456
-22,50,6015.693716,0.72,0.7799535050071531
-8,50,6023.559395,0.58,0.6263247863247863
-20,50,6031.410379,0.7,0.7573023255813953
-14,50,6038.964127,0.64,0.6980098594120869
-12,50,6046.350651,0.62,0.6406058483628086
-8,50,6053.589885,0.58,0.6272631701903983
-14,50,6061.1419,0.64,0.6863866491655728
-14,50,6070.22037,0.64,0.6986447241045498
-8,50,6077.502901,0.58,0.6808986752595775
-6,50,6084.726881,0.56,0.698679834727401
-22,50,6092.640819,0.72,0.7274582199766809
-22,50,6100.577,0.72,0.7937
-4,50,6107.667882,0.54,0.6132668329177058
-2,50,6116.193421,0.52,0.5981959015589764
-36,50,6124.857905,0.86,0.8511443162473993
-16,50,6132.531615,0.66,0.7036492964280192
-8,50,6139.808311,0.58,0.6500133582687684
-14,50,6147.380905,0.64,0.6733253826277082
-2,50,6154.435905,0.52,0.6169808201058201
-4,50,6162.13401,0.54,0.6239188786161646
-14,50,6170.656301,0.64,0.7052525928404149
-16,50,6179.853257,0.66,0.7189952904238619
-8,50,6187.217199,0.58,0.6306372775062252
-2,50,6194.249779,0.52,0.5520226108461402
-12,50,6201.741036,0.62,0.6926259654284663
-4,50,6208.9615,0.54,0.599667467208572
-10,50,6217.879934,0.6,0.6843883943290472
-10,50,6225.343666,0.6,0.6731297185998627
-16,50,6233.076522,0.66,0.7547585338996382
-20,50,6241.078165,0.7,0.7571837904216128
-6,50,6248.374639,0.56,0.7188809723386421
-4,50,6255.575484,0.54,0.6384160218479745
-22,50,6265.087733,0.72,0.7325311559948432
-16,50,6272.816891,0.66,0.7461219770690818
-30,50,6281.222554,0.8,0.849404424276801
-12,50,6288.810144,0.62,0.7623046875
-14,50,6296.491367,0.64,0.652639350313769
-12,50,6304.069051,0.62,0.6457148873447042
-8,50,6312.398231,0.58,0.6581159166520749
-8,50,6320.449479,0.58,0.6197750545576632
-4,50,6327.647536,0.54,0.61158755484643
-8,50,6335.109824,0.58,0.6415730337078651
-6,50,6342.358315,0.56,0.6837801863472143
-8,50,6349.761368,0.58,0.6291095508748468
-18,50,6357.657915,0.68,0.7272010512483574
-12,50,6366.803138,0.62,0.6504351227143835
-14,50,6375.985853,0.64,0.7063572149344097
0,50,6383.012526,0.5,0.5105383596290497
-12,50,6390.6396,0.62,0.6304288939051919
-10,50,6398.281512,0.6,0.7541144200626959
-22,50,6406.408632,0.72,0.7663192539769611
-14,50,6415.68096,0.64,0.7045303447620856
-18,50,6423.642991,0.68,0.7552467120604421
-10,50,6431.212151,0.6,0.6891931255461695
-2,50,6438.383365,0.52,0.5638905296318173
-2,50,6445.599576,0.52,0.584847582166617
-6,50,6452.964394,0.56,0.6094481775605783
2,50,6461.420217,0.48,0.4720348390402186
6,50,6468.233063,0.44,0.5275307073274036
-4,50,6475.525076,0.54,0.5825604838709677
-16,50,6483.442992,0.66,0.7548027842227378
-10,50,6491.183969,0.6,0.609667673716012
-4,50,6498.62232,0.54,0.6321712874004941
-12,50,6507.725787,0.62,0.6760907845822736
-6,50,6515.269351,0.56,0.662267657992565
-16,50,6523.156288,0.66,0.7174692374769887
-16,50,6531.028862,0.66,0.7261174408413672
-16,50,6538.954464,0.66,0.7272563987427032
-10,50,6546.596655,0.6,0.6707281972560684
-10,50,6555.260493,0.6,0.6524116039149986
-10,50,6564.282465,0.6,0.6431115276476101
-2,50,6572.131216,0.52,0.6212192262602579
-16,50,6580.015471,0.66,0.6882695428080557
-10,50,6587.593413,0.6,0.7068634969325154
-14,50,6595.44,0.64,0.686507559189883
-20,50,6605.064207,0.7,0.7877996035321679
-26,50,6613.536688,0.76,0.8107237276933246
-18,50,6621.595929,0.68,0.7990690457719162
-10,50,6629.228002,0.6,0.637760995113283
-18,50,6637.22702,0.68,0.736452102490849
-8,50,6644.856694,0.58,0.6883284241531664
-14,50,6653.591295,0.64,0.726214799680199
-8,50,6661.908527,0.58,0.5876817792985458
-10,50,6669.578416,0.6,0.6803992740471869
-12,50,6677.329528,0.62,0.6822626336470803
-32,50,6686.04612,0.82,0.8670719684521854
-20,50,6694.207001,0.7,0.7622353349531412
2,50,6702.04225,0.48,0.5449890270665692
-14,50,6710.674061,0.64,0.7041544271926143
-8,50,6718.279018,0.58,0.6699642758999725
-22,50,6726.654575,0.72,0.7514878095603763
-24,50,6735.001289,0.74,0.8296596720155175
-20,50,6743.177538,0.7,0.6987853424517709
-10,50,6752.399151,0.6,0.6766133195663397
-14,50,6761.862273,0.64,0.6815530441122858
-16,50,6769.854021,0.66,0.7633644859813085
-18,50,6777.974136,0.68,0.7342758745695124
-2,50,6785.325505,0.52,0.6053457709211588
-8,50,6792.950721,0.58,0.6707918301640005
0,50,6800.931845,0.5,0.55406195207481
-16,50,6809.769328,0.66,0.69689246152338
-28,50,6818.378345,0.78,0.8318313063260128
-24,50,6826.816004,0.74,0.832312565997888
-20,50,6835.048244,0.7,0.7963592718543708
-12,50,6842.918335,0.62,0.6927475719342834
-20,50,6852.280762,0.7,0.7419030376181854
-12,50,6860.601011,0.62,0.6663584052609947
-8,50,6868.290887,0.58,0.6934705400236773
-8,50,6875.985275,0.58,0.6558728881737731
-14,50,6884.021784,0.64,0.7120545344723445
-10,50,6891.819476,0.6,0.6587585939769536
-20,50,6901.289325,0.7,0.7686693368936359
-18,50,6909.973216,0.68,0.7259212541670421
-24,50,6918.525686,0.74,0.7801026833284898
-8,50,6926.280337,0.58,0.6784955752212389
4,50,6933.470974,0.46,0.44780330511890365
-18,50,6941.732526,0.68,0.7795118047218887
0,50,6950.034719,0.5,0.5639184397163121
-12,50,6960.163633,0.62,0.6763280433336502
-12,50,6968.076606,0.62,0.6645040953693943
-16,50,6976.207003,0.66,0.7819540608858117
-26,50,6984.990985,0.76,0.8548297040759353
-14,50,6993.108211,0.64,0.7261544469393733
-2,50,7002.132679,0.52,0.5703985189515736
-16,50,7010.362198,0.66,0.6698029469199361
-12,50,7018.337844,0.62,0.7199145299145299
-22,50,7026.850559,0.72,0.7285667805433544
-24,50,7035.40581,0.74,0.7758455952608446
-18,50,7043.71354,0.68,0.812931517074081
-8,50,7053.029874,0.58,0.6172934500336635
-16,50,7061.257058,0.66,0.7888127853881278
-8,50,7069.180321,0.58,0.6455708759051682
-6,50,7076.918887,0.56,0.6832291201429209
-18,50,7085.247608,0.68,0.7314484222715429
-10,50,7093.203324,0.6,0.6689912113106611
-6,50,7101.791201,0.56,0.6168842322226039
-24,50,7111.021741,0.74,0.8092080333459644
-10,50,7119.049557,0.6,0.5951345851447599
-10,50,7126.985895,0.6,0.6981149257808943
-8,50,7134.840399,0.58,0.5855152214431526
-14,50,7143.008418,0.64,0.7368421052631579
-22,50,7154.620626,0.72,0.7581693605059733
-6,50,7162.382417,0.56,0.6196532881100434
0,50,7169.868721,0.5,0.5693556085918854
-14,50,7178.002524,0.64,0.6862230552952202
-8,50,7185.883973,0.58,0.716627394734146
-16,50,7194.150357,0.66,0.7508541392904073
-14,50,7202.404138,0.64,0.7024504084014003
-12,50,7211.952468,0.62,0.6853441161907906
-12,50,7220.031935,0.62,0.7553705416795149
-16,50,7228.320641,0.66,0.6911024594055645
-22,50,7236.916915,0.72,0.7824663514005092
-8,50,7244.899258,0.58,0.6735493738648313
-18,50,7253.7743,0.68,0.7672055427251732
-10,50,7262.758623,0.6,0.6801393089542663
-4,50,7270.425725,0.54,0.5966955310042799
-4,50,7278.110111,0.54,0.6363196594427245
-8,50,7286.030465,0.58,0.6062389091248716
-14,50,7294.254151,0.64,0.669256577785626
-10,50,7302.277416,0.6,0.6409309955911002
2,50,7311.147501,0.48,0.5131976627040097
-4,50,7318.923868,0.54,0.6129101899827288
-10,50,7327.098387,0.6,0.6348884381338742
-20,50,7335.638628,0.7,0.7557300703132134
-22,50,7344.661342,0.72,0.757435691318328
-12,50,7354.338288,0.62,0.7035009811008985
-12,50,7363.644504,0.62,0.7207924294684709
-16,50,7372.0039,0.66,0.7180066123699702
-14,50,7380.293324,0.64,0.6950041402152912
-10,50,7388.337097,0.6,0.6595957756737072
-16,50,7396.752674,0.66,0.7281658316141075
-12,50,7405.732512,0.62,0.6837436640115858
-16,50,7414.930443,0.66,0.7310659186535764
-12,50,7423.251881,0.62,0.6863249554719968
-12,50,7431.443212,0.62,0.7472766884531591
-6,50,7439.311838,0.56,0.6436360386127994
-12,50,7447.494344,0.62,0.6875804967801288
-4,50,7455.294239,0.54,0.5417095777548918
-24,50,7465.614011,0.74,0.7808771779246416
-8,50,7473.606334,0.58,0.6374714394516374
-16,50,7482.010002,0.66,0.6892094417384789
-16,50,7490.40326,0.66,0.7766492357200322
-12,50,7498.672229,0.62,0.7239348804987876
-8,50,7506.740557,0.58,0.6625876978299886
-10,50,7516.340959,0.6,0.6652165506573859
-22,50,7525.089899,0.72,0.7495867768595041
-16,50,7533.537468,0.66,0.7012281530467643
-10,50,7541.688058,0.6,0.6519618239660657
-12,50,7551.422354,0.62,0.6697056783272223
-2,50,7559.260628,0.52,0.4956224642323297
-16,50,7569.15813,0.66,0.7273710073710073
-8,50,7577.207037,0.58,0.6436951696438009
-8,50,7585.266166,0.58,0.5985845295055822
-8,50,7593.339771,0.58,0.6515384615384615
-22,50,7602.151604,0.72,0.771555469730617
-18,50,7610.778615,0.68,0.759245283018868
-14,50,7620.692335,0.64,0.7269640234948604
-8,50,7628.794788,0.58,0.6688761377127028
-8,50,7636.957293,0.58,0.6777003484320557
-16,50,7645.445277,0.66,0.7197642712639634
-12,50,7653.765459,0.62,0.6639933166248956
-18,50,7662.42807,0.68,0.7134333755197975
-18,50,7672.611933,0.68,0.7920336660794676
-8,50,7680.908883,0.58,0.6663454331298855
-18,50,7689.624055,0.68,0.7494524405506884
-8,50,7697.785025,0.58,0.7084269662921349
-14,50,7706.309806,0.64,0.6491600516891268
-10,50,7714.702274,0.6,0.6858608342204587
-16,50,7724.720336,0.66,0.672019957901302
-4,50,7732.675699,0.54,0.5657537110600042
-6,50,7740.776796,0.56,0.6572390572390573
-8,50,7750.485835,0.58,0.6776658874303183
-16,50,7759.090882,0.66,0.7679234769687965
-14,50,7768.759587,0.64,0.7432377049180328
-20,50,7778.099842,0.7,0.7615507169410515
-14,50,7786.61351,0.64,0.7316244027930908
-12,50,7795.083245,0.62,0.6690436241610739
-20,50,7803.943302,0.7,0.7723285862491748
-14,50,7812.465631,0.64,0.69327479545001
-28,50,7823.276173,0.78,0.85633626097867
-16,50,7831.926953,0.66,0.7058335637268455
-6,50,7840.09508,0.56,0.6605361881233416
-12,50,7848.566983,0.62,0.6996738539590506
-24,50,7857.655114,0.74,0.7931702814951546
-10,50,7866.097468,0.6,0.6526337197478137
6,50,7875.048033,0.44,0.5375958652884295
-18,50,7883.796406,0.68,0.6975050965925639
-12,50,7892.232316,0.62,0.684450810133381
-16,50,7900.908806,0.66,0.736115569823435
4,50,7908.498318,0.46,0.5920814023775942
2,50,7916.237095,0.48,0.5703645968649865
-4,50,7925.075483,0.54,0.5879781420765028
-14,50,7934.417483,0.64,0.7479674796747967
-4,50,7942.524937,0.54,0.6159334126040428
-4,50,7952.222336,0.54,0.6149231346081739
-8,50,7960.514956,0.58,0.6417174049968507
-22,50,7969.58141,0.72,0.770416703374152
-20,50,7980.082376,0.7,0.7749602403251458
-12,50,7988.631665,0.62,0.7004264392324094
-4,50,7996.689924,0.54,0.5808028440231077
-14,50,8005.31783,0.64,0.6662308554351887
-8,50,8013.613005,0.58,0.6517495395948435
-14,50,8022.230985,0.64,0.6754567715200602
-22,50,8032.827393,0.72,0.7440223842631847
-6,50,8041.133367,0.56,0.578149300155521
-24,50,8050.325148,0.74,0.8198467576153989
-10,50,8058.757459,0.6,0.6599921088972184
-8,50,8067.103669,0.58,0.6294875577849907
-14,50,8076.224621,0.64,0.7046318074905011
-14,50,8085.953399,0.64,0.7012316249503378
-6,50,8094.181029,0.56,0.6092891331324233
-10,50,8102.638043,0.6,0.684011934011934
-12,50,8111.187402,0.62,0.6678049207600035
-14,50,8119.867085,0.64,0.6925900208312668
-8,50,8129.400302,0.58,0.7024673439767779
-18,50,8138.790838,0.68,0.750825549580149
-8,50,8147.16414,0.58,0.6142718446601941
-22,50,8157.786361,0.72,0.7053394858272907
-14,50,8166.488734,0.64,0.6717451523545707
-6,50,8174.716243,0.56,0.6526401797569196
-10,50,8184.718884,0.6,0.6968799817809155
0,50,8192.690694,0.5,0.5437562346966537
-14,50,8201.413666,0.64,0.6940072065238005
-2,50,8209.500961,0.52,0.5552811550151976
-8,50,8217.975497,0.58,0.7092747813411079
-18,50,8227.677264,0.68,0.7851401869158878
-6,50,8236.764389,0.56,0.6032991529201962
-6,50,8245.070732,0.56,0.6579378068739771
2,50,8253.008507,0.48,0.6098850148367952
-14,50,8261.802129,0.64,0.7023854600530102
-14,50,8270.550087,0.64,0.7288000795307684
-14,50,8280.860855,0.64,0.7417765904157623
-6,50,8289.295953,0.56,0.6175335416283771
-10,50,8297.850104,0.6,0.6069320843091335
-20,50,8306.971342,0.7,0.7295046032441912
-16,50,8315.970381,0.66,0.7588565594691169
-12,50,8324.650405,0.62,0.6839614054250864
-4,50,8334.482412,0.54,0.5993091537132987
-8,50,8343.118345,0.58,0.6839080459770115
-6,50,8353.041354,0.56,0.6289952153110048
-14,50,8361.886631,0.64,0.6828478964401294
-2,50,8370.091399,0.52,0.591084110550184
-12,50,8379.560369,0.62,0.6239385727190605
-6,50,8388.773072,0.56,0.6695889343463861
-18,50,8397.835966,0.68,0.7466012470612287
-10,50,8406.599545,0.6,0.6975114271203656
-4,50,8414.917872,0.54,0.5774270399047052
-22,50,8424.267973,0.72,0.7851628063108426
-4,50,8434.149279,0.54,0.5867253785844699
-6,50,8442.587543,0.56,0.6261371417392155
-14,50,8451.442358,0.64,0.694229732158907
-4,50,8459.784941,0.54,0.5977988546886185
-8,50,8468.362026,0.58,0.6545021438780372
-10,50,8477.051682,0.6,0.6406752411575563
-30,50,8488.3975,0.8,0.8295395308427455
4,50,8496.478171,0.46,0.5118785975928833
-14,50,8505.420539,0.64,0.6720971256615129
-4,50,8513.799897,0.54,0.625816079089722
-10,50,8522.564955,0.6,0.6617434115262091
-16,50,8532.304418,0.66,0.7184713375796178
-16,50,8542.073633,0.66,0.7552418517749637
-8,50,8552.069136,0.58,0.6728980831277283
-22,50,8561.544479,0.72,0.7838901521777156
-6,50,8570.089078,0.56,0.6476884536552038
-10,50,8578.877717,0.6,0.5876791401273885
-22,50,8589.870341,0.72,0.7494197541476834
-14,50,8598.854093,0.64,0.6521154007906468
-14,50,8607.818596,0.64,0.7264468371467026
-10,50,8616.589865,0.6,0.670670362385792
-6,50,8625.101929,0.56,0.6452172139506425
-4,50,8633.771943,0.54,0.6102829984877943
-2,50,8643.380919,0.52,0.6004780114722753
-2,50,8651.634235,0.52,0.5757119935820297
-16,50,8660.70066,0.66,0.752601380919965
-10,50,8669.461438,0.6,0.6782071400549236
-8,50,8678.163116,0.58,0.6773553373720493
-8,50,8688.233074,0.58,0.6527804318746417
-16,50,8697.577007,0.66,0.6493530162201567
-10,50,8706.499507,0.6,0.7374859822611887
-20,50,8715.863051,0.7,0.7356386999244142
-16,50,8724.996551,0.66,0.7055681930570665
-10,50,8733.90164,0.6,0.6891485423415086
-6,50,8744.040453,0.56,0.6283671777869871
-8,50,8754.333993,0.58,0.6303175024321217
-8,50,8763.128779,0.58,0.6961644078306316
-6,50,8771.753522,0.56,0.6795778478946796
-10,50,8780.669109,0.6,0.653555219364599
-18,50,8791.480794,0.68,0.7406475607088164
-26,50,8801.201296,0.76,0.8010957831914686
0,50,8809.489018,0.5,0.5337929695086424
-12,50,8818.488565,0.62,0.6650182196772514
-14,50,8827.630379,0.64,0.75471360915021
-2,50,8836.055087,0.52,0.5655481857198595
-12,50,8846.537722,0.62,0.6908568045335364
-12,50,8855.517249,0.62,0.6949451774763055
-18,50,8864.877269,0.68,0.7680112735599789
-10,50,8873.839625,0.6,0.6924893717524799
-6,50,8882.541989,0.56,0.6341995447647951
-12,50,8893.094767,0.62,0.7468772961058046
-16,50,8902.334773,0.66,0.7283847650820128
-12,50,8911.42622,0.62,0.7285953012877224
-6,50,8920.089643,0.56,0.6484754521963825
2,50,8928.334736,0.48,0.560986878580669
-18,50,8937.809317,0.68,0.7052690374231987
-18,50,8949.808738,0.68,0.7654276757725034
-16,50,8959.492216,0.66,0.7552418689120026
-2,50,8968.029886,0.52,0.5907753630065483
-14,50,8977.150866,0.64,0.6906017975771785
-14,50,8986.3936,0.64,0.6703420978230139
-24,50,8997.728055,0.74,0.8141190598730486
-22,50,9007.37411,0.72,0.7925385853612348
-6,50,9016.094301,0.56,0.634257848217007
-18,50,9025.548577,0.68,0.7652530079358307
-14,50,9034.761532,0.64,0.7209967320261438
-28,50,9046.309768,0.78,0.8270765096161922
-10,50,9055.339568,0.6,0.6995535323470192
-6,50,9064.173626,0.56,0.6212974741050337
2,50,9072.593487,0.48,0.608887381275441
-16,50,9081.963628,0.66,0.7293669681104236
-12,50,9092.598811,0.62,0.7093759421163702
-4,50,9101.428257,0.54,0.6450292397660818
-2,50,9110.022878,0.52,0.5612759356214854
-16,50,9119.512503,0.66,0.7184948859904289
-14,50,9128.838519,0.64,0.7480294272201786
-10,50,9137.884082,0.6,0.5607132474076946
2,50,9149.381763,0.48,0.4768057614912095
-14,50,9158.76034,0.64,0.7193218514531755
-4,50,9167.588748,0.54,0.6371960524977108
-16,50,9177.057383,0.66,0.7410315015402962
6,50,9185.157966,0.44,0.5210569777043765
-12,50,9195.795518,0.62,0.6476295479603087
-12,50,9204.962678,0.62,0.7232167702439477
-16,50,9214.393658,0.66,0.7520290270218658
-18,50,9223.983816,0.68,0.7259014637629418
-14,50,9233.272311,0.64,0.6589452932479054
-8,50,9242.899849,0.58,0.6480975787365738
-6,50,9252.712849,0.56,0.6063995837669095
-22,50,9262.672499,0.72,0.7765683185333715
-14,50,9272.016522,0.64,0.6759188361408882
-6,50,9280.841193,0.56,0.6149256558386211
0,50,9289.300776,0.5,0.5256946380447913
-12,50,9300.065459,0.62,0.667690774723906
-4,50,9308.811281,0.54,0.6252181948865386
-12,50,9318.018121,0.62,0.6711992280024563
-12,50,9327.214229,0.62,0.6616365759453876
-14,50,9336.584354,0.64,0.7923098778293399
-20,50,9349.442014,0.7,0.7749478836218617
-6,50,9358.426048,0.56,0.5935731239729779
0,50,9366.983125,0.5,0.6021743953849568
-16,50,9376.400509,0.66,0.7061151418072176
-16,50,9385.849397,0.66,0.7411627489682397
-12,50,9396.439915,0.62,0.7372010778039744
-2,50,9405.239654,0.52,0.6356612482440297
-4,50,9413.999668,0.54,0.624045233607777
-12,50,9423.249325,0.62,0.6552490736928778
-10,50,9432.357834,0.6,0.6461357039187228
2,50,9440.782083,0.48,0.5481034117397754
-12,50,9451.672565,0.62,0.717783384730399
-6,50,9460.593143,0.56,0.7081995914794281
-10,50,9469.769281,0.6,0.6393517670756271
-2,50,9478.537646,0.52,0.6118810207875612
0,50,9487.181427,0.5,0.5550740965421613
-12,50,9497.685388,0.62,0.6629601943561951
-18,50,9507.6424,0.68,0.7372731985484707
-6,50,9516.529946,0.56,0.6564079822616408
-10,50,9525.718554,0.6,0.6674759638729727
-18,50,9535.468595,0.68,0.7517107453301276
-18,50,9547.266025,0.68,0.7361744465633032
-12,50,9557.693579,0.62,0.6862226920366455
-6,50,9566.705126,0.56,0.657113324563052
-8,50,9575.846346,0.58,0.6667000500751127
-14,50,9585.262392,0.64,0.6714339128809124
-22,50,9595.225965,0.72,0.7701444317749905
-10,50,9605.952388,0.6,0.6845350052246604
-6,50,9614.953422,0.56,0.6444394467558754
-18,50,9624.656442,0.68,0.7232472324723247
-16,50,9634.239463,0.66,0.708430007733952
-8,50,9643.413586,0.58,0.6272215772081807
-6,50,9653.989295,0.56,0.6652433817250214
-22,50,9663.994534,0.72,0.7814471608832808
-10,50,9673.297306,0.6,0.6449310783067749
-2,50,9682.100532,0.52,0.603946297803092
2,50,9690.72308,0.48,0.519330022397507
-16,50,9701.89759,0.66,0.7100470035252644
-14,50,9711.445412,0.64,0.69642000191957
-12,50,9720.878467,0.62,0.638560885608856
-6,50,9729.982433,0.56,0.6381585377773433
-10,50,9740.824521,0.6,0.5902050705200311
-8,50,9751.725832,0.58,0.6383251990752633
-12,50,9761.193188,0.62,0.7080398556948978
-12,50,9770.725572,0.62,0.6663256765553799
-10,50,9780.080663,0.6,0.6400828075709779
-22,50,9790.252012,0.72,0.7558694787107043
-18,50,9801.726221,0.68,0.6767314587658049
-8,50,9811.092262,0.58,0.6361034555861776
-10,50,9820.554193,0.6,0.720875038695697
-8,50,9829.877779,0.58,0.6550588235294118
-12,50,9839.43504,0.62,0.7137562677131023
-12,50,9850.574328,0.62,0.6941241076331686
-12,50,9860.126858,0.62,0.7115998275118586
-6,50,9869.30405,0.56,0.6098385689354275
-12,50,9878.787758,0.62,0.6515749839287355
-10,50,9888.153019,0.6,0.6693013270882123
0,50,9897.302428,0.5,0.581739833019122
-16,50,9908.535171,0.66,0.726223494676568
0,50,9917.362839,0.5,0.5380601882046027
-30,50,9928.00702,0.8,0.8212604870063434
-8,50,9938.795394,0.58,0.5662347708373622
-18,50,9950.27445,0.68,0.6971496437054632
-2,50,9959.231886,0.52,0.6170077884441224
-20,50,9969.252349,0.7,0.7639992432841468
-16,50,9979.003168,0.66,0.7688465031789282
-20,50,9989.034864,0.7,0.7558876383240329
-26,50,10000.947369,0.76,0.8197042725267544
0,50,10009.812365,0.5,0.5620715114439405
-20,50,10019.899722,0.7,0.7406895430151245
-2,50,10028.877061,0.52,0.5955479452054795
-12,50,10038.461422,0.62,0.686812211572595
-14,50,10048.696794,0.64,0.7545187848963755
-12,50,10059.297034,0.62,0.6624577627600925
-12,50,10068.932138,0.62,0.66582774049217
-26,50,10079.430537,0.76,0.8200262440698496
-2,50,10088.502187,0.52,0.5770929000353232
-12,50,10098.828455,0.62,0.661029719547928
-14,50,10109.634622,0.64,0.698140589569161
-14,50,10119.501377,0.64,0.7027937915742793
-8,50,10129.071309,0.58,0.630246783379034
-10,50,10139.973553,0.6,0.6680290644868302
-10,50,10150.73665,0.6,0.6340262125386092
-10,50,10160.605771,0.6,0.6487686015142285
-12,50,10170.281173,0.62,0.7304785894206549
-18,50,10180.391468,0.68,0.786137170962747
-4,50,10189.57683,0.54,0.6436885319859244
-18,50,10200.475392,0.68,0.6674991080984659
-14,50,10210.973315,0.64,0.7480277540157779
-14,50,10220.785432,0.64,0.8046584458798199
-12,50,10230.448753,0.62,0.64536799707067
-8,50,10239.909658,0.58,0.68975791433892
-18,50,10250.163636,0.68,0.7596291694542674
-6,50,10260.867796,0.56,0.6962311776481852
-4,50,10270.067061,0.54,0.5893212669683258
-18,50,10280.132668,0.68,0.7376690154256332
-16,50,10290.130281,0.66,0.7321996908247704
-8,50,10299.593852,0.58,0.7084505574658747
-20,50,10311.324869,0.7,0.7464234620886981
-2,50,10320.446601,0.52,0.5690425325305885
-22,50,10332.225179,0.72,0.7912118931125329
-28,50,10342.87973,0.78,0.8535070841350358
-12,50,10353.716652,0.62,0.7199137041553325
-18,50,10364.342226,0.68,0.7724044639837674
-4,50,10373.573352,0.54,0.6154128440366973
-12,50,10383.294611,0.62,0.733191242007363
-20,50,10393.471219,0.7,0.7841868317388858
-16,50,10404.997369,0.66,0.7239177387548127
-10,50,10414.637661,0.6,0.593407677884141
-6,50,10424.062861,0.56,0.6439613526570048
-6,50,10433.456733,0.56,0.6441461463241177
-4,50,10442.732966,0.54,0.5722998967814582
-14,50,10452.56023,0.64,0.6920669079526558
-2,50,10463.266635,0.52,0.6136405529953917
-16,50,10473.362852,0.66,0.6888789638231353
-18,50,10483.624899,0.68,0.7706976305107146
-12,50,10493.424594,0.62,0.6791712848495183
-14,50,10503.358034,0.64,0.7363506536306712
-22,50,10515.27084,0.72,0.7588703261734288
-4,50,10524.851615,0.54,0.6058492084786692
-14,50,10535.971807,0.64,0.708842163254063
-16,50,10546.041877,0.66,0.7114044737807114
-26,50,10557.803945,0.76,0.8358407079646017
-16,50,10568.256239,0.66,0.7704675660691185
-14,50,10578.149429,0.64,0.6201729106628242
-24,50,10588.676513,0.74,0.8211502782931355
-24,50,10599.225184,0.74,0.7723093564088697
-20,50,10610.888958,0.7,0.817486454902794
-6,50,10620.532641,0.56,0.6126813642359148
-12,50,10630.382691,0.62,0.6479724799332847
-12,50,10640.188818,0.62,0.625387844497171
-10,50,10649.914445,0.6,0.6930977456697711
-16,50,10661.474115,0.66,0.7354362293736895
-10,50,10671.204758,0.6,0.7319436825745109
2,50,10680.319774,0.48,0.5314377682403434
-20,50,10690.627743,0.7,0.7798878283971268
-8,50,10700.211353,0.58,0.6569600916555279
-8,50,10710.810658,0.58,0.6129388996405861
-6,50,10720.865056,0.56,0.6687429218573047
-4,50,10731.713571,0.54,0.5900517589262216
-14,50,10741.692587,0.64,0.7436900106647707
-14,50,10751.680642,0.64,0.6950532247964935
-22,50,10763.688431,0.72,0.7191773560903212
-12,50,10773.608071,0.62,0.6487455197132617
-10,50,10783.457534,0.6,0.6665077700448089
-6,50,10792.95673,0.56,0.6548883374689827
-18,50,10803.258497,0.68,0.7369175627240143
-12,50,10814.714509,0.62,0.7034573222149348
-14,50,10824.79457,0.64,0.7082447034799626
-16,50,10834.958699,0.66,0.7283774124374554
-6,50,10844.463545,0.56,0.6439040277928564
-22,50,10855.008943,0.72,0.7669491525423728
-20,50,10866.951661,0.7,0.7671548461411881
-8,50,10876.599325,0.58,0.6277295998328284
-22,50,10887.255291,0.72,0.7685025817555938
-8,50,10896.913392,0.58,0.6080291271438153
-12,50,10906.81376,0.62,0.7128279883381924
-14,50,10918.330045,0.64,0.7162288930581614
-6,50,10929.414121,0.56,0.6278067181605892
-2,50,10938.696475,0.52,0.5911307701032097
-30,50,10949.743087,0.8,0.7993713515940728
-8,50,10959.656582,0.58,0.6641096450854045
-6,50,10970.571324,0.56,0.6003906651588362
-8,50,10980.31251,0.58,0.5844862131476004
-12,50,10990.357315,0.62,0.7077662129703763
-18,50,11000.774288,0.68,0.7707539276750023
-20,50,11012.824015,0.7,0.7810888252148998
-8,50,11022.569765,0.58,0.706916041516802
-22,50,11033.188868,0.72,0.7408122168149018
-8,50,11042.955331,0.58,0.6415389777429817
-8,50,11052.736361,0.58,0.6568269325698489
-12,50,11064.338385,0.62,0.6584694265096848
-18,50,11074.772318,0.68,0.671264367816092
-24,50,11085.585443,0.74,0.8533448507534312
-10,50,11095.513372,0.6,0.7004793863854266
-8,50,11105.458352,0.58,0.605470651221649
-14,50,11118.764881,0.64,0.7559895833333333
-10,50,11128.716851,0.6,0.6821377072819034
-2,50,11138.156758,0.52,0.6219731415882415
-10,50,11148.090821,0.6,0.7022803670391569
-18,50,11158.550397,0.68,0.7351100151745068
0,50,11169.364193,0.5,0.5977958595117931
2,50,11178.610762,0.48,0.49137038315498793
