#{"t_start": 1677947200.6972942, "env_id": "DeepRMSA-v0"}
r,l,t,episode_service_blocking_rate,episode_bit_rate_blocking_rate
50,50,15.143252,0.0,0.0
50,50,15.456661,0.0,0.0
50,50,17.947824,0.0,0.0
50,50,18.286699,0.0,0.0
50,50,18.645947,0.0,0.0
50,50,18.982263,0.0,0.0
50,50,19.32755,0.0,0.0
50,50,19.670542,0.0,0.0
50,50,20.02997,0.0,0.0
50,50,20.396606,0.0,0.0
50,50,20.751898,0.0,0.0
50,50,21.097485,0.0,0.0
50,50,21.461377,0.0,0.0
50,50,21.838235,0.0,0.0
44,50,22.232756,0.06,0.07727920227920228
34,50,22.804101,0.16,0.16331551709510478
34,50,23.399592,0.16,0.16523702031602708
26,50,23.963782,0.24,0.21871820956256358
24,50,24.550459,0.26,0.3176986671165851
4,50,24.960301,0.46,0.5027739881764438
4,50,25.297771,0.46,0.5816060927407694
0,50,25.628806,0.5,0.5471204188481675
-6,50,25.975271,0.56,0.6057682223387519
-8,50,26.321881,0.58,0.559152442613302
4,50,26.693097,0.46,0.4974290780141844
6,50,27.034253,0.44,0.5557391388861891
-10,50,27.371106,0.6,0.6425076452599389
-4,50,27.709282,0.54,0.5803384673892374
2,50,28.082738,0.48,0.5637634770889488
-4,50,28.460956,0.54,0.6330250755824293
-8,50,28.847065,0.58,0.702551685602533
2,50,29.214087,0.48,0.4772307175264661
-2,50,29.594639,0.52,0.5707236842105263
4,50,29.965686,0.46,0.4964386129334583
-12,50,30.339311,0.62,0.7203510238194735
-6,50,30.707554,0.56,0.6277040200538483
-8,50,31.091433,0.58,0.6044872431251861
-10,50,31.464845,0.6,0.6983798040693293
-14,50,31.852923,0.64,0.6702301922579532
-4,50,32.257537,0.54,0.5484422492401215
0,50,32.659795,0.5,0.6606840501185235
-14,50,33.031504,0.64,0.7283374508189221
-4,50,33.448534,0.54,0.5783935461241669
-16,50,33.849922,0.66,0.690352504638219
-10,50,34.273751,0.6,0.6617477760334903
0,50,34.684276,0.5,0.5474211137927952
-6,50,35.342271,0.56,0.5534383548721818
-6,50,36.020905,0.56,0.5689940005216938
2,50,36.740193,0.48,0.591123701605288
-16,50,37.349795,0.66,0.7103857566765579
-10,50,37.780242,0.6,0.7214611872146118
-8,50,38.230112,0.58,0.608618099887345
-10,50,38.687579,0.6,0.6545111948570161
-4,50,39.122912,0.54,0.5774924201890494
0,50,39.58794,0.5,0.5857430453879942
-12,50,40.030899,0.62,0.5783958849304629
-14,50,40.49152,0.64,0.6499588477366255
-6,50,40.934883,0.56,0.6297949026001888
4,50,41.412264,0.46,0.5582514734774067
12,50,41.862613,0.38,0.518073537027447
-8,50,42.340123,0.58,0.6866519103069965
8,50,42.804296,0.42,0.5300463911964614
-6,50,43.291538,0.56,0.6303127506014434
-14,50,43.753137,0.64,0.7136604898035199
-6,50,44.26398,0.56,0.6835638966818226
-6,50,44.77086,0.56,0.5991880623217029
-8,50,45.251367,0.58,0.7111792584332312
-14,50,45.720525,0.64,0.7035119103662555
-10,50,46.215971,0.6,0.6351118760757315
-16,50,46.695642,0.66,0.6759454789786907
-6,50,47.209171,0.56,0.6337807387087293
-10,50,48.027852,0.6,0.6333814906093311
-26,50,49.592654,0.76,0.8440802242829416
-10,50,51.303396,0.6,0.7049397836293121
-22,50,52.297515,0.72,0.7918211985164942
-14,50,53.24109,0.64,0.7162256615077384
-8,50,54.840078,0.58,0.6410324640766365
-6,50,55.872643,0.56,0.637667050181432
-8,50,56.442894,0.58,0.6497357341216519
-10,50,56.954558,0.6,0.6547085201793722
-8,50,57.503838,0.58,0.6292840176450628
6,50,58.034698,0.44,0.5626162430254185
-14,50,58.616273,0.64,0.6756920590018185
-8,50,59.163893,0.58,0.648462822905412
-4,50,59.750721,0.54,0.6879661173004328
-8,50,60.325306,0.58,0.6499557913351017
-4,50,61.317221,0.54,0.660207086539375
-2,50,62.274451,0.52,0.6870803662258392
2,50,63.089238,0.48,0.5088912642114469
2,50,63.689845,0.48,0.5708816120906801
-12,50,64.26721,0.62,0.6860290877038343
-6,50,64.846663,0.56,0.6267094902610858
-10,50,65.447417,0.6,0.6092998396579369
-14,50,66.018777,0.64,0.6712556997544721
-16,50,66.642083,0.66,0.7776944236059015
-10,50,67.225653,0.6,0.6641509433962264
-6,50,67.829669,0.56,0.641910051962014
-20,50,68.446712,0.7,0.7509787853956114
-6,50,69.081203,0.56,0.6810181424316274
-8,50,69.700291,0.58,0.6603472548099484
-10,50,70.352039,0.6,0.653817642698295
-16,50,70.981916,0.66,0.7923069928162226
-14,50,71.602376,0.64,0.7344717182497332
-10,50,72.223808,0.6,0.6222747370025918
-12,50,72.903615,0.62,0.6891681109185442
-8,50,74.041329,0.58,0.6359824076915209
-16,50,75.20355,0.66,0.8088950660180682
-10,50,75.923517,0.6,0.6570980247369392
-4,50,76.597344,0.54,0.5720493655484096
-14,50,77.241807,0.64,0.7055492638731596
-6,50,77.902054,0.56,0.6514591799039527
-6,50,78.587696,0.56,0.6191641736923217
-16,50,79.307258,0.66,0.7386633710428748
-2,50,79.961797,0.52,0.6058874458874459
-8,50,80.700733,0.58,0.6243438645142121
-2,50,81.380211,0.52,0.5940405244338498
-4,50,82.076856,0.54,0.65599173553719
-6,50,82.746795,0.56,0.6246546037971299
-10,50,83.463902,0.6,0.7054891253177666
-8,50,84.166551,0.58,0.6451145259495505
8,50,84.86388,0.42,0.49587264150943394
-8,50,85.766067,0.58,0.6607700312174818
-6,50,87.076512,0.56,0.6229829306967634
-6,50,88.135998,0.56,0.6406818617123157
-8,50,88.847476,0.58,0.5953438007579859
-10,50,89.563736,0.6,0.633209192478881
-4,50,90.30069,0.54,0.5629176577188809
-14,50,91.064033,0.64,0.7314814814814815
-2,50,91.784398,0.52,0.5908964235949837
-10,50,92.48388,0.6,0.6212081928960332
-6,50,93.232058,0.56,0.6947626841243862
-4,50,93.971682,0.54,0.6303547373147732
-6,50,94.710911,0.56,0.5912050739957717
-2,50,95.501115,0.52,0.6787684641395266
-24,50,96.267333,0.74,0.8195759182127982
-16,50,97.027264,0.66,0.6970778281415758
-4,50,97.783759,0.54,0.6413003324713705
-20,50,99.118702,0.7,0.7499548002169589
-10,50,100.521186,0.6,0.6394600393348829
-4,50,101.247991,0.54,0.6133383289621581
-16,50,102.035319,0.66,0.7157976502573066
-8,50,102.797092,0.58,0.6559058823529412
-6,50,103.594214,0.56,0.6830943847072879
-22,50,104.390957,0.72,0.7517743570836022
-6,50,105.185547,0.56,0.6360641139804096
2,50,106.015155,0.48,0.5661447935273721
-8,50,106.817984,0.58,0.6311143802868702
-14,50,107.613654,0.64,0.6966741441529308
-8,50,108.412782,0.58,0.6021611886537596
-4,50,109.222634,0.54,0.6167315175097277
-4,50,110.042602,0.54,0.571972443799855
-4,50,111.272021,0.54,0.6046837996666959
-12,50,113.153054,0.62,0.7312550389680194
-14,50,114.372754,0.64,0.7002121575500415
-2,50,115.323995,0.52,0.6129955046996322
-6,50,116.187055,0.56,0.6545546049320584
-12,50,117.049065,0.62,0.7100603422692651
-14,50,117.876371,0.64,0.626054903482394
-6,50,118.719901,0.56,0.6358575779855057
-4,50,119.530705,0.54,0.6195877305454187
-16,50,120.398753,0.66,0.7112592457309834
-10,50,121.322427,0.6,0.6696853701801886
-8,50,122.176229,0.58,0.7245681381957774
-8,50,123.02958,0.58,0.6399959125281014
-14,50,124.651126,0.64,0.710562414266118
-2,50,125.957665,0.52,0.5290037197144868
0,50,126.826707,0.5,0.6395314787701317
-2,50,127.680954,0.52,0.5871751886001676
-6,50,128.581752,0.56,0.6843094268712809
-14,50,129.453804,0.64,0.7461341525857655
-8,50,130.328649,0.58,0.6685018050541516
-10,50,131.267861,0.6,0.6827131112072696
-12,50,132.164464,0.62,0.6968465854130392
-12,50,133.028999,0.62,0.7110129726745791
-6,50,133.950711,0.56,0.5882121807465619
4,50,134.802896,0.46,0.4989951768488746
-12,50,135.893061,0.62,0.7074856804266245
-8,50,137.585407,0.58,0.6101201652271874
-4,50,138.824148,0.54,0.6300531914893617
-18,50,139.728667,0.68,0.6950451683547769
-22,50,140.722566,0.72,0.7677194271024605
0,50,141.641872,0.5,0.5555768493675738
-16,50,142.603952,0.66,0.7120035304501324
-16,50,143.556794,0.66,0.7602262837249782
-2,50,144.489258,0.52,0.5923138671483043
-14,50,145.506101,0.64,0.6657929226736566
-16,50,146.525464,0.66,0.7667146677638346
-14,50,147.466181,0.64,0.7709705969121841
-8,50,148.543214,0.58,0.6379135719108711
0,50,150.277089,0.5,0.6319604959025005
-10,50,151.479257,0.6,0.6961736150770989
-22,50,152.459238,0.72,0.7202357943563974
-6,50,153.453709,0.56,0.664460378746093
-18,50,154.445112,0.68,0.7621671258034894
-10,50,155.452569,0.6,0.7301806693651891
-18,50,156.496181,0.68,0.7254782872760401
-14,50,157.486183,0.64,0.6943201376936317
-12,50,158.491488,0.62,0.7338250396788348
8,50,159.461841,0.42,0.4792178108863117
-10,50,160.450571,0.6,0.7190786179268903
-12,50,162.275174,0.62,0.6525959568973194
-6,50,163.757613,0.56,0.5845343084534308
-10,50,164.771318,0.6,0.6647572815533981
-2,50,165.767513,0.52,0.6298932384341637
-20,50,166.806789,0.7,0.7758119658119658
-12,50,167.834789,0.62,0.711365719523373
-4,50,168.846729,0.54,0.6044238175175274
-10,50,169.860893,0.6,0.7166244725738397
-18,50,170.947405,0.68,0.7456528449428954
-6,50,171.939987,0.56,0.6804577464788732
-12,50,172.978187,0.62,0.6770154373927959
-12,50,174.737032,0.62,0.6849820502592741
-2,50,176.305009,0.52,0.5591202399345633
-4,50,177.354603,0.54,0.6139945788575444
-14,50,178.423733,0.64,0.7002174858634189
-12,50,179.497832,0.62,0.7172856309546957
-8,50,180.594873,0.58,0.6175670423630004
-20,50,181.657761,0.7,0.7209344440420138
-10,50,182.70775,0.6,0.6817758197068542
-4,50,183.759742,0.54,0.5833962264150944
10,50,184.775382,0.4,0.4751421188630491
0,50,185.848527,0.5,0.5861790803979564
-16,50,187.80551,0.66,0.6972127531582113
-8,50,188.912349,0.58,0.686014873934337
-4,50,189.9719,0.54,0.6134872518893779
-14,50,191.069473,0.64,0.7134356113435611
-22,50,192.216108,0.72,0.7606858443035918
-26,50,193.350584,0.76,0.851471404775125
-22,50,194.482243,0.72,0.772178115291681
-6,50,195.609437,0.56,0.7013599473568765
-14,50,196.7256,0.64,0.7476162677563728
-6,50,197.849732,0.56,0.6486654252017381
-14,50,199.785036,0.64,0.7169285116668216
-4,50,200.89865,0.54,0.6103277787950925
-12,50,202.025801,0.62,0.6970816401920946
-8,50,203.137949,0.58,0.6065086006508601
-8,50,204.305595,0.58,0.6631649317161684
-6,50,205.434782,0.56,0.6538501399108716
8,50,206.529126,0.42,0.4967800453514739
-6,50,207.610603,0.56,0.6069958847736625
-8,50,208.761495,0.58,0.6132348817646509
-10,50,210.227889,0.6,0.6860710678541916
-24,50,211.970425,0.74,0.8645125757297595
-4,50,213.083596,0.54,0.6617052735337605
-14,50,214.279684,0.64,0.7161808343515448
4,50,215.367071,0.46,0.5907663316582915
-8,50,216.577834,0.58,0.6645321609481029
-16,50,217.747055,0.66,0.7339789233836513
-12,50,218.990469,0.62,0.7392647205340241
-8,50,220.149482,0.58,0.7214811865419072
-12,50,221.359009,0.62,0.6962698274359421
-14,50,223.378724,0.64,0.7637949622660002
-8,50,224.588585,0.58,0.6482828282828282
2,50,225.741526,0.48,0.6240016176321909
-20,50,226.965084,0.7,0.7414377117049303
-18,50,228.159253,0.68,0.70739669806921
-8,50,229.37865,0.58,0.6186943620178041
-16,50,230.584649,0.66,0.7094987538078095
2,50,231.778926,0.48,0.5573635615686992
-10,50,232.977122,0.6,0.7188589249678958
-10,50,235.094275,0.6,0.6620778267254038
0,50,236.299104,0.5,0.5834245348721521
-14,50,237.589564,0.64,0.7545269582909461
-14,50,238.832767,0.64,0.6873574144486692
-18,50,240.118945,0.68,0.7751497005988024
-8,50,241.382748,0.58,0.6893892385426824
-20,50,242.695848,0.7,0.8004415760869565
-14,50,243.964239,0.64,0.7712722015695993
-4,50,245.847682,0.54,0.6646486701071854
-2,50,248.255163,0.52,0.5752405949256343
-16,50,249.590543,0.66,0.7262593601089177
-8,50,250.873572,0.58,0.6283289435177056
-6,50,252.113713,0.56,0.6786425253578539
-6,50,253.349099,0.56,0.5655929275480134
-2,50,254.586852,0.52,0.6253316301464086
-6,50,255.856324,0.56,0.6859129383313181
-8,50,257.129602,0.58,0.681924287019182
-18,50,258.689031,0.68,0.8076137418755803
-10,50,260.691291,0.6,0.6417174614557188
-2,50,261.963226,0.52,0.6257722859664607
-8,50,263.2888,0.58,0.7102547107281507
-8,50,264.638032,0.58,0.78198127925117
6,50,265.922192,0.44,0.5049040511727079
-18,50,267.3075,0.68,0.7898789878987899
-6,50,268.608327,0.56,0.5945501097293343
-6,50,269.886867,0.56,0.6354684095860567
-4,50,272.040389,0.54,0.6260799136069114
-4,50,273.318495,0.54,0.6121173700416591
4,50,274.570873,0.46,0.5695906432748538
-14,50,275.8845,0.64,0.7596975969759697
-8,50,277.187557,0.58,0.7075668499905178
-14,50,278.556608,0.64,0.7123926156095778
-16,50,279.926611,0.66,0.8280413513014584
-20,50,281.325115,0.7,0.7776804825841603
-10,50,283.378299,0.6,0.6831553307101368
-2,50,284.831209,0.52,0.6710312736716806
-10,50,286.143385,0.6,0.6644467700504234
-18,50,287.466709,0.68,0.7377080543332696
2,50,288.746051,0.48,0.5742397137745975
-20,50,290.106153,0.7,0.7478753541076487
-10,50,291.457665,0.6,0.657155438132981
-12,50,292.780514,0.62,0.6827069096431283
8,50,294.367208,0.42,0.5306098964326812
-12,50,296.252627,0.62,0.6793985805005603
-14,50,297.609899,0.64,0.758458728363921
-18,50,299.007986,0.68,0.7657069266856775
-16,50,300.414693,0.66,0.762807837497753
-26,50,301.872288,0.76,0.7649446494464944
-6,50,303.184489,0.56,0.6735595450700254
-10,50,304.52314,0.6,0.6576632607729898
-20,50,306.417295,0.7,0.7371384029100987
-4,50,308.082338,0.54,0.6700350175087544
-10,50,309.495226,0.6,0.7732408546817318
-8,50,310.923547,0.58,0.6184371759826562
2,50,312.257617,0.48,0.5677997413633844
-6,50,313.608599,0.56,0.6449134499676016
-2,50,314.954037,0.52,0.5693590411672746
-12,50,316.426292,0.62,0.7459699833240689
-8,50,318.379012,0.58,0.6816739997953546
-6,50,320.012934,0.56,0.6213267640330811
-10,50,321.483283,0.6,0.6303055584523933
-10,50,322.880678,0.6,0.6572765727657277
-18,50,324.387864,0.68,0.7827217278272173
-10,50,325.841102,0.6,0.7655636077883524
-12,50,327.314647,0.62,0.6869653595324807
2,50,328.68348,0.48,0.5170975056689342
2,50,330.888793,0.48,0.59510130027215
-10,50,332.266771,0.6,0.7044161473855324
2,50,333.640133,0.48,0.6297506770006537
-12,50,335.049467,0.62,0.7549740272468882
-6,50,336.499105,0.56,0.680322093608455
-20,50,338.004805,0.7,0.7469335054874112
-6,50,339.461989,0.56,0.6681195516811955
-4,50,341.0538,0.54,0.6260940178651989
-14,50,343.234854,0.64,0.6885118002730641
-8,50,344.683745,0.58,0.6447016918967052
-6,50,346.13571,0.56,0.7059848329575733
-2,50,347.502913,0.52,0.6573319267286851
-12,50,348.995096,0.62,0.7205030763662685
-24,50,350.519182,0.74,0.7589309341095528
-8,50,352.03559,0.58,0.6312488120129253
-12,50,354.362272,0.62,0.6979289138102559
-10,50,355.893615,0.6,0.7046997619257561
-6,50,357.331305,0.56,0.641597368180572
-6,50,358.779775,0.56,0.6313665612389574
-18,50,360.306039,0.68,0.7388396734410283
-4,50,361.790272,0.54,0.6616611433305717
-8,50,363.243862,0.58,0.6713828083288842
-16,50,365.257127,0.66,0.7603986135181976
0,50,367.056669,0.5,0.5958188153310104
-6,50,368.545975,0.56,0.6572046499053799
-8,50,370.03609,0.58,0.670897644191714
-14,50,371.621406,0.64,0.7723805348531346
-6,50,373.122518,0.56,0.6227263223918043
-4,50,374.621418,0.54,0.5728923607588515
-20,50,376.334009,0.7,0.7594003852273679
-2,50,378.513186,0.52,0.618472042812327
-12,50,380.044818,0.62,0.6864289022695692
-6,50,381.60272,0.56,0.6363824503311258
-12,50,383.129737,0.62,0.6553720577069096
-18,50,384.749877,0.68,0.7123579545454546
-16,50,386.353396,0.66,0.7474422683425899
-20,50,388.147253,0.7,0.8152668597434837
6,50,390.253536,0.44,0.5621934908604548
-8,50,391.789627,0.58,0.6389917695473251
-14,50,393.356206,0.64,0.7322303355208429
-16,50,394.975569,0.66,0.7047295531748106
-14,50,396.5875,0.64,0.6821476254053023
-10,50,398.151934,0.6,0.6682327430430068
-2,50,399.793725,0.52,0.5995601759296282
-12,50,402.144891,0.62,0.6459001374255612
-22,50,403.825113,0.72,0.7730385443161808
-8,50,405.415739,0.58,0.6630414915006397
-2,50,406.952427,0.52,0.6418208578637511
-8,50,408.543644,0.58,0.6613159122725152
-2,50,410.111491,0.52,0.6308758040573973
-4,50,412.051677,0.54,0.6591052299936988
-4,50,414.149603,0.54,0.6145002781383274
-18,50,415.846529,0.68,0.7649063032367973
-4,50,417.396804,0.54,0.6069828990228013
0,50,418.950773,0.5,0.5754320867102822
-6,50,420.513328,0.56,0.6771072796934866
4,50,422.083577,0.46,0.530257255332784
-20,50,424.369057,0.7,0.7357417935081606
-24,50,426.330173,0.74,0.741047907112889
-18,50,427.979589,0.68,0.7307237141556668
-8,50,429.630803,0.58,0.6237422689928921
-10,50,431.281672,0.6,0.637465510445408
-14,50,432.947514,0.64,0.7014885699096225
-12,50,434.648026,0.62,0.669690166142793
-14,50,437.154787,0.64,0.7148931756896909
-10,50,438.775659,0.6,0.6566400287330519
-20,50,440.502697,0.7,0.8582763337893297
-6,50,442.196243,0.56,0.6731655781790242
-14,50,443.902187,0.64,0.7311602388252381
-8,50,445.549687,0.58,0.6148235937642447
-18,50,448.027508,0.68,0.8134341032608695
-6,50,449.835209,0.56,0.6046490915568222
-2,50,451.457082,0.52,0.646958174904943
-10,50,453.134552,0.6,0.6848543689320389
-8,50,454.834513,0.58,0.6285009861932939
-14,50,456.592753,0.64,0.6906453810960771
4,50,458.220856,0.46,0.5587589784517158
12,50,460.603539,0.38,0.5173656013301312
-8,50,462.301116,0.58,0.7180451127819549
-6,50,464.002233,0.56,0.6025350370981039
-14,50,465.799374,0.64,0.7102566427858892
0,50,467.394659,0.5,0.6240170228513277
-12,50,469.142608,0.62,0.6776280323450135
0,50,471.386235,0.5,0.6110401459854015
8,50,473.198305,0.42,0.5417463994359956
2,50,474.846216,0.48,0.5761426740709099
-14,50,476.614601,0.64,0.7375354681799757
-2,50,478.243154,0.52,0.573853260285745
-10,50,479.98207,0.6,0.7008229360233608
-14,50,481.784223,0.64,0.7247201321343366
-2,50,484.355786,0.52,0.6224758560140474
-22,50,486.206016,0.72,0.7551772827110135
-2,50,487.886401,0.52,0.6422149570903146
4,50,489.545023,0.46,0.5987261146496815
-2,50,491.254997,0.52,0.5874113475177305
-10,50,492.981898,0.6,0.6331077270163564
-8,50,495.623379,0.58,0.6491499227202473
-8,50,497.329057,0.58,0.6513125792915
-4,50,499.071826,0.54,0.6051759648965702
-8,50,500.787429,0.58,0.6898556535685646
-8,50,502.59609,0.58,0.6560105930199565
-14,50,504.422586,0.64,0.7234278326715301
-12,50,506.989258,0.62,0.6971531258866925
-8,50,508.883782,0.58,0.6544117647058824
2,50,510.558869,0.48,0.5667054489044018
-8,50,512.305756,0.58,0.670214964861513
0,50,514.012428,0.5,0.5726595023719624
-2,50,515.697477,0.52,0.6009334889148191
-8,50,517.662288,0.58,0.6505539865305235
-10,50,520.132668,0.6,0.6597855839416058
-16,50,521.990019,0.66,0.7216627383758303
-18,50,523.858695,0.68,0.7417774086378738
-8,50,525.712225,0.58,0.6525904203323558
-18,50,527.637724,0.68,0.7276476101218369
-10,50,529.830463,0.6,0.7542780234570275
-10,50,532.17544,0.6,0.6000521784503
-6,50,533.969554,0.56,0.67802338326635
-10,50,535.799745,0.6,0.6361609405087666
-10,50,537.648732,0.6,0.700689935064935
-16,50,539.524344,0.66,0.7279710400847608
-8,50,541.983141,0.58,0.6734428199479271
-12,50,544.131219,0.62,0.6808025535795713
-6,50,545.965423,0.56,0.6243776140211114
0,50,547.688859,0.5,0.5924457222167145
-12,50,549.592814,0.62,0.6822486399355229
0,50,551.368495,0.5,0.6021278731305831
-18,50,554.024732,0.68,0.7990757855822551
-10,50,556.073136,0.6,0.6404584221748401
-14,50,557.97884,0.64,0.699921239170386
-16,50,559.871514,0.66,0.7720156555772995
4,50,561.730798,0.46,0.5421545667447307
-6,50,563.603288,0.56,0.6802623488419758
-14,50,566.484855,0.64,0.71456570155902
-10,50,568.378217,0.6,0.66810551558753
-16,50,570.382558,0.66,0.7108982263112966
-2,50,572.20662,0.52,0.5684829259190147
-14,50,574.141891,0.64,0.7627685995032933
-14,50,576.116501,0.64,0.7711821835231079
-6,50,578.913441,0.56,0.7166490333750121
-18,50,580.881022,0.68,0.7389558232931727
-10,50,582.777667,0.6,0.7404559435498462
-14,50,584.717422,0.64,0.6639519931418774
-12,50,586.757656,0.62,0.7245778267254038
-4,50,589.296845,0.54,0.633862029428626
-10,50,591.450248,0.6,0.7302379467070671
-8,50,593.368208,0.58,0.6459506879674947
-24,50,595.451905,0.74,0.7885144986230358
-12,50,597.428704,0.62,0.7455308099470688
-22,50,599.50219,0.72,0.7672669884886744
-14,50,602.321994,0.64,0.727162314565802
0,50,604.204645,0.5,0.5683890577507599
-8,50,606.1508,0.58,0.6559620952882338
-10,50,608.103639,0.6,0.7266260162601627
-8,50,610.082409,0.58,0.6866618896509367
-24,50,612.80112,0.74,0.8030073991566553
-2,50,614.919212,0.52,0.5972378804960541
-24,50,617.044461,0.74,0.8232586954597751
-14,50,619.090882,0.64,0.683594470046083
-8,50,622.002254,0.58,0.6400423168473949
-6,50,624.631495,0.56,0.6476229761781994
-2,50,626.818126,0.52,0.6753273533353954
-12,50,628.84232,0.62,0.7049563274426163
-12,50,630.903563,0.62,0.6545903336252886
-2,50,632.834179,0.52,0.5439265122642432
-8,50,634.844979,0.58,0.7117098657924393
-12,50,637.717675,0.62,0.7352600038662285
-10,50,639.759623,0.6,0.6426496223126089
2,50,641.658794,0.48,0.6677256792287467
-22,50,643.808647,0.72,0.8265357083402697
-8,50,645.808876,0.58,0.6604275621616662
6,50,648.6239,0.44,0.4945547073791349
4,50,650.510545,0.46,0.6172386431263638
-10,50,652.619691,0.6,0.6751347190146266
-14,50,654.702177,0.64,0.7072928874064726
2,50,656.665463,0.48,0.5858780464309796
0,50,658.592267,0.5,0.6443450965471321
-4,50,661.432562,0.54,0.6620033032157777
-8,50,663.420278,0.58,0.6407234858865443
-4,50,665.410716,0.54,0.6748447521123893
-10,50,667.4845,0.6,0.6990220272369985
-12,50,669.600458,0.62,0.6835915088927137
-16,50,672.53525,0.66,0.7581970482648583
-10,50,674.615998,0.6,0.7126926196269262
-2,50,676.610754,0.52,0.6397691798316147
-8,50,678.685626,0.58,0.6441173603665075
-4,50,680.690464,0.54,0.6576687116564417
-24,50,683.889264,0.74,0.763811502502597
-18,50,686.085098,0.68,0.669999180529378
-12,50,688.183433,0.62,0.7174483265134823
-14,50,690.311105,0.64,0.6642693350010423
-8,50,692.425114,0.58,0.6166033540257574
-2,50,695.060823,0.52,0.5815371674902744
-16,50,697.516294,0.66,0.6856026983845198
-4,50,699.599155,0.54,0.6133983938192539
-12,50,701.727186,0.62,0.7582518900977319
-10,50,703.843751,0.6,0.7449152542372881
-16,50,706.446274,0.66,0.7184756391702846
-8,50,709.022898,0.58,0.6747192201737656
-6,50,711.138514,0.56,0.6503900871959615
-22,50,713.416739,0.72,0.8020788592045357
-14,50,715.627272,0.64,0.7219816203654801
-10,50,718.151616,0.6,0.6963629684055841
-4,50,720.773766,0.54,0.6551329459411869
-10,50,722.875692,0.6,0.6792170002645269
-20,50,725.158298,0.7,0.7759697422816431
-8,50,727.278822,0.58,0.6868891432596637
6,50,729.417677,0.44,0.5800326663944467
-12,50,732.357161,0.62,0.7466314398943197
-2,50,734.504131,0.52,0.5600799162781848
-4,50,736.578911,0.54,0.6471207865168539
-10,50,738.718826,0.6,0.7438613384689456
-2,50,740.834896,0.52,0.6187683284457478
-6,50,743.900256,0.56,0.6651200142767912
-10,50,746.094915,0.6,0.7139547710976283
-2,50,748.191066,0.52,0.6238663484486874
-14,50,750.429352,0.64,0.6667252438274317
-4,50,752.575577,0.54,0.7295986303975651
-20,50,755.725639,0.7,0.728650539201399
-16,50,757.982415,0.66,0.7970541716093318
-16,50,760.251039,0.66,0.7474688310601624
-12,50,762.535588,0.62,0.6798794840410507
-12,50,764.969645,0.62,0.651467173316445
2,50,767.694378,0.48,0.4876154904658935
-10,50,769.922234,0.6,0.7069848156182212
-16,50,772.329679,0.66,0.7311053490828772
0,50,774.470804,0.5,0.671917327179693
-6,50,777.048447,0.56,0.6558970833742512
-12,50,779.779325,0.62,0.6781971621997589
-12,50,782.034687,0.62,0.7170716445927625
-14,50,784.305689,0.64,0.7187414996826548
-4,50,786.468561,0.54,0.6536866774833243
-10,50,789.332608,0.6,0.65660303856642
0,50,791.732908,0.5,0.6218776916451335
-12,50,793.985913,0.62,0.7358979676482788
2,50,796.083288,0.48,0.578467868338558
-12,50,798.394861,0.62,0.6863636363636364
-2,50,801.339882,0.52,0.6402200922967696
4,50,803.638979,0.46,0.6021782178217822
0,50,805.827713,0.5,0.5804541925465838
-16,50,808.194165,0.66,0.7537726631201824
-8,50,810.471288,0.58,0.6121934249434684
2,50,813.486843,0.48,0.5931748466257669
-14,50,815.854405,0.64,0.7553663296079475
-4,50,818.078052,0.54,0.635823754789272
0,50,820.260467,0.5,0.609526609820641
-14,50,822.614844,0.64,0.7437334420216017
-10,50,825.814573,0.6,0.6740590210284503
2,50,827.920656,0.48,0.5649702919142341
-10,50,830.24027,0.6,0.7030904014633677
-2,50,832.512796,0.52,0.6116895874263262
-6,50,834.855491,0.56,0.7603305785123967
-12,50,838.086715,0.62,0.7184170471841704
-2,50,840.292822,0.52,0.5832530352669107
-10,50,842.610891,0.6,0.6683103833271307
-8,50,844.898813,0.58,0.6978378859329122
-8,50,847.342498,0.58,0.708288249296689
-8,50,850.36285,0.58,0.6221092340495326
-14,50,852.732614,0.64,0.7375471698113207
-12,50,855.113503,0.62,0.6952970509844382
-8,50,857.421889,0.58,0.7150259067357513
-12,50,860.670287,0.62,0.7173231681490894
-10,50,863.049922,0.6,0.6279047061120875
-4,50,865.436438,0.54,0.6137727596378801
-8,50,867.78055,0.58,0.7243803181650018
-6,50,870.070448,0.56,0.5967712346358466
6,50,873.071787,0.44,0.5048830111902339
-8,50,875.514349,0.58,0.6385961322009618
12,50,877.681521,0.38,0.4567625430512892
-22,50,880.220196,0.72,0.75428177984336
-8,50,882.897008,0.58,0.6459823502090107
0,50,885.745614,0.5,0.6684733514001807
-10,50,888.143835,0.6,0.6972676562352274
4,50,890.394423,0.46,0.540120793787748
-18,50,892.958427,0.68,0.7445029983645285
0,50,896.233676,0.5,0.6044776119402985
-4,50,898.588324,0.54,0.6555595473324951
4,50,900.842881,0.46,0.5318712186689715
-10,50,903.21823,0.6,0.6869833772368062
-14,50,905.69014,0.64,0.6754425375146015
0,50,908.827734,0.5,0.656117945346981
-4,50,911.160781,0.54,0.6273077703388111
-8,50,913.570597,0.58,0.667740203972088
-8,50,915.951766,0.58,0.7458639255996085
-8,50,919.199938,0.58,0.6897003745318352
-6,50,921.735708,0.56,0.7019967620075553
-10,50,924.178109,0.6,0.7035
-6,50,926.638377,0.56,0.6039328213351338
-8,50,929.067433,0.58,0.6751637279596977
-12,50,932.407685,0.62,0.7427318167907784
-22,50,935.006093,0.72,0.7270309477756286
-4,50,937.505373,0.54,0.53928046989721
-6,50,939.940955,0.56,0.6592382866015161
-22,50,943.45278,0.72,0.7595907928388747
-14,50,945.955278,0.64,0.7305401956614207
-2,50,948.30381,0.52,0.5732559194411685
-4,50,950.650254,0.54,0.6241435562805873
2,50,952.98311,0.48,0.5670876807614864
-12,50,956.459562,0.62,0.6834866648081034
-10,50,958.980751,0.6,0.6803385984815429
-12,50,961.503361,0.62,0.7246150847787955
-8,50,963.967898,0.58,0.7336050037907506
-6,50,967.315168,0.56,0.6730112666439058
-12,50,969.882302,0.62,0.6802180541439526
-16,50,972.448815,0.66,0.8197292069632495
-10,50,974.976959,0.6,0.645030082196424
-10,50,978.348696,0.6,0.7148819218241043
-14,50,980.883328,0.64,0.7319271678384712
-4,50,983.358151,0.54,0.656101275461641
-4,50,985.879695,0.54,0.5680133432171979
-8,50,990.151643,0.58,0.6514290786437067
-10,50,992.654499,0.6,0.7134704230455657
-10,50,995.191507,0.6,0.6471454561205926
-6,50,997.714252,0.56,0.5728570276590598
2,50,1000.074439,0.48,0.5084125822970007
-16,50,1003.587003,0.66,0.7423713235294118
-22,50,1006.265777,0.72,0.7574387947269303
-10,50,1008.82367,0.6,0.6964570998966263
-10,50,1011.340798,0.6,0.6471661863592699
-18,50,1015.004032,0.68,0.7489833954591664
-8,50,1017.552562,0.58,0.6193600575229193
-2,50,1020.07848,0.52,0.5755356161875115
-14,50,1022.663598,0.64,0.7110913930789707
-6,50,1026.097749,0.56,0.6361017285912974
-12,50,1028.700023,0.62,0.7122874382885354
0,50,1031.155823,0.5,0.5452279859700941
-14,50,1033.876086,0.64,0.7546061149287919
18,50,1036.67794,0.32,0.3582685018950728
-14,50,1039.560295,0.64,0.7026760146143971
-14,50,1042.228678,0.64,0.6968969338751385
-6,50,1044.781671,0.56,0.6656230432060113
-8,50,1047.556129,0.58,0.6616257088846881
-2,50,1050.767448,0.52,0.6036742983751846
-4,50,1053.311511,0.54,0.5777259722369397
-8,50,1055.880338,0.58,0.7028263521756811
-12,50,1058.578461,0.62,0.7069339111592633
-6,50,1062.000046,0.56,0.6810438207779419
12,50,1064.284675,0.38,0.4967619806715154
-8,50,1066.842074,0.58,0.6758803855990557
-12,50,1069.524202,0.62,0.5987156122537534
-10,50,1073.003719,0.6,0.6563430613460393
-16,50,1075.757967,0.66,0.7157340985174557
-10,50,1078.353244,0.6,0.6951161234827488
0,50,1080.883451,0.5,0.6122970978848992
-4,50,1084.266003,0.54,0.593643937056464
-12,50,1086.920798,0.62,0.6381748071979434
-6,50,1089.539988,0.56,0.6929196499602227
-2,50,1092.082088,0.52,0.6144071938226957
-12,50,1095.116474,0.62,0.7155830003632401
-8,50,1098.225401,0.58,0.6311405015458605
-12,50,1100.892206,0.62,0.7370806890299184
-10,50,1103.638768,0.6,0.7185172046825116
-12,50,1106.573794,0.62,0.7060783430886988
-14,50,1109.977984,0.64,0.7233876475753732
-14,50,1112.696646,0.64,0.7442864149092693
-28,50,1115.638039,0.78,0.8680181336070482
2,50,1118.404809,0.48,0.5220522052205221
-24,50,1121.928914,0.74,0.8245448542590321
-24,50,1124.812661,0.74,0.7982932505818464
-16,50,1127.60428,0.66,0.7667161961367014
-18,50,1131.177139,0.68,0.7425588818911224
-6,50,1134.035195,0.56,0.6100341051875785
0,50,1136.625408,0.5,0.5647884651868715
-8,50,1139.330926,0.58,0.612855155970594
-8,50,1142.621494,0.58,0.7398724681170292
-4,50,1145.526982,0.54,0.6671520093185789
-10,50,1148.243557,0.6,0.6666368515205725
-8,50,1150.93649,0.58,0.6779352226720647
-8,50,1154.064932,0.58,0.6465903890160183
-8,50,1157.174698,0.58,0.644210331762314
-20,50,1160.04189,0.7,0.8139992503748126
-8,50,1162.752552,0.58,0.6722767648433847
-8,50,1165.976732,0.58,0.6804500148031185
-4,50,1169.034501,0.54,0.6237997626496925
-10,50,1171.76842,0.6,0.6366714549558793
-8,50,1174.553724,0.58,0.66396484375
-16,50,1178.036235,0.66,0.8098402936216645
-10,50,1181.063408,0.6,0.6439387070450631
2,50,1183.689647,0.48,0.6114063777596075
2,50,1186.293838,0.48,0.5452576482266943
0,50,1189.26487,0.5,0.6169689517368583
-10,50,1192.557505,0.6,0.6471311475409836
-6,50,1195.337459,0.56,0.6391643991924866
-16,50,1198.267331,0.66,0.7635159010600707
-10,50,1201.903646,0.6,0.6520143072289156
-14,50,1204.858608,0.64,0.7614850150368143
-8,50,1207.604982,0.58,0.6605070108645186
-12,50,1210.487022,0.62,0.6415633086463818
-14,50,1214.263762,0.64,0.6882797399402566
-6,50,1217.035393,0.56,0.6319516570673213
6,50,1219.652699,0.44,0.5246112797865489
-8,50,1222.46639,0.58,0.6427279772668562
-10,50,1226.206555,0.6,0.6509227674276218
-4,50,1228.984969,0.54,0.6126738794435858
-12,50,1231.816442,0.62,0.6549941474834179
-8,50,1234.71074,0.58,0.716323731138546
-14,50,1238.466493,0.64,0.7025339043540328
-20,50,1241.465014,0.7,0.8022767565550061
-8,50,1244.340014,0.58,0.6712341449865753
10,50,1246.908091,0.4,0.47016985138004247
-18,50,1250.760874,0.68,0.7566073102155576
0,50,1253.521883,0.5,0.5960052760504994
-12,50,1256.462097,0.62,0.732523616734143
-10,50,1259.493247,0.6,0.707665252922313
-16,50,1263.17204,0.66,0.7805496828752643
-6,50,1265.990818,0.56,0.6821705426356589
-10,50,1268.867955,0.6,0.6484731906708343
-16,50,1272.704662,0.66,0.699614230604372
-16,50,1275.654689,0.66,0.7134683098591549
-8,50,1278.568858,0.58,0.610202037067958
-10,50,1281.487296,0.6,0.6941298603246508
-8,50,1285.318463,0.58,0.6754273504273505
-10,50,1288.227439,0.6,0.6063434448189439
-12,50,1291.14706,0.62,0.7016302400573271
-12,50,1294.121032,0.62,0.7435269748611242
-6,50,1297.900146,0.56,0.6122305323361197
-16,50,1300.949509,0.66,0.7033140942096444
-14,50,1303.986934,0.64,0.717694021537319
-8,50,1307.442744,0.58,0.6134948392049817
-10,50,1310.649676,0.6,0.7027961043041157
-20,50,1313.792343,0.7,0.7178262436914203
-14,50,1316.857852,0.64,0.7371163867979155
-8,50,1320.623757,0.58,0.6742443593018306
-2,50,1323.422133,0.52,0.6867411364740165
-2,50,1326.216926,0.52,0.6147302904564316
-14,50,1329.254644,0.64,0.757653528872594
-18,50,1333.172465,0.68,0.7343763657022988
-8,50,1336.119524,0.58,0.6803913970160822
-2,50,1338.938585,0.52,0.5908571428571429
2,50,1341.844754,0.48,0.5917847652790079
-4,50,1345.491779,0.54,0.6514285714285715
-12,50,1348.54923,0.62,0.7400513478818999
2,50,1351.297182,0.48,0.5973222530009233
-4,50,1355.669242,0.54,0.6130940240668978
-10,50,1358.920231,0.6,0.6940305329554803
-14,50,1361.944497,0.64,0.7608359929990735
-14,50,1365.045926,0.64,0.7379427737699603
-16,50,1369.067029,0.66,0.7539918306721128
-8,50,1372.000671,0.58,0.6650285040298801
-20,50,1375.280343,0.7,0.7659653008490218
-12,50,1378.665387,0.62,0.7031840917408808
-6,50,1382.20819,0.56,0.6287272107684444
2,50,1385.010706,0.48,0.5816129032258065
-8,50,1388.008112,0.58,0.6305620608899297
-6,50,1391.810995,0.56,0.6222323462414578
-26,50,1395.082928,0.76,0.8898140138408305
-12,50,1398.098621,0.62,0.6973228043143297
0,50,1401.008604,0.5,0.5521723646723646
-10,50,1404.951575,0.6,0.7199367088607594
-4,50,1407.898978,0.54,0.6258715787282756
-10,50,1410.919508,0.6,0.7139280125195618
-4,50,1414.298144,0.54,0.6113807704223898
-6,50,1417.667679,0.56,0.6519956850053937
-4,50,1420.741491,0.54,0.6436835230453443
-8,50,1423.744865,0.58,0.6362835324065009
-6,50,1427.607532,0.56,0.6252741228070176
-22,50,1430.885283,0.72,0.8466720289563644
-18,50,1434.153565,0.68,0.7432974648914827
-10,50,1437.613176,0.6,0.6418877506347955
2,50,1441.035884,0.48,0.5903111966634584
-16,50,1444.250306,0.66,0.7215940178734269
-12,50,1447.352088,0.62,0.691333732569082
-14,50,1451.415168,0.64,0.7544549026775107
-6,50,1454.448384,0.56,0.6676353773127967
-12,50,1457.567629,0.62,0.7202536367027229
4,50,1460.45109,0.46,0.49125527698802446
0,50,1464.352755,0.5,0.5663068238090522
-22,50,1467.702687,0.72,0.7488515983875504
-16,50,1470.91548,0.66,0.7040782216279459
0,50,1474.737139,0.5,0.5613908004346251
-14,50,1477.871798,0.64,0.6893977103036336
-2,50,1480.991251,0.52,0.6645962732919255
-2,50,1483.956326,0.52,0.6029239766081871
-2,50,1487.804906,0.52,0.5977491377745507
-4,50,1490.845583,0.54,0.664609469850263
-8,50,1493.971719,0.58,0.7232482863670983
-8,50,1497.978488,0.58,0.6887342678808963
-12,50,1501.139592,0.62,0.780355472404116
-16,50,1504.364614,0.66,0.7400702800553721
-10,50,1507.491772,0.6,0.6988338192419825
-10,50,1511.55103,0.6,0.6562683931724543
-6,50,1514.656699,0.56,0.6091269841269841
-16,50,1517.861783,0.66,0.7297840281265696
-4,50,1521.796156,0.54,0.59451281016744
-6,50,1524.974267,0.56,0.5931551804969526
-4,50,1528.091267,0.54,0.5672082717872969
-18,50,1531.667263,0.68,0.7459716474421062
-10,50,1535.458154,0.6,0.6649611694837826
-8,50,1538.64982,0.58,0.6542358450404427
-20,50,1542.034716,0.7,0.8293552812071331
0,50,1545.957867,0.5,0.5813775510204081
-10,50,1549.12529,0.6,0.6635825014203393
-8,50,1552.272832,0.58,0.7025533035009213
-12,50,1556.46783,0.62,0.684349613389449
-8,50,1559.681122,0.58,0.6239733268276816
-16,50,1563.024691,0.66,0.7844323058915333
-8,50,1566.216217,0.58,0.7080351481112419
-14,50,1570.387635,0.64,0.6941814595660749
-18,50,1573.815249,0.68,0.763880140376136
-12,50,1577.044944,0.62,0.7454528319668269
-12,50,1581.187633,0.62,0.7095255020437178
-8,50,1584.485218,0.58,0.6236568096626406
-6,50,1587.678247,0.56,0.6700655498907502
2,50,1591.451534,0.48,0.5976960956735843
-6,50,1594.740591,0.56,0.6137535816618911
-18,50,1598.120064,0.68,0.7728508484109872
-2,50,1601.283796,0.52,0.6707731108739936
6,50,1605.154281,0.44,0.5548916436279319
-2,50,1608.235634,0.52,0.6500046628741957
-10,50,1611.552746,0.6,0.6870282081843464
-4,50,1615.637606,0.54,0.6296707994869603
-14,50,1619.016826,0.64,0.7433192686357243
-8,50,1622.297698,0.58,0.7109677419354838
-4,50,1625.724026,0.54,0.5859800789325315
-4,50,1629.586693,0.54,0.583959115561118
-16,50,1632.964008,0.66,0.8073987081620669
-4,50,1636.13413,0.54,0.6102067751869775
-4,50,1640.147424,0.54,0.5640537194018478
-6,50,1643.408787,0.56,0.679002726918582
0,50,1646.612733,0.5,0.6410499683744465
-10,50,1650.753284,0.6,0.6920901377611531
-12,50,1654.036895,0.62,0.670489006823351
4,50,1657.112975,0.46,0.5490178163544998
-14,50,1660.49218,0.64,0.7161588180978763
-10,50,1664.712206,0.6,0.6676991578743587
-14,50,1668.128788,0.64,0.7359426193217037
-6,50,1671.377007,0.56,0.6700570342205323
-6,50,1675.57266,0.56,0.5873477549536448
-14,50,1678.967005,0.64,0.7241247002398081
-4,50,1682.225579,0.54,0.5707897144018701
-20,50,1686.669293,0.7,0.801693447512749
-8,50,1689.946025,0.58,0.6529005927509475
-8,50,1693.234324,0.58,0.6356109725685786
-10,50,1697.606762,0.6,0.7057919508212468
-12,50,1701.031134,0.62,0.6665762589277642
-18,50,1704.663666,0.68,0.8041745730550285
-10,50,1708.622346,0.6,0.6840972871842844
-6,50,1712.252814,0.56,0.6632850241545893
-8,50,1715.541242,0.58,0.7419890075702582
-8,50,1718.913942,0.58,0.618023976849938
-14,50,1724.108913,0.64,0.6683799733485627
-6,50,1727.471356,0.56,0.6849221789883269
-22,50,1731.029546,0.72,0.8015673374613003
-14,50,1735.421774,0.64,0.7783509586450005
-14,50,1738.911939,0.64,0.7657857575146257
-6,50,1742.192179,0.56,0.6951972095519184
-2,50,1746.283026,0.52,0.5546395529907484
-4,50,1749.549242,0.54,0.6466919739696312
-6,50,1752.812922,0.56,0.6373665480427047
-6,50,1757.062093,0.56,0.5958423073321472
-6,50,1760.351173,0.56,0.5901360544217688
-6,50,1763.747121,0.56,0.6214125978382408
-12,50,1768.032261,0.62,0.7530934703978679
-16,50,1771.647799,0.66,0.7294342716589232
-4,50,1774.916733,0.54,0.5819479665633511
-18,50,1779.030503,0.68,0.7889417938004081
-16,50,1783.008941,0.66,0.6870843870000937
-16,50,1786.634287,0.66,0.7274454800470546
4,50,1789.767372,0.46,0.5554715554715555
-10,50,1794.090162,0.6,0.6590889594235223
-8,50,1797.501566,0.58,0.6295517537991016
-10,50,1801.027049,0.6,0.7139092240117131
-12,50,1805.35438,0.62,0.7272977435332967
-6,50,1808.710754,0.56,0.6787721573713792
-2,50,1811.995302,0.52,0.5922733725410667
-16,50,1816.449235,0.66,0.7376470588235294
-12,50,1819.966701,0.62,0.7009490406436971
-8,50,1823.542928,0.58,0.6588923991823081
-2,50,1827.72549,0.52,0.6372828114263277
10,50,1830.808896,0.4,0.528201068672076
0,50,1834.047455,0.5,0.5753223437244981
-14,50,1838.208693,0.64,0.7144510729231591
-14,50,1842.010579,0.64,0.683046683046683
-6,50,1845.390391,0.56,0.6635057471264367
-10,50,1849.012595,0.6,0.6868043002568738
0,50,1853.071637,0.5,0.5144148669010548
2,50,1856.411696,0.48,0.5775919414615603
-6,50,1859.859124,0.56,0.6603693663165029
-10,50,1864.318538,0.6,0.6643915756630265
-10,50,1867.928372,0.6,0.6525750202757502
-18,50,1871.602552,0.68,0.7481352560914968
-4,50,1875.885104,0.54,0.659542835904107
-16,50,1879.503993,0.66,0.7906737688066536
-4,50,1882.932849,0.54,0.6524841673356525
-10,50,1887.387537,0.6,0.71186757691948
-12,50,1891.001804,0.62,0.7086205268624304
-2,50,1894.331141,0.52,0.6360378297660527
-8,50,1898.719126,0.58,0.6958412098298676
-12,50,1902.266168,0.62,0.694980333395767
0,50,1905.592113,0.5,0.571670653907496
-4,50,1909.977221,0.54,0.6010230179028133
-8,50,1913.496988,0.58,0.6706903679206283
-8,50,1917.042017,0.58,0.6510976179355441
-10,50,1921.456754,0.6,0.675520973079331
-2,50,1924.810409,0.52,0.6390442779937423
-10,50,1928.392359,0.6,0.6802824454772971
-18,50,1932.964341,0.68,0.8159509202453987
-16,50,1936.695894,0.66,0.6991901272657154
0,50,1940.039954,0.5,0.6301161241195508
-16,50,1944.649414,0.66,0.6989454301975226
-2,50,1948.12716,0.52,0.6065899852979331
-10,50,1951.705225,0.6,0.6378949371907119
-16,50,1956.088732,0.66,0.7463074779377613
-4,50,1959.761763,0.54,0.6885030786312708
-18,50,1963.527595,0.68,0.7761818181818182
0,50,1967.404412,0.5,0.5536609829488466
-4,50,1971.395529,0.54,0.6851906591782442
-10,50,1975.085061,0.6,0.7041567040647416
-8,50,1979.16044,0.58,0.6273888605007665
0,50,1982.996273,0.5,0.5887964278465597
-8,50,1986.53604,0.58,0.6536854103343465
2,50,1989.943375,0.48,0.5079840319361277
-6,50,1994.352458,0.56,0.6477208778840743
-16,50,1998.081116,0.66,0.7155587887605711
4,50,2001.477863,0.46,0.5473966720343532
-4,50,2005.967541,0.54,0.6506881822496441
-12,50,2009.603463,0.62,0.7796817625458996
-20,50,2013.430935,0.7,0.7377747486795024
0,50,2017.75071,0.5,0.6178337913389558
-22,50,2021.712482,0.72,0.7507841459937268
-8,50,2025.307531,0.58,0.6457891338437414
-4,50,2029.755846,0.54,0.5944247062038809
-2,50,2033.314477,0.52,0.6134182267414235
-4,50,2036.975037,0.54,0.6351968886728245
-4,50,2041.369623,0.54,0.6646296296296297
-6,50,2044.91862,0.56,0.7111894638597946
-10,50,2048.542108,0.6,0.7034051984686681
-12,50,2053.194482,0.62,0.7278580128762833
-18,50,2057.182656,0.68,0.6989878908367974
-16,50,2061.27067,0.66,0.740744247703816
-4,50,2065.639166,0.54,0.6369610225942929
-12,50,2069.408003,0.62,0.6988323213451658
-16,50,2073.885545,0.66,0.730386644753914
-10,50,2077.843702,0.6,0.6846829640947288
-12,50,2081.58772,0.62,0.6855687322532154
-14,50,2086.270074,0.64,0.6691310609697552
8,50,2089.609283,0.42,0.5402627070245574
-16,50,2094.386023,0.66,0.7480653482373173
-16,50,2099.280197,0.66,0.761719946890001
-14,50,2103.064594,0.64,0.7847425173838557
-6,50,2106.719122,0.56,0.608761943484448
-16,50,2111.543864,0.66,0.715965398505081
-12,50,2115.302882,0.62,0.6603043590404952
-14,50,2119.133427,0.64,0.7206361015530549
0,50,2123.537511,0.5,0.6078619367209971
-2,50,2127.270233,0.52,0.5534668721109399
-12,50,2130.984718,0.62,0.6869367232710369
-4,50,2135.507394,0.54,0.6765923200735802
-8,50,2139.241204,0.58,0.7030490086045642
-14,50,2143.060599,0.64,0.7639938108673887
-12,50,2147.749215,0.62,0.691653652611487
-4,50,2151.399891,0.54,0.6071339069417759
0,50,2155.083796,0.5,0.5512036306235202
2,50,2159.519127,0.48,0.6212105952261053
-22,50,2163.534526,0.72,0.8285485021398002
-12,50,2167.859347,0.62,0.7648050788612241
-8,50,2172.053009,0.58,0.6756686798964625
-16,50,2175.987542,0.66,0.7429606454799934
-16,50,2180.815629,0.66,0.7339241752831117
-6,50,2184.733984,0.56,0.6713689648321081
-14,50,2188.68141,0.64,0.6539641690586955
-10,50,2193.355279,0.6,0.6475367772836127
-14,50,2197.215393,0.64,0.7233656174334141
-20,50,2201.220582,0.7,0.7527522107922757
-8,50,2205.798183,0.58,0.722497893455669
-8,50,2209.575305,0.58,0.6712856043110085
-8,50,2213.334287,0.58,0.6758093105700158
-2,50,2217.963814,0.52,0.6171953930086886
-8,50,2221.730601,0.58,0.6302096279724915
-4,50,2225.425567,0.54,0.5938518357592875
-2,50,2229.911069,0.52,0.634197199880846
-8,50,2233.713545,0.58,0.7057082856051928
-16,50,2237.840649,0.66,0.7851627137341423
-2,50,2242.200759,0.52,0.624676285608583
-10,50,2246.122107,0.6,0.6813987372510928
2,50,2250.58658,0.48,0.543471911206309
-6,50,2254.66028,0.56,0.5962001853568119
22,50,2257.896649,0.28,0.29539473684210527
24,50,2261.034805,0.26,0.32709139018929373
0,50,2265.664501,0.5,0.6298011441024244
24,50,2268.838383,0.26,0.29136096845194426
24,50,2272.100972,0.26,0.32018223234624144
18,50,2276.287475,0.32,0.36148751910341315
18,50,2279.644582,0.32,0.35570469798657717
14,50,2283.008166,0.36,0.4551183938057081
18,50,2287.224444,0.32,0.36924013215093027
36,50,2290.08923,0.14,0.1901655306718598
14,50,2293.624289,0.36,0.3960665658093797
16,50,2297.680539,0.34,0.42118512780790085
26,50,2300.941725,0.24,0.2763261296660118
18,50,2304.347904,0.32,0.33708079268292684
12,50,2307.845669,0.38,0.46686303387334316
8,50,2312.223103,0.42,0.4366677492692433
8,50,2315.754253,0.42,0.4946975053024947
6,50,2319.373901,0.44,0.5241075794621027
6,50,2323.823036,0.44,0.48440811383590676
8,50,2327.367725,0.42,0.4812385200734715
10,50,2330.878775,0.4,0.5137703646237394
10,50,2335.299109,0.4,0.4754495699765442
12,50,2338.814824,0.38,0.42336819329246306
14,50,2342.240559,0.36,0.44935212333301805
18,50,2346.480815,0.32,0.3779314210968887
20,50,2349.80255,0.3,0.3105805243445693
8,50,2353.482798,0.42,0.45309830020685316
4,50,2357.970816,0.46,0.5312191915872494
14,50,2361.392735,0.36,0.4205915599095705
10,50,2365.06788,0.4,0.4796535990315672
6,50,2369.636866,0.44,0.42759286058851903
20,50,2372.931354,0.3,0.368664563617245
2,50,2376.645777,0.48,0.519404332129964
10,50,2381.053909,0.4,0.49569583931133426
18,50,2384.469855,0.32,0.3875108580252871
22,50,2387.777735,0.28,0.3712311557788945
22,50,2391.831722,0.28,0.35359760159893405
22,50,2395.261207,0.28,0.30810550789705765
16,50,2398.743709,0.34,0.4415393654524089
24,50,2401.969025,0.26,0.3284132841328413
4,50,2406.51634,0.46,0.45629854477278814
18,50,2409.894813,0.32,0.39392020265991134
12,50,2413.480422,0.38,0.47030742791674623
20,50,2417.729448,0.3,0.39747754634053123
6,50,2421.42268,0.44,0.4536552983154925
2,50,2425.230648,0.48,0.59765625
-2,50,2429.99209,0.52,0.6537281097671059
10,50,2433.623357,0.4,0.4289024285591693
16,50,2437.044592,0.34,0.39916952518505144
12,50,2441.410403,0.38,0.46143907771814746
20,50,2444.750886,0.3,0.3630967967181636
6,50,2448.382614,0.44,0.5315929758544998
-2,50,2453.129825,0.52,0.5643251135626217
12,50,2456.682324,0.38,0.45879669232962644
16,50,2460.141832,0.34,0.4426973087390384
10,50,2465.52321,0.4,0.49745361949799927
-2,50,2469.383782,0.52,0.5585271682832659
16,50,2472.771937,0.34,0.38374948833401556
12,50,2477.143807,0.38,0.47629977048198785
18,50,2480.545805,0.32,0.3533921042545036
20,50,2484.047141,0.3,0.42526239594643506
12,50,2488.60267,0.38,0.48696901292838085
22,50,2491.911567,0.28,0.3339733040775279
8,50,2495.562946,0.42,0.522157054415119
18,50,2499.878306,0.32,0.39847809948032664
4,50,2503.623888,0.46,0.5416026741349715
12,50,2507.172207,0.38,0.4575941398649422
16,50,2511.595682,0.34,0.36376439400215393
-6,50,2515.671446,0.56,0.6007257839397041
10,50,2519.264956,0.4,0.4178916827852998
20,50,2523.514425,0.3,0.34280503023903236
22,50,2526.836491,0.28,0.40239775693705887
8,50,2530.588372,0.42,0.5082813717848792
6,50,2535.175327,0.44,0.47509499845948444
6,50,2538.882152,0.44,0.5399872623055227
8,50,2542.498795,0.42,0.5164628410159925
-6,50,2547.510388,0.56,0.5930995152552039
16,50,2550.973764,0.34,0.42296511627906974
4,50,2554.754766,0.46,0.5663758771098046
30,50,2558.779587,0.2,0.18067460759211845
6,50,2562.501584,0.44,0.5053331001923413
8,50,2566.139495,0.42,0.44495827887805367
8,50,2570.686334,0.42,0.504950495049505
8,50,2574.429158,0.42,0.5592797783933517
0,50,2578.437668,0.5,0.6068628355317776
0,50,2583.111684,0.5,0.5208960510005313
24,50,2586.428771,0.26,0.38262611546166453
8,50,2590.219322,0.42,0.4627277203348104
14,50,2594.693609,0.36,0.47594412829798244
4,50,2598.466681,0.46,0.48883330355547616
-4,50,2602.476105,0.54,0.6281285322137897
0,50,2607.311874,0.5,0.5880975452196382
20,50,2610.735523,0.3,0.364063417498532
0,50,2614.59522,0.5,0.6309911586784551
-2,50,2619.469862,0.52,0.6219589591707214
2,50,2623.301196,0.48,0.5106082036775106
22,50,2626.93568,0.28,0.32007867282367025
8,50,2631.232729,0.42,0.5256716967243283
12,50,2634.979135,0.38,0.45422630299756955
10,50,2639.136397,0.4,0.481564524165421
12,50,2643.09752,0.38,0.5155638214565388
10,50,2646.736056,0.4,0.4799870884441575
4,50,2651.447302,0.46,0.571267181321785
6,50,2655.302785,0.44,0.5066825572486592
2,50,2659.162125,0.48,0.5285753102074088
26,50,2663.145834,0.24,0.29050902453863314
6,50,2667.182486,0.44,0.48604651162790696
-6,50,2671.271905,0.56,0.6069237109625424
14,50,2675.809769,0.36,0.4097840458351697
0,50,2679.780297,0.5,0.6138426249127357
18,50,2683.265406,0.32,0.3606572858626877
16,50,2687.652183,0.34,0.49557522123893805
6,50,2691.442187,0.44,0.5559117135268797
10,50,2695.169686,0.4,0.47514633466505624
14,50,2699.701086,0.36,0.41091375206006225
2,50,2703.550186,0.48,0.5646006505240333
10,50,2707.24328,0.4,0.4953305594082293
12,50,2711.788282,0.38,0.5221951477910796
18,50,2715.31926,0.32,0.37630112501314267
6,50,2719.10879,0.44,0.49489710557135685
16,50,2723.576224,0.34,0.36735658255363385
8,50,2727.388535,0.42,0.5589748975947905
8,50,2731.169622,0.42,0.5109143508372053
12,50,2735.715425,0.38,0.5034309461679713
22,50,2739.228228,0.28,0.3450684014158615
12,50,2742.969358,0.38,0.4666337611056269
2,50,2747.792577,0.48,0.5995162753199638
12,50,2751.510963,0.38,0.43195386016391785
-6,50,2755.891648,0.56,0.6896024464831805
12,50,2760.438161,0.38,0.4699596963164308
8,50,2764.261557,0.42,0.4374539198820349
14,50,2768.212271,0.36,0.4735772357723577
8,50,2772.582645,0.42,0.4907026815423762
2,50,2776.568133,0.48,0.5642775881683731
6,50,2781.301465,0.44,0.4827553534205041
-4,50,2785.491156,0.54,0.5945359146010494
12,50,2789.257387,0.38,0.4245670237260987
0,50,2794.123576,0.5,0.5717414072169856
4,50,2798.111112,0.46,0.509612919764163
24,50,2801.488402,0.26,0.3195535815966291
20,50,2805.919951,0.3,0.3868391792176286
6,50,2809.748741,0.44,0.5424903011269167
10,50,2813.594092,0.4,0.5316506814740031
2,50,2818.452057,0.48,0.6195417651289428
20,50,2821.975443,0.3,0.39984070091596974
10,50,2825.778292,0.4,0.5051515751931841
18,50,2830.277828,0.32,0.28882805096346215
4,50,2834.290468,0.46,0.563235738001811
16,50,2839.582247,0.34,0.43974112296659085
14,50,2843.415098,0.36,0.471505376344086
18,50,2847.112687,0.32,0.4144108280254777
8,50,2851.82968,0.42,0.5248483751244681
14,50,2855.479535,0.36,0.4380994280686318
14,50,2859.174551,0.36,0.442239546420978
8,50,2863.89668,0.42,0.506226526981617
18,50,2867.462423,0.32,0.3893968871595331
8,50,2871.350941,0.42,0.481147393108425
22,50,2875.814423,0.28,0.38737681839511967
16,50,2879.530201,0.34,0.42621429308033415
8,50,2883.344258,0.42,0.42940216282391347
12,50,2887.953119,0.38,0.5361309747835905
12,50,2891.783996,0.38,0.48287955699123214
30,50,2895.144471,0.2,0.2895958228582479
14,50,2899.686875,0.36,0.49437755000497563
18,50,2903.28636,0.32,0.41089720946661956
8,50,2907.190503,0.42,0.5171614896172988
12,50,2911.887411,0.38,0.49152228296117856
-8,50,2916.13703,0.58,0.6485379027751909
10,50,2920.009146,0.4,0.5294680443934175
22,50,2924.414576,0.28,0.3315139327779374
10,50,2928.278496,0.4,0.5197009496868055
10,50,2932.095124,0.4,0.5437313576445685
8,50,2936.907555,0.42,0.4573604569596152
-2,50,2941.049913,0.52,0.62031905961377
8,50,2945.828094,0.42,0.5598533455545371
8,50,2949.714811,0.42,0.4679186228482003
14,50,2953.435192,0.36,0.520990764063812
0,50,2958.412825,0.5,0.6088817040699885
22,50,2961.956903,0.28,0.3749517188103515
22,50,2965.631526,0.28,0.3746777163904236
22,50,2970.080086,0.28,0.3060386011847888
6,50,2973.967333,0.44,0.48646280557259264
16,50,2977.646985,0.34,0.40249091852620655
12,50,2982.293536,0.38,0.4722723755481042
16,50,2986.10112,0.34,0.3762185117266673
18,50,2989.812728,0.32,0.4015637530072173
-2,50,2994.958605,0.52,0.5505996385740102
8,50,2998.928203,0.42,0.4088764802156542
10,50,3002.851907,0.4,0.4535605148624873
4,50,3007.686246,0.46,0.5471884248602433
6,50,3011.708347,0.44,0.551807482135351
18,50,3016.168895,0.32,0.46094193304331377
16,50,3020.023079,0.34,0.3739873001970659
16,50,3023.804676,0.34,0.42912924638812966
16,50,3028.467043,0.34,0.4364931846344486
-2,50,3032.618062,0.52,0.5938408896492728
6,50,3036.582643,0.44,0.45851567384120745
-2,50,3041.563857,0.52,0.5750986143420653
8,50,3045.540831,0.42,0.5023875845602865
12,50,3049.366263,0.38,0.4571046855615994
14,50,3054.069856,0.36,0.4149545895423684
-2,50,3058.279289,0.52,0.5612223828205658
12,50,3062.859663,0.38,0.4272197161403895
8,50,3066.97374,0.42,0.4730443974630021
4,50,3071.073261,0.46,0.5127726468854392
12,50,3075.820535,0.38,0.49476388065599686
10,50,3079.747448,0.4,0.46498019445444727
18,50,3083.540736,0.32,0.4135933147632312
0,50,3088.690606,0.5,0.5934103846817319
10,50,3092.571936,0.4,0.4816450455423682
8,50,3096.594298,0.42,0.48698148698148697
8,50,3101.457535,0.42,0.4873074606316152
8,50,3105.468886,0.42,0.44880531355128095
18,50,3109.699089,0.32,0.37777356343637397
8,50,3114.152553,0.42,0.5028159911365525
22,50,3117.768418,0.28,0.37571312143439284
2,50,3122.803589,0.48,0.5628623188405797
16,50,3126.538164,0.34,0.41116195781933945
12,50,3130.481364,0.38,0.4461069796613207
12,50,3135.188734,0.38,0.43653465346534653
10,50,3139.175888,0.4,0.4713184502953249
12,50,3143.123595,0.38,0.4850867678958785
12,50,3147.968092,0.38,0.5046417759838547
14,50,3151.765486,0.36,0.4304937076476283
10,50,3155.728449,0.4,0.5039950191968455
16,50,3160.417058,0.34,0.4103223436495546
20,50,3164.112943,0.3,0.4212130768422159
16,50,3168.118833,0.34,0.41637143389893716
6,50,3172.797138,0.44,0.5511500336829949
4,50,3176.959536,0.46,0.550473022143674
12,50,3181.728393,0.38,0.4567011204725093
8,50,3185.683083,0.42,0.5420966341980905
4,50,3189.771667,0.46,0.527507215007215
8,50,3195.513557,0.42,0.4691358024691358
-2,50,3199.75846,0.52,0.6506195025063842
10,50,3203.793029,0.4,0.49916346816258245
12,50,3208.648769,0.38,0.35760190965846494
16,50,3212.403434,0.34,0.36686548562271876
10,50,3217.224231,0.4,0.47930514933971463
20,50,3220.9636,0.3,0.33455358958714665
0,50,3225.224117,0.5,0.5637740244612697
6,50,3230.152496,0.44,0.5208121827411167
18,50,3233.976705,0.32,0.43941234949740415
10,50,3238.089323,0.4,0.4455210411323264
16,50,3242.851896,0.34,0.42286617492096945
10,50,3246.794395,0.4,0.5330037801686537
6,50,3251.190018,0.44,0.5276427982029889
8,50,3255.947376,0.42,0.5153603781016148
10,50,3259.951956,0.4,0.47132815390307065
12,50,3264.865714,0.38,0.41840876801298965
10,50,3268.975692,0.4,0.45547979049313175
14,50,3272.861002,0.36,0.4457917261055635
2,50,3277.960416,0.48,0.5385614849187935
16,50,3281.822167,0.34,0.4455570678592261
2,50,3286.05419,0.48,0.5245934153113844
0,50,3291.206928,0.5,0.6123031736966631
16,50,3295.290621,0.34,0.4143184307477845
0,50,3300.534621,0.5,0.5870200544190265
24,50,3304.210366,0.26,0.3440889869461298
6,50,3308.354835,0.44,0.4822429906542056
6,50,3313.46249,0.44,0.4949181739879414
-4,50,3317.907475,0.54,0.6366912957289602
10,50,3322.52704,0.4,0.4597069597069597
12,50,3327.122578,0.38,0.4461734461734462
8,50,3331.280413,0.42,0.5042163419598721
8,50,3336.234538,0.42,0.4973454683352294
16,50,3340.149593,0.34,0.3565844858689116
8,50,3344.198231,0.42,0.5603246167718665
6,50,3349.264373,0.44,0.43426168372609697
12,50,3353.280715,0.38,0.4814884420221763
10,50,3358.086881,0.4,0.4624271937362742
6,50,3362.406348,0.44,0.4962998102466793
2,50,3366.672358,0.48,0.5792861322410766
14,50,3371.446841,0.36,0.4571764493081306
14,50,3375.450979,0.36,0.41125073630473197
20,50,3379.174498,0.3,0.4497136541746207
6,50,3384.237241,0.44,0.5169242438608135
10,50,3388.342658,0.4,0.5449808278438698
12,50,3392.687476,0.38,0.4456490996511738
18,50,3397.048763,0.32,0.4033013844515442
2,50,3401.349961,0.48,0.5556806550665302
10,50,3406.28622,0.4,0.46364271980423005
12,50,3410.311687,0.38,0.49054276315789475
12,50,3414.322947,0.38,0.5054488363502032
0,50,3419.714636,0.5,0.5642214860388074
-4,50,3424.170734,0.54,0.5920163584637269
20,50,3428.559689,0.3,0.3614720864954777
18,50,3432.614092,0.32,0.4109504132231405
0,50,3436.994477,0.5,0.6539267538169843
12,50,3441.84813,0.38,0.45644834571235654
18,50,3445.804725,0.32,0.4320489029581923
10,50,3450.041932,0.4,0.5742390926976044
8,50,3455.058942,0.42,0.46730324074074076
16,50,3458.96402,0.34,0.36826185589283783
6,50,3463.925956,0.44,0.5130634510479471
14,50,3468.213102,0.36,0.4269158878504673
10,50,3472.380634,0.4,0.40446562527579205
6,50,3477.534107,0.44,0.5506920726226856
0,50,3481.993079,0.5,0.5924025564857323
2,50,3486.623445,0.48,0.5586504872219158
6,50,3491.550578,0.44,0.48813525805813723
10,50,3495.719404,0.4,0.47665706051873197
16,50,3500.555617,0.34,0.40270758122743683
6,50,3504.814857,0.44,0.46814893241574024
12,50,3508.956631,0.38,0.43572744014732967
4,50,3514.129162,0.46,0.5023519163763066
12,50,3518.220795,0.38,0.42123353064731717
10,50,3523.299712,0.4,0.46016911437472185
10,50,3527.502666,0.4,0.5229078613693998
10,50,3531.652395,0.4,0.5308506754289887
0,50,3537.147886,0.5,0.5879406483319157
6,50,3541.57851,0.44,0.5629403040415276
2,50,3547.815201,0.48,0.5840445602371754
10,50,3552.082952,0.4,0.5080536308827499
2,50,3556.550218,0.48,0.5626864322516496
4,50,3561.819708,0.46,0.5178001679261125
14,50,3566.064404,0.36,0.5047609501854264
4,50,3571.392884,0.46,0.5714670981661273
16,50,3575.459684,0.34,0.4175415155564039
8,50,3579.653921,0.42,0.4765837720094391
18,50,3584.49035,0.32,0.3838621229925578
-6,50,3589.057052,0.56,0.6801261187957689
16,50,3593.996168,0.34,0.3886352598348713
6,50,3598.389614,0.44,0.4754720654078256
12,50,3602.707463,0.38,0.4531967840735069
8,50,3607.886412,0.42,0.5214178731902147
0,50,3612.494517,0.5,0.5408867890241686
-2,50,3617.869151,0.52,0.6378357412973916
10,50,3622.096973,0.4,0.5836959983016665
6,50,3626.401133,0.44,0.5463963561668304
20,50,3631.278457,0.3,0.39675465661067305
14,50,3635.360084,0.36,0.4558607879558119
14,50,3639.627887,0.36,0.4609986504723347
-10,50,3645.124838,0.6,0.6082757472317043
18,50,3649.160902,0.32,0.3964554978948399
14,50,3654.126241,0.36,0.36360680611249596
2,50,3658.614603,0.48,0.532732364782076
6,50,3663.078567,0.44,0.5154095701540957
-2,50,3668.359687,0.52,0.6535919663548193
24,50,3672.176554,0.26,0.24803149606299213
26,50,3676.838533,0.24,0.2591646105040536
14,50,3680.965286,0.36,0.3928885415649116
10,50,3685.247268,0.4,0.5258314855875832
6,50,3690.630645,0.44,0.5089619476660596
14,50,3694.758991,0.36,0.4216315307057745
6,50,3699.945646,0.44,0.5322950506401681
16,50,3703.956066,0.34,0.42392099487929774
-2,50,3708.501947,0.52,0.6301739373081574
10,50,3713.641446,0.4,0.5333138515488018
10,50,3717.912855,0.4,0.48465643762508337
16,50,3722.495768,0.34,0.37222222222222223
12,50,3727.142153,0.38,0.46712363544046714
18,50,3731.296665,0.32,0.3464593832749637
4,50,3736.564032,0.46,0.5549566242735618
6,50,3740.88664,0.44,0.5761221656640444
8,50,3745.170614,0.42,0.5347261972905935
14,50,3750.223957,0.36,0.4138347260909935
10,50,3754.470348,0.4,0.4950537176896075
8,50,3759.680216,0.42,0.4846071236799714
18,50,3763.674112,0.32,0.40034904013961603
8,50,3767.951094,0.42,0.5512259194395797
12,50,3773.003382,0.38,0.4728646876707339
14,50,3777.289387,0.36,0.4281338627339762
14,50,3782.236892,0.36,0.41342588190548635
14,50,3786.450497,0.36,0.45164121467439006
12,50,3790.580351,0.38,0.4038109197508245
10,50,3795.75845,0.4,0.4590074333187582
-2,50,3800.313857,0.52,0.6495656617271334
24,50,3804.475121,0.26,0.3584128578603717
6,50,3809.596202,0.44,0.5190152121697358
-2,50,3814.210363,0.52,0.5274831243972999
14,50,3819.242204,0.36,0.4312096029547553
6,50,3823.656147,0.44,0.5390985964606398
10,50,3828.323828,0.4,0.41475439225528865
12,50,3833.092075,0.38,0.45621669626998224
16,50,3837.220658,0.34,0.4732701230583014
10,50,3842.372369,0.4,0.4661471018022406
20,50,3846.328854,0.3,0.36250493875938367
14,50,3850.487745,0.36,0.4141501294219154
12,50,3855.538186,0.38,0.5018389469608981
16,50,3859.607016,0.34,0.4190503432494279
10,50,3864.727243,0.4,0.4439725284655702
0,50,3869.367425,0.5,0.5984594114161564
22,50,3873.270473,0.28,0.40671742051052395
2,50,3878.700351,0.48,0.5505628177196805
0,50,3883.297131,0.5,0.5677358490566038
10,50,3888.563944,0.4,0.5077626440613392
14,50,3893.671978,0.36,0.44942430297839947
10,50,3898.017472,0.4,0.43695871097683786
8,50,3903.288446,0.42,0.39460896671862106
22,50,3907.294209,0.28,0.3065993053362804
12,50,3912.428749,0.38,0.5159241891363814
-4,50,3917.186979,0.54,0.5886518465399785
12,50,3921.474856,0.38,0.4960956805377088
26,50,3926.249562,0.24,0.2714567281849131
12,50,3930.479274,0.38,0.4697873927638941
4,50,3935.873616,0.46,0.5483232940753394
14,50,3940.043628,0.36,0.4068431355860073
6,50,3944.500677,0.44,0.5599636583888552
4,50,3949.892174,0.46,0.5228990257670946
4,50,3954.434852,0.46,0.5256432395095838
16,50,3959.525966,0.34,0.4152395404292218
16,50,3963.713556,0.34,0.4882308276385725
4,50,3968.292036,0.46,0.5703213445963599
2,50,3973.840519,0.48,0.626864271644311
14,50,3978.047592,0.36,0.47122270356290336
8,50,3983.377436,0.42,0.49118031358885017
10,50,3987.732038,0.4,0.4161799320024409
10,50,3992.076063,0.4,0.44955623981162834
6,50,3997.361076,0.44,0.5030833854678702
4,50,4001.91088,0.46,0.552819414703783
18,50,4006.852205,0.32,0.40367134410025596
-2,50,4011.576194,0.52,0.6106315699512862
16,50,4015.769249,0.34,0.40793428170707274
24,50,4020.668371,0.26,0.2831951196263464
20,50,4024.670565,0.3,0.4205847310054074
14,50,4029.774499,0.36,0.4809341361065499
2,50,4034.453368,0.48,0.5308031297778577
20,50,4038.522882,0.3,0.3813497822931785
10,50,4043.81984,0.4,0.48950236755114807
2,50,4048.50481,0.48,0.5542842169621801
4,50,4053.924506,0.46,0.529910867329448
12,50,4058.265982,0.38,0.5098656785548865
8,50,4062.697149,0.42,0.4420494699646643
14,50,4067.90684,0.36,0.44719022073696246
14,50,4072.19273,0.36,0.4726843294310947
22,50,4077.135411,0.28,0.35661322645290583
14,50,4081.402241,0.36,0.4377805367204661
18,50,4085.577026,0.32,0.38875563657296364
12,50,4090.738669,0.38,0.4373211731044349
10,50,4095.180912,0.4,0.46854700854700854
0,50,4100.684255,0.5,0.6231627906976744
6,50,4105.221675,0.44,0.5405331385795143
12,50,4109.629236,0.38,0.44834529854666433
14,50,4114.838541,0.36,0.3973834832379395
0,50,4119.525856,0.5,0.5383461466341647
18,50,4124.592425,0.32,0.4229428848015489
12,50,4128.942721,0.38,0.4390440386680988
14,50,4133.292263,0.36,0.49551546911216365
2,50,4138.856192,0.48,0.5694714341235911
4,50,4143.444234,0.46,0.5123
6,50,4148.812141,0.44,0.5333665835411471
20,50,4152.869112,0.3,0.40886361407981175
-6,50,4158.424746,0.56,0.5853981463968224
6,50,4163.19273,0.44,0.4729395391990104
12,50,4167.653604,0.38,0.475109092528275
6,50,4173.143919,0.44,0.5453190220632081
22,50,4177.14694,0.28,0.3430059523809524
18,50,4182.145409,0.32,0.41316234218113135
16,50,4186.489302,0.34,0.4027266644362663
14,50,4190.911,0.36,0.4065934065934066
10,50,4196.348657,0.4,0.4924836299916997
18,50,4200.548249,0.32,0.39012541953718427
18,50,4205.384645,0.32,0.4167892607576315
18,50,4209.867847,0.32,0.34315536670977276
14,50,4214.293763,0.36,0.45845697329376855
14,50,4219.573279,0.36,0.445264241592313
4,50,4224.19624,0.46,0.5351580934403021
-2,50,4229.971569,0.52,0.5837904216127712
10,50,4235.270587,0.4,0.5126781223805532
16,50,4239.589148,0.34,0.4500682749203459
10,50,4244.8407,0.4,0.4608508809626128
12,50,4249.26512,0.38,0.4982175546777146
-18,50,4255.434997,0.68,0.7367177160143694
14,50,4259.776561,0.36,0.47705078125
4,50,4265.284515,0.46,0.49667774086378735
22,50,4269.385841,0.28,0.3592335228469151
8,50,4273.931803,0.42,0.5374715461390299
-2,50,4279.774637,0.52,0.5588383414470371
18,50,4283.97959,0.32,0.413841244515357
10,50,4289.442967,0.4,0.46179775280898877
6,50,4294.034961,0.44,0.5592317931165621
12,50,4298.60261,0.38,0.4713027972807311
6,50,4303.972804,0.44,0.5455102934734998
20,50,4308.176931,0.3,0.39630390143737165
2,50,4313.818071,0.48,0.5810476103109806
26,50,4317.933635,0.24,0.2717090208358425
12,50,4322.728584,0.38,0.44984198645598195
22,50,4327.283475,0.28,0.4177115987460815
6,50,4331.940917,0.44,0.5063997074419455
0,50,4337.719226,0.5,0.5528540222243328
-2,50,4342.673323,0.52,0.6375338121443895
6,50,4348.262356,0.44,0.5352946888047383
22,50,4352.405817,0.28,0.32919866115377044
16,50,4356.736031,0.34,0.4424585443352199
18,50,4361.848322,0.32,0.4258806760333944
30,50,4365.739901,0.2,0.23021091281700964
24,50,4370.56816,0.26,0.32412113511224055
18,50,4375.077895,0.32,0.41008064516129034
-6,50,4380.10349,0.56,0.654199535962877
14,50,4385.354931,0.36,0.43133362106171774
12,50,4389.857415,0.38,0.4866867965962119
14,50,4395.080997,0.36,0.3911171981999609
26,50,4399.07683,0.24,0.3070631970260223
16,50,4403.525378,0.34,0.41236314310628813
10,50,4408.960083,0.4,0.49167397020157755
6,50,4413.562376,0.44,0.48854961832061067
16,50,4418.764227,0.34,0.44449774537081455
8,50,4423.297425,0.42,0.4683008553037651
12,50,4427.787601,0.38,0.4493908153701968
30,50,4432.582751,0.2,0.26647127784290736
10,50,4437.203887,0.4,0.43972511215042476
18,50,4442.316343,0.32,0.41008435582822084
4,50,4447.016725,0.46,0.47646667300560996
6,50,4452.110723,0.44,0.5200036042530186
-4,50,4457.621915,0.54,0.615499008592201
2,50,4462.469458,0.48,0.5207802283054417
6,50,4468.144946,0.44,0.4866281652598845
8,50,4472.702837,0.42,0.4761182037318097
10,50,4478.114045,0.4,0.5198821796759941
-4,50,4483.050845,0.54,0.6626987652127565
18,50,4487.904231,0.32,0.3515825491873396
22,50,4492.355683,0.28,0.36733212341197824
2,50,4497.250548,0.48,0.5660239422461848
-10,50,4503.350138,0.6,0.63268156424581
6,50,4507.979367,0.44,0.47674418604651164
16,50,4513.220208,0.34,0.38085223116313094
4,50,4517.977484,0.46,0.5006294586655476
16,50,4522.90425,0.34,0.40652193826142713
12,50,4527.860072,0.38,0.45459781148013056
4,50,4532.665477,0.46,0.5689472756127667
8,50,4538.202549,0.42,0.5107686026334592
14,50,4542.631651,0.36,0.45565307176045433
6,50,4548.217213,0.44,0.49699234414874227
14,50,4552.689786,0.36,0.5118691588785047
8,50,4557.562988,0.42,0.47099873119448976
16,50,4562.65291,0.34,0.4368104762758992
12,50,4567.514273,0.38,0.461917697957541
26,50,4572.995678,0.24,0.2853107344632768
14,50,4577.398669,0.36,0.40574453484952455
4,50,4583.042015,0.46,0.48271939802257413
0,50,4588.042534,0.5,0.5856388595564942
4,50,4593.200736,0.46,0.5859171834366873
6,50,4598.440002,0.44,0.5557774348733775
2,50,4603.28575,0.48,0.5382216857775095
20,50,4608.460062,0.3,0.3676531031648171
12,50,4613.025196,0.38,0.4931244877515709
10,50,4618.639467,0.4,0.4420756234915527
-4,50,4623.660443,0.54,0.6262835447407024
10,50,4628.67112,0.4,0.5110874406894548
10,50,4633.710425,0.4,0.4963951935914553
8,50,4638.397013,0.42,0.5425714028290837
4,50,4644.152954,0.46,0.47515257192676547
2,50,4649.125289,0.48,0.538141592920354
22,50,4654.205728,0.28,0.32436517533252723
8,50,4658.966779,0.42,0.5484193677470989
12,50,4664.005355,0.38,0.4476063829787234
8,50,4669.130955,0.42,0.4981469162786278
14,50,4673.688323,0.36,0.428026924012651
2,50,4679.492893,0.48,0.5894054291680404
2,50,4684.312476,0.48,0.5033500837520938
10,50,4689.77952,0.4,0.4691984770086889
20,50,4694.14398,0.3,0.37854428529669687
2,50,4699.621099,0.48,0.5125155334635185
6,50,4704.778552,0.44,0.5434188034188034
10,50,4709.452196,0.4,0.42622417439401333
0,50,4715.279675,0.5,0.5927766099751577
-4,50,4720.332795,0.54,0.6309945885426386
16,50,4725.645813,0.34,0.4110801192651726
0,50,4730.566969,0.5,0.6219385637193856
4,50,4736.403419,0.46,0.5724630493006646
10,50,4741.087154,0.4,0.5170835194283162
14,50,4745.62672,0.36,0.41802566824278686
8,50,4751.212045,0.42,0.5146159724875812
8,50,4755.902868,0.42,0.5073857780831329
2,50,4761.719206,0.48,0.5794808639636226
4,50,4766.639205,0.46,0.544907964110628
2,50,4772.467242,0.48,0.565431199344322
4,50,4777.3919,0.46,0.47741191089021034
8,50,4783.078346,0.42,0.5099613440380613
6,50,4787.843952,0.44,0.5091356289529164
10,50,4792.518346,0.4,0.5133785566233277
18,50,4797.878179,0.32,0.4156563245823389
-4,50,4802.978096,0.54,0.6092783505154639
10,50,4808.571946,0.4,0.540211043950415
0,50,4813.556942,0.5,0.5956197985107315
-2,50,4819.489233,0.52,0.5792493193309997
4,50,4824.399729,0.46,0.5295428288496452
10,50,4830.017321,0.4,0.5130023640661938
16,50,4834.535866,0.34,0.3955939606874941
10,50,4839.218974,0.4,0.5340123681338669
26,50,4844.243749,0.24,0.2974859000095593
20,50,4848.624256,0.3,0.34752886836027713
6,50,4854.390334,0.44,0.547062597378792
12,50,4859.111781,0.38,0.4814372449487409
16,50,4863.936135,0.34,0.44727167182662536
14,50,4869.097171,0.36,0.42775754179508735
16,50,4873.615785,0.34,0.43528165283418685
14,50,4879.100543,0.36,0.3884958474315595
20,50,4883.504924,0.3,0.2758412250654846
8,50,4889.328783,0.42,0.5277417962003454
6,50,4894.220067,0.44,0.5011156186612576
-2,50,4901.093932,0.52,0.6070678476851429
4,50,4905.99754,0.46,0.5230104501607717
12,50,4911.036178,0.38,0.5134772281317773
-4,50,4916.862092,0.54,0.6467674891660034
8,50,4921.705255,0.42,0.48584791549068623
12,50,4927.289442,0.38,0.4205538688011777
6,50,4932.156552,0.44,0.5556263656227239
14,50,4937.6532,0.36,0.4446409273995481
22,50,4942.09407,0.28,0.30141202027516295
6,50,4947.940395,0.44,0.5473352033660589
6,50,4952.840611,0.44,0.5475954878290125
8,50,4957.787168,0.42,0.5483565406839064
14,50,4963.189761,0.36,0.46701823382195207
8,50,4967.975459,0.42,0.5358785648574057
10,50,4973.697832,0.4,0.4480775832475112
10,50,4978.526646,0.4,0.44605613252081366
18,50,4983.897396,0.32,0.3703351104341203
16,50,4988.470708,0.34,0.4151367553390783
2,50,4994.393919,0.48,0.6194690265486725
10,50,4999.203408,0.4,0.5188777277450641
16,50,5003.837815,0.34,0.40602055800293685
18,50,5009.262868,0.32,0.4132830626450116
-4,50,5014.520228,0.54,0.6026629935720845
-2,50,5020.638887,0.52,0.5486537553141237
24,50,5024.998453,0.26,0.34347826086956523
16,50,5030.397784,0.34,0.4451491428005153
24,50,5034.811784,0.26,0.29212043561819345
6,50,5039.733254,0.44,0.5301228501228501
22,50,5044.994917,0.28,0.35831307472783
14,50,5049.659324,0.36,0.3763955342902711
6,50,5055.402834,0.44,0.53375
6,50,5060.248826,0.44,0.5307521483054939
8,50,5066.025639,0.42,0.5175681341719077
10,50,5070.851794,0.4,0.49036343612334804
2,50,5076.68792,0.48,0.5849821923229126
14,50,5081.395581,0.36,0.4748762149275628
-4,50,5086.660728,0.54,0.5823731198874131
6,50,5092.43834,0.44,0.5012531328320802
-6,50,5097.880861,0.56,0.5624661001627193
6,50,5103.713942,0.44,0.592581718535917
14,50,5108.420873,0.36,0.35496305814327017
-2,50,5114.548607,0.52,0.5678973717146433
12,50,5119.271845,0.38,0.5214419475655431
6,50,5125.191252,0.44,0.5108916374376962
8,50,5130.165032,0.42,0.5043065905351786
8,50,5135.861364,0.42,0.47111561549855774
20,50,5140.463601,0.3,0.34748066067321765
12,50,5145.185801,0.38,0.47763347763347763
20,50,5150.562048,0.3,0.38895882035605106
14,50,5155.262944,0.36,0.4116827637444279
6,50,5161.117751,0.44,0.5441598360655737
20,50,5165.69384,0.3,0.3521862276509117
2,50,5171.714286,0.48,0.5778206541712606
6,50,5176.664816,0.44,0.5086409395973155
10,50,5182.254426,0.4,0.4726020937470527
8,50,5187.47611,0.42,0.49341448812612254
0,50,5192.619691,0.5,0.6022584692597239
0,50,5198.650886,0.5,0.5858446226154271
14,50,5203.393983,0.36,0.45081892213377256
12,50,5209.023474,0.38,0.4896720420366008
-6,50,5214.439556,0.56,0.6596215966774343
2,50,5221.341811,0.48,0.5677242220866382
22,50,5225.866558,0.28,0.33261087029009667
8,50,5231.665756,0.42,0.4415105329579653
-6,50,5237.175836,0.56,0.6643093724823202
10,50,5243.041975,0.4,0.5039058319957196
14,50,5247.893582,0.36,0.43542212371549466
10,50,5252.717659,0.4,0.4686065644756214
6,50,5258.681335,0.44,0.5169398907103825
2,50,5263.860371,0.48,0.5449067431850789
22,50,5269.246796,0.28,0.3992000864771376
4,50,5274.383884,0.46,0.4890326209223847
18,50,5279.925756,0.32,0.4433130380012597
16,50,5284.650943,0.34,0.46595013655184564
18,50,5290.160802,0.32,0.4046651351828945
8,50,5295.125601,0.42,0.48885442915293664
8,50,5300.163777,0.42,0.4632647015256999
8,50,5305.984357,0.42,0.4851512887560702
8,50,5310.924613,0.42,0.48287292817679556
4,50,5316.848881,0.46,0.5292898851007722
4,50,5321.918696,0.46,0.5504493810412074
30,50,5326.986554,0.2,0.2571928460342146
2,50,5332.176541,0.48,0.6216595028966548
8,50,5338.058665,0.42,0.48382323929769183
8,50,5343.110084,0.42,0.4965083112029114
24,50,5348.261615,0.26,0.3472046318074905
4,50,5353.620766,0.46,0.5625744934445769
6,50,5358.644272,0.44,0.48900904095018616
8,50,5364.593783,0.42,0.5508950508950509
4,50,5369.754918,0.46,0.525873391121618
2,50,5375.793625,0.48,0.5555004463842873
6,50,5380.79175,0.44,0.5471698113207547
8,50,5386.683986,0.42,0.5107085574110766
12,50,5391.517174,0.38,0.42524271844660194
2,50,5397.630379,0.48,0.5009887936717206
6,50,5402.636366,0.44,0.5217278393351801
12,50,5408.377998,0.38,0.428454703298948
16,50,5413.055933,0.34,0.4495559098155318
18,50,5417.934653,0.32,0.37290287476194794
20,50,5423.28974,0.3,0.3583349137113598
14,50,5428.20988,0.36,0.42382218844984804
8,50,5434.135172,0.42,0.5645043731778425
2,50,5439.367733,0.48,0.5765420560747664
14,50,5444.981921,0.36,0.39919750334373605
0,50,5450.292204,0.5,0.6169303509729042
14,50,5456.010795,0.36,0.5221624629080118
4,50,5461.141145,0.46,0.5480878455130632
8,50,5466.993859,0.42,0.5555224177353614
6,50,5472.089972,0.44,0.5379863082317582
14,50,5477.551728,0.36,0.4623231023708877
2,50,5483.012092,0.48,0.5884777517564402
8,50,5488.072261,0.42,0.44831214379658046
6,50,5494.11863,0.44,0.5725370086778969
4,50,5499.281826,0.46,0.5360458765701802
14,50,5505.015903,0.36,0.44514135078629213
22,50,5509.615702,0.28,0.37064254757866966
10,50,5515.526012,0.4,0.45617224880382773
8,50,5520.530076,0.42,0.5090152565880721
12,50,5526.338905,0.38,0.44588003764866946
0,50,5532.502348,0.5,0.5514001806684734
12,50,5538.357116,0.38,0.48158971361776737
8,50,5543.410517,0.42,0.5364407645916386
8,50,5549.414583,0.42,0.5307262569832403
14,50,5554.28744,0.36,0.3704586063132817
4,50,5560.158323,0.46,0.5370090634441088
22,50,5564.831386,0.28,0.3825582644184298
20,50,5569.526361,0.3,0.3655482735009293
10,50,5575.440764,0.4,0.4461621427287435
6,50,5580.585359,0.44,0.5146743020758768
6,50,5586.630205,0.44,0.5364459266317294
16,50,5591.601167,0.34,0.3784163987138264
2,50,5597.725793,0.48,0.5090356211989574
16,50,5602.640542,0.34,0.43390894819466247
10,50,5608.596109,0.4,0.46518626128463214
14,50,5613.460226,0.36,0.4225890692035068
16,50,5619.016276,0.34,0.3969495125012067
8,50,5624.214403,0.42,0.5127388535031847
4,50,5629.574461,0.46,0.5777454847415404
20,50,5635.163481,0.3,0.3741696716644525
-4,50,5640.680126,0.54,0.6510407556410704
22,50,5646.194198,0.28,0.34536552038260077
26,50,5650.778249,0.24,0.3541003184713376
8,50,5656.878092,0.42,0.4724490673085189
12,50,5661.860029,0.38,0.41609891496341156
-2,50,5668.374497,0.52,0.5674629878869448
30,50,5672.792391,0.2,0.2370393183451391
6,50,5678.904737,0.44,0.5289618600856618
14,50,5683.861663,0.36,0.5062648520198747
20,50,5689.050885,0.3,0.3852772466539197
8,50,5694.670158,0.42,0.5086241476133173
8,50,5699.814873,0.42,0.5211514149567247
8,50,5705.738762,0.42,0.4920557081208317
8,50,5710.906888,0.42,0.5378107374138291
10,50,5716.802717,0.4,0.5170074527039938
22,50,5721.428529,0.28,0.2952433023510115
14,50,5727.376013,0.36,0.4821082679172189
12,50,5732.438282,0.38,0.422713529856387
10,50,5738.390238,0.4,0.4839283948175255
8,50,5743.512071,0.42,0.5866496992133272
16,50,5749.29009,0.34,0.3619975134687112
16,50,5754.206024,0.34,0.3879013000795967
4,50,5760.36868,0.46,0.5295420320666135
14,50,5765.314498,0.36,0.4638233054074638
26,50,5769.768558,0.24,0.2980332829046899
6,50,5775.810373,0.44,0.5097352876832203
6,50,5781.002439,0.44,0.44692300166324234
16,50,5786.84944,0.34,0.3945426296368227
14,50,5791.785862,0.36,0.4397883047024119
14,50,5797.581639,0.36,0.45366812617281743
18,50,5802.361539,0.32,0.3327155676941085
-4,50,5808.802736,0.54,0.629112746341876
8,50,5813.973028,0.42,0.5064114476863036
10,50,5819.985327,0.4,0.4889906640831425
20,50,5824.684324,0.3,0.3641946150212565
8,50,5830.542248,0.42,0.5391691957511381
6,50,5836.931599,0.44,0.5721895664952241
4,50,5843.096595,0.46,0.5943842090631082
0,50,5848.645276,0.5,0.6293128870539664
20,50,5854.1397,0.3,0.4001033591731266
32,50,5858.641031,0.18,0.23877287007946776
10,50,5863.712537,0.4,0.4672314280394712
12,50,5869.577601,0.38,0.39964173757277205
-2,50,5875.139304,0.52,0.6269605415222057
16,50,5880.929254,0.34,0.408750118629591
10,50,5885.998099,0.4,0.4891559202813599
10,50,5892.026904,0.4,0.46018282913957215
6,50,5897.2987,0.44,0.5202436095385143
10,50,5903.315246,0.4,0.5164283685257078
4,50,5908.804666,0.46,0.5354058721934369
14,50,5914.707638,0.36,0.4328014335694172
10,50,5919.861128,0.4,0.5603553921568627
-2,50,5926.278112,0.52,0.6144284874443604
4,50,5931.604522,0.46,0.5766436137617088
12,50,5937.602823,0.38,0.45684172269671086
20,50,5942.380385,0.3,0.40049751243781095
8,50,5948.231985,0.42,0.5049976201808662
8,50,5953.5834,0.42,0.5247713797608281
16,50,5958.403012,0.34,0.47076023391812866
10,50,5964.435749,0.4,0.46916812100058175
0,50,5969.956861,0.5,0.5565356103969222
0,50,5976.398289,0.5,0.6301453844806446
18,50,5981.231372,0.32,0.3103982944083729
22,50,5986.81511,0.28,0.26943444185553905
18,50,5991.724965,0.32,0.4052744886975242
14,50,5997.745501,0.36,0.4556923389968461
18,50,6002.64077,0.32,0.41955679220908276
24,50,6008.155653,0.26,0.2930429397192403
4,50,6013.509194,0.46,0.4973539140022051
8,50,6019.604108,0.42,0.4909563120304239
8,50,6024.829667,0.42,0.5644037047646329
8,50,6031.048627,0.42,0.49687611567297396
14,50,6036.018603,0.36,0.41626416954164613
0,50,6042.150091,0.5,0.5823775714545786
16,50,6047.309392,0.34,0.38536246964967047
10,50,6052.496752,0.4,0.5060632101594577
8,50,6058.685834,0.42,0.49971286370597245
12,50,6063.839999,0.38,0.49663793919878774
24,50,6069.45157,0.26,0.3218102406839513
12,50,6074.577872,0.38,0.4260566304077057
12,50,6080.515548,0.38,0.4163671834890646
12,50,6085.703482,0.38,0.4349504342486183
12,50,6091.684237,0.38,0.4472289589508668
4,50,6097.14356,0.46,0.5751491618524481
6,50,6103.351145,0.44,0.5446388108402066
20,50,6108.114236,0.3,0.3567646521818514
22,50,6113.84787,0.28,0.36066119369869093
16,50,6118.850852,0.34,0.3811363422218034
18,50,6124.300018,0.32,0.38740355284406963
8,50,6130.742284,0.42,0.4909060289659818
16,50,6136.47667,0.34,0.4393939393939394
10,50,6141.806752,0.4,0.4391429421684357
12,50,6147.197003,0.38,0.4512144915603129
14,50,6152.923907,0.36,0.4208091436865022
24,50,6157.601478,0.26,0.3639542275905912
14,50,6163.529521,0.36,0.44341650313054853
8,50,6168.727228,0.42,0.5574360470771326
10,50,6174.937447,0.4,0.49221754257462
18,50,6179.845343,0.32,0.33099543687679567
10,50,6185.968138,0.4,0.47837767570846695
12,50,6191.081534,0.38,0.45626985610166326
10,50,6197.144141,0.4,0.4955935717988595
12,50,6202.265023,0.38,0.48762749445676273
16,50,6208.236576,0.34,0.4410022336602894
2,50,6213.77379,0.48,0.548085814684668
-4,50,6220.5115,0.54,0.614294005472183
4,50,6225.909208,0.46,0.5138301620859761
14,50,6231.93165,0.36,0.42614170268746476
20,50,6236.857713,0.3,0.40470706059088635
10,50,6242.949087,0.4,0.462048981117966
10,50,6248.150301,0.4,0.45914101102242494
16,50,6253.916569,0.34,0.42225705329153607
20,50,6258.902672,0.3,0.3736646800854605
8,50,6264.233728,0.42,0.49363468634686347
4,50,6270.606224,0.46,0.4860359199106299
12,50,6275.793146,0.38,0.4801286058765741
24,50,6281.473746,0.26,0.39357386848847137
0,50,6287.072854,0.5,0.6396884858044164
14,50,6293.02716,0.36,0.4291719620686284
8,50,6298.475297,0.42,0.495626525630594
22,50,6304.165696,0.28,0.3340149965916837
6,50,6309.715022,0.44,0.5670779475127301
6,50,6316.026584,0.44,0.45954506190613303
18,50,6321.019539,0.32,0.38228782287822877
10,50,6327.191113,0.4,0.5151989052878506
10,50,6332.435376,0.4,0.39949813965562
12,50,6338.468091,0.38,0.4204983303365014
-4,50,6344.328451,0.54,0.6271259233808624
8,50,6350.500015,0.42,0.5047893611085279
16,50,6355.659671,0.34,0.3710567823343849
-2,50,6362.24847,0.52,0.6120175089534421
8,50,6367.580205,0.42,0.4790526514436686
24,50,6373.396133,0.26,0.34036463854144583
8,50,6378.710864,0.42,0.5597977504901455
20,50,6384.628141,0.3,0.3711764705882353
8,50,6390.068587,0.42,0.5539568345323741
10,50,6396.253611,0.4,0.4970712062969065
12,50,6401.62707,0.38,0.46683915480810695
20,50,6407.42109,0.3,0.37205497382198954
0,50,6414.018867,0.5,0.5409128478280834
10,50,6420.260998,0.4,0.5012685402029664
8,50,6425.611561,0.42,0.5212317084118862
8,50,6431.917289,0.42,0.4757985148071933
14,50,6437.244792,0.36,0.3667194633373707
2,50,6443.857897,0.48,0.5618989154900758
20,50,6448.952255,0.3,0.35766776252175597
4,50,6455.367047,0.46,0.5252146902978256
6,50,6460.892044,0.44,0.5240898387973193
16,50,6466.900905,0.34,0.4265985622398789
0,50,6472.67848,0.5,0.619164396003633
-4,50,6479.556944,0.54,0.6038021375200984
-8,50,6485.580784,0.58,0.6237235519973858
18,50,6491.493228,0.32,0.40185634426748235
-2,50,6497.29633,0.52,0.5090258578630672
14,50,6503.392002,0.36,0.40813356164383563
18,50,6508.506454,0.32,0.37211572594959175
0,50,6515.134177,0.5,0.603861076937636
0,50,6520.903231,0.5,0.5578872487995732
14,50,6527.044945,0.36,0.44388516032811337
10,50,6532.493425,0.4,0.5121631169879883
12,50,6538.754868,0.38,0.4259095725891911
18,50,6543.812534,0.32,0.36308078694014234
0,50,6550.54209,0.5,0.5590929705215419
6,50,6556.077857,0.44,0.49889135254988914
20,50,6561.978112,0.3,0.3663784011811854
14,50,6567.405642,0.36,0.4033605812897366
2,50,6574.046539,0.48,0.5148175974622256
16,50,6579.274724,0.34,0.4054477417109042
14,50,6585.523351,0.36,0.45142919724017083
0,50,6591.308225,0.5,0.6330266873121414
16,50,6597.461701,0.34,0.4141477939186141
-2,50,6603.34417,0.52,0.5286300392436675
-2,50,6610.083136,0.52,0.6449006748407946
6,50,6615.701541,0.44,0.6076531610882756
8,50,6622.101569,0.42,0.5076894910289271
8,50,6627.717785,0.42,0.5171322160148976
8,50,6634.099437,0.42,0.5176335658988818
-6,50,6640.110228,0.56,0.6841326486204196
20,50,6646.137455,0.3,0.32642533936651585
0,50,6651.93556,0.5,0.6282612835650352
-2,50,6658.771572,0.52,0.608347731199418
10,50,6664.139416,0.4,0.5671564030426175
6,50,6670.53677,0.44,0.5304899856938483
12,50,6675.882671,0.38,0.45445717615070885
4,50,6682.460063,0.46,0.51411366202484
-2,50,6688.904852,0.52,0.6111596991429071
4,50,6695.958414,0.46,0.5466654160022512
-4,50,6702.84543,0.54,0.6263104497801826
20,50,6707.94738,0.3,0.4030275229357798
4,50,6714.588249,0.46,0.5914551443518697
12,50,6720.004366,0.38,0.4463515287938473
8,50,6726.453053,0.42,0.4865245562963659
10,50,6731.866246,0.4,0.4082700088818711
16,50,6737.995435,0.34,0.39342995169082123
26,50,6742.812873,0.24,0.3026935727620233
14,50,6749.03946,0.36,0.43333020549873325
16,50,6754.23803,0.34,0.40663210407903744
18,50,6760.128579,0.32,0.4260829493087558
14,50,6765.461916,0.36,0.4174184903974989
12,50,6771.415863,0.38,0.47880675918059096
6,50,6777.311584,0.44,0.544291925995396
14,50,6783.089701,0.36,0.44721520377897395
2,50,6789.245461,0.48,0.5176610978520286
4,50,6795.79968,0.46,0.5447634379751364
14,50,6801.123649,0.36,0.48847672390046826
16,50,6807.350665,0.34,0.4292262559589292
4,50,6813.090149,0.46,0.5650442477876106
4,50,6819.703271,0.46,0.5989650711513583
10,50,6825.119848,0.4,0.44116920543433513
-2,50,6831.922628,0.52,0.5911873840445269
4,50,6837.69996,0.46,0.5302866414277988
10,50,6843.992947,0.4,0.5337299479443323
16,50,6849.188688,0.34,0.402016205012248
16,50,6855.367861,0.34,0.41373918482226624
12,50,6860.659192,0.38,0.4237999634969885
14,50,6867.024249,0.36,0.41752981112368354
22,50,6871.976659,0.28,0.37925061537058985
6,50,6878.536573,0.44,0.5384896690437009
16,50,6883.798112,0.34,0.3754291845493562
10,50,6890.285681,0.4,0.5246482337892354
10,50,6895.872071,0.4,0.4768951689898797
12,50,6902.148931,0.38,0.3712100267256474
4,50,6907.873241,0.46,0.5476594941487354
4,50,6914.430643,0.46,0.5153960873760857
4,50,6920.083221,0.46,0.5653217205830074
16,50,6926.317965,0.34,0.43310373617198916
14,50,6931.603071,0.36,0.43761263648892185
16,50,6937.715364,0.34,0.4273425499231951
14,50,6943.050884,0.36,0.40613976546858616
10,50,6949.494131,0.4,0.49230769230769234
8,50,6955.13246,0.42,0.4863799283154122
12,50,6961.537137,0.38,0.45273119085542957
18,50,6966.762666,0.32,0.37224538415723646
6,50,6974.237072,0.44,0.5058077197998571
22,50,6979.227621,0.28,0.35587884051677343
12,50,6985.613062,0.38,0.4542767047694127
-8,50,6991.780125,0.58,0.6206187263452362
16,50,6997.937079,0.34,0.4454080033434333
6,50,7003.541855,0.44,0.5093803786574871
12,50,7009.829934,0.38,0.3920666858292613
4,50,7015.604282,0.46,0.48533163265306123
6,50,7022.219805,0.44,0.5949343339587242
16,50,7027.439666,0.34,0.38961738818034847
22,50,7033.423354,0.28,0.425428150164455
0,50,7039.355978,0.5,0.5685675797036371
22,50,7045.36922,0.28,0.3205482254270226
24,50,7050.351811,0.26,0.2889894109180631
24,50,7056.236905,0.26,0.36208377063257324
4,50,7061.956241,0.46,0.590300812078234
0,50,7068.741092,0.5,0.5744166589197732
10,50,7074.244699,0.4,0.4734479465138491
6,50,7080.884351,0.44,0.578460589867434
2,50,7086.641893,0.48,0.4843094478939419
20,50,7092.689644,0.3,0.3820601722402416
8,50,7098.363329,0.42,0.5027149767992891
6,50,7104.91188,0.44,0.48955563995442464
12,50,7110.418879,0.38,0.3819497658578118
2,50,7117.141013,0.48,0.5842211344658796
0,50,7123.083237,0.5,0.6226270373921381
14,50,7129.411016,0.36,0.400467244232454
12,50,7134.962089,0.38,0.4723090277777778
4,50,7141.70626,0.46,0.5519105984138428
18,50,7146.887175,0.32,0.4421063762292482
4,50,7153.583014,0.46,0.5617334423548651
12,50,7159.042834,0.38,0.4143588770864947
20,50,7165.185217,0.3,0.4124008651766402
16,50,7170.580977,0.34,0.35709354504659996
