#{"t_start": 1669740533.663201, "env_id": "DeepRMSA-v0"}
r,l,t,episode_service_blocking_rate,episode_bit_rate_blocking_rate
50,50,5.524208,0.0,0.0
50,50,5.972324,0.0,0.0
50,50,6.428614,0.0,0.0
50,50,7.304821,0.0,0.0
50,50,8.162064,0.0,0.0
50,50,8.649569,0.0,0.0
50,50,9.522001,0.0,0.0
50,50,9.979469,0.0,0.0
50,50,10.472012,0.0,0.0
50,50,10.968482,0.0,0.0
50,50,11.479511,0.0,0.0
50,50,11.998005,0.0,0.0
50,50,12.501949,0.0,0.0
50,50,12.982349,0.0,0.0
50,50,13.511047,0.0,0.0
50,50,13.998152,0.0,0.0
50,50,14.522844,0.0,0.0
50,50,15.061357,0.0,0.0
50,50,15.587497,0.0,0.0
50,50,16.101885,0.0,0.0
50,50,16.897519,0.0,0.0
50,50,17.651052,0.0,0.0
-16,50,18.430704,0.12,0.1611955951756686
-16,50,19.117232,0.12,0.14479105356091818
-49,50,19.803279,0.18,0.20709219858156028
-38,50,20.47622,0.16,0.1524929536398095
-71,50,21.175544,0.22,0.1838939857288481
17,50,21.924673,0.06,0.0830956455599924
-16,50,22.642713,0.12,0.09610849056603774
-126,50,23.287593,0.32,0.3683976524986662
-148,50,23.96353,0.36,0.391413671074688
-49,50,24.67254,0.18,0.2013947235758696
-5,50,25.409517,0.1,0.09228801169590643
-49,50,26.127782,0.18,0.24470477975632615
-16,50,26.860755,0.12,0.15704137066443793
-27,50,27.585184,0.14,0.13081422337758797
-93,50,28.282848,0.26,0.2783679142261491
-126,50,28.972143,0.32,0.3601168048229088
-38,50,29.709126,0.16,0.1764807310975084
-82,50,30.422487,0.24,0.26510258358662614
-104,50,31.148447,0.28,0.3024889942431426
-170,50,31.823835,0.4,0.45521090676182635
-126,50,32.537932,0.32,0.3437390389337075
-137,50,33.299039,0.34,0.4078849721706865
-60,50,34.047427,0.2,0.24081632653061225
-104,50,34.789249,0.28,0.3002592294627693
-71,50,35.53308,0.22,0.18809546269219884
-159,50,36.271775,0.38,0.3873576210764281
-104,50,37.024081,0.28,0.3744622809778617
-60,50,37.777348,0.2,0.20999010880316518
-159,50,38.519348,0.38,0.47324890152494187
-181,50,39.214098,0.42,0.5153022906496433
-170,50,39.944181,0.4,0.4849257370871204
-192,50,40.675514,0.44,0.4720884608525058
-115,50,41.430051,0.3,0.36731332357247437
-192,50,42.178264,0.44,0.48714040769670414
-225,50,42.946136,0.5,0.5499588477366255
-181,50,43.723088,0.42,0.4698360937097743
-159,50,44.482085,0.38,0.47465618860510805
-71,50,45.311179,0.22,0.2710512687726567
-170,50,46.090673,0.4,0.48753729188721007
-126,50,46.867651,0.32,0.340274031718632
-159,50,47.674978,0.38,0.41840417000801927
-203,50,48.409625,0.46,0.50144333736847
-214,50,49.149368,0.48,0.5726032698074877
-137,50,49.941297,0.34,0.4707044107965767
-159,50,50.740854,0.38,0.40665365672335285
-115,50,51.525506,0.3,0.301572356651916
-126,50,52.348811,0.32,0.4084552495697074
-104,50,53.162303,0.28,0.3034171626031868
-181,50,53.947709,0.42,0.47800529048692075
-148,50,54.748955,0.36,0.40843035608056427
-170,50,55.513999,0.4,0.42581410394651714
-192,50,56.302996,0.44,0.47325984894876505
-148,50,57.092562,0.36,0.38434511028694124
-93,50,57.875429,0.26,0.291462805791313
-170,50,58.657581,0.4,0.44713500088699665
-60,50,59.482351,0.2,0.27374103903000263
-126,50,60.303571,0.32,0.4073277792708053
-148,50,61.102291,0.36,0.4786995515695067
-126,50,61.920062,0.32,0.37173396674584325
-104,50,62.749403,0.28,0.3331266790659227
-181,50,63.56158,0.42,0.4703980602141847
-137,50,64.423239,0.34,0.4064433749140556
-181,50,65.243145,0.42,0.4933247398950373
-181,50,66.060155,0.42,0.5272325375773652
-181,50,66.916358,0.42,0.43003704759190653
-148,50,67.708565,0.36,0.4515768056968464
-104,50,68.563114,0.28,0.3571081527548343
-93,50,69.414486,0.26,0.36584382871536525
-170,50,70.239058,0.4,0.4501542529748788
-126,50,71.081778,0.32,0.3884169084127642
-192,50,71.90735,0.44,0.4307856761090326
-181,50,72.749281,0.42,0.4980708523325149
-203,50,73.59707,0.46,0.5111277819454864
-170,50,74.426755,0.4,0.4723124177270733
-148,50,75.32409,0.36,0.3853252105357463
-214,50,76.174608,0.48,0.5723390694710007
-126,50,77.03416,0.32,0.448776965430093
-148,50,77.874682,0.36,0.4509619896762084
-115,50,78.744137,0.3,0.4013555014296304
-203,50,79.590225,0.46,0.5526052559789033
-137,50,80.464029,0.34,0.38132337246531484
-159,50,81.336684,0.38,0.4538039335264522
-203,50,82.177709,0.46,0.48223570190641246
-126,50,83.046914,0.32,0.3752684872660325
-126,50,83.952211,0.32,0.44922068897051526
-82,50,84.869462,0.24,0.3161343917297397
-170,50,85.755967,0.4,0.4673213975317226
-181,50,86.627584,0.42,0.5389769724424311
-181,50,87.51578,0.42,0.49732175840413745
-104,50,88.424498,0.28,0.315927839724413
-170,50,89.329509,0.4,0.4951991634185759
-126,50,90.211617,0.32,0.32415584415584414
-71,50,91.127299,0.22,0.23967515103496087
-126,50,92.029519,0.32,0.3532777115613826
-181,50,92.939109,0.42,0.4994834710743802
-181,50,93.83369,0.42,0.4724128710223728
-170,50,94.81504,0.4,0.48309951981922605
-126,50,95.742349,0.32,0.45752391997680486
-60,50,96.670782,0.2,0.26719732704402516
-192,50,97.574494,0.44,0.4553022419827831
-60,50,98.50424,0.2,0.30556851040014926
-93,50,99.435132,0.26,0.34227159547979313
-291,50,100.338861,0.62,0.6469951272333514
-93,50,101.297352,0.26,0.3301843945862476
-115,50,102.233717,0.3,0.34579227545588404
-225,50,103.133042,0.5,0.5670594837261503
-104,50,104.078392,0.28,0.3363678588016721
-115,50,105.016583,0.3,0.31051767349408005
-126,50,105.986431,0.32,0.37161302054919076
-126,50,106.930256,0.32,0.37539290525370456
-115,50,107.893233,0.3,0.3304016913319239
-214,50,108.797852,0.48,0.5333689268553123
-159,50,109.744617,0.38,0.44623248769405527
-148,50,110.707565,0.36,0.42733146880123446
-170,50,111.665348,0.4,0.4844846693756926
-115,50,112.630598,0.3,0.32453444223467726
-82,50,113.619148,0.24,0.29876631503665296
-104,50,114.579784,0.28,0.33027351067815663
-203,50,115.560637,0.46,0.5170404893678998
-126,50,116.555664,0.32,0.3892705882352941
-82,50,117.520077,0.24,0.3370171246515333
-104,50,118.490525,0.28,0.29283804958982396
-159,50,119.468913,0.38,0.4647373107747106
-49,50,120.450908,0.18,0.24545550068298833
-82,50,121.449252,0.24,0.25367782272894446
-93,50,122.449599,0.26,0.2987418316590266
-38,50,123.450826,0.16,0.2025213867627195
-104,50,124.417223,0.28,0.2901485673859215
-192,50,125.449206,0.44,0.47199057287889773
-93,50,126.482654,0.26,0.2430488553635646
-214,50,127.47848,0.48,0.5622144584789035
-93,50,128.483041,0.26,0.376902499769394
-93,50,129.492561,0.26,0.31344503473641194
-104,50,130.498011,0.28,0.3859084046300956
-115,50,131.510793,0.3,0.4528637847462657
-159,50,132.492725,0.38,0.4605684353477544
-104,50,133.509675,0.28,0.34870286734586703
-126,50,134.519502,0.32,0.44846631817733507
-38,50,135.56995,0.16,0.19779015615012327
-148,50,136.587222,0.36,0.4266641770142844
-137,50,137.611866,0.34,0.4140115163147793
-159,50,138.604729,0.38,0.3493766605354588
-181,50,139.620519,0.42,0.49914266117969824
-115,50,140.648059,0.3,0.29777822459032877
-104,50,141.651056,0.28,0.3833089311859444
-159,50,142.669633,0.38,0.4355406538139145
-104,50,143.708683,0.28,0.3375091345651947
-258,50,144.731511,0.56,0.641884280593958
-93,50,145.782587,0.26,0.32382671480144404
-159,50,146.808062,0.38,0.4660320207702293
-104,50,147.882921,0.28,0.3700909266782743
-82,50,148.939592,0.24,0.3161284386788113
-137,50,149.961247,0.34,0.3511198428290766
-137,50,150.975696,0.34,0.4111736334405145
-137,50,152.025503,0.34,0.4388702350385147
-93,50,153.062827,0.26,0.3099887345099512
-82,50,154.131446,0.24,0.2712765957446808
-93,50,155.196137,0.26,0.3280408796423031
-115,50,156.254598,0.3,0.3657730444362835
-148,50,157.324373,0.36,0.47767343809888846
-115,50,158.355455,0.3,0.37775816416593117
-104,50,159.383092,0.28,0.3676022628372498
-49,50,160.407494,0.18,0.1894441099739113
-126,50,161.448282,0.32,0.35701179554390566
-148,50,162.509265,0.36,0.40794075293149556
-93,50,163.540405,0.26,0.28970400236011407
-126,50,164.592741,0.32,0.4226029709655638
-104,50,165.655764,0.28,0.33284303425089307
-148,50,166.685142,0.36,0.4632590900437845
-93,50,167.769184,0.26,0.27918438345574026
-137,50,168.842367,0.34,0.43574186431329287
-104,50,169.902217,0.28,0.3586776859504132
-159,50,171.002609,0.38,0.5144634218580314
-137,50,172.048044,0.34,0.44103654216013766
-148,50,173.112289,0.36,0.4368330464716007
-115,50,174.182492,0.3,0.47194472971711326
-82,50,175.264603,0.24,0.3214255481249471
-82,50,176.336423,0.24,0.3390085127691537
-115,50,177.404672,0.3,0.3599608157449461
-104,50,178.51329,0.28,0.3263067326306733
-115,50,179.605114,0.3,0.3768932038834951
-115,50,180.709805,0.3,0.3862652688275464
-137,50,181.815053,0.34,0.4512820512820513
-115,50,182.889732,0.3,0.384967919340055
-93,50,184.069236,0.26,0.35933642737237087
-115,50,185.149159,0.3,0.3378059071729958
-126,50,186.308998,0.32,0.414034365675481
-60,50,187.368783,0.2,0.3138693270735524
-148,50,188.467503,0.36,0.4512006861063465
-115,50,189.639432,0.3,0.4155364978061428
-137,50,190.757843,0.34,0.414523311824048
-170,50,191.889458,0.4,0.49161730749924704
-93,50,192.992523,0.26,0.3253588516746411
-115,50,194.115237,0.3,0.35407349795839005
-49,50,195.292522,0.18,0.1917994558880684
-159,50,196.456882,0.38,0.3792104310032597
-115,50,197.563417,0.3,0.40404981784292127
-115,50,198.687203,0.3,0.3321832884097035
-5,50,199.844755,0.1,0.11472868217054263
-71,50,200.945724,0.22,0.28125840279645065
-82,50,202.070763,0.24,0.3525165430118308
-82,50,203.183577,0.24,0.30518773807364413
-93,50,204.33126,0.26,0.2963209035794369
-159,50,205.537018,0.38,0.4500232450023245
-192,50,206.665647,0.44,0.47537786445636276
-126,50,207.757285,0.32,0.39607625393300017
-159,50,208.904492,0.38,0.4689333793579565
-93,50,210.047159,0.26,0.3951524457117789
-137,50,211.17398,0.34,0.40338587273788673
-104,50,212.283357,0.28,0.3878543347817091
-126,50,213.440084,0.32,0.3942549037835828
-93,50,214.547647,0.26,0.33391320271012637
-137,50,215.670462,0.34,0.3903768008865903
-93,50,216.83043,0.26,0.2676894467689447
-159,50,217.980424,0.38,0.5420685703371215
-93,50,219.116622,0.26,0.31744222199191624
-82,50,220.299685,0.24,0.36625850340136057
-115,50,221.439877,0.3,0.32322419037394884
-27,50,222.579847,0.14,0.19796242639499018
-115,50,223.719695,0.3,0.37250941144063904
-82,50,224.912979,0.24,0.35028456030842664
-93,50,226.052649,0.26,0.3722030556924593
-137,50,227.184353,0.34,0.4257287484726828
-71,50,228.346254,0.22,0.2978433835845896
-60,50,229.581808,0.2,0.30134760584918285
-126,50,230.738103,0.32,0.44374821988037594
-104,50,231.901901,0.28,0.3699312543588722
-126,50,233.048264,0.32,0.431515030858053
-93,50,234.208208,0.26,0.28673522747080354
-115,50,235.422301,0.3,0.36812702146427523
-93,50,236.603302,0.26,0.38505050505050503
-104,50,237.783379,0.28,0.3373774138105348
-82,50,238.962539,0.24,0.3184042152803914
-115,50,240.114789,0.3,0.3358828467493704
-148,50,241.284159,0.36,0.4082591493570722
-104,50,242.426524,0.28,0.3072094525985415
-82,50,243.62285,0.24,0.29701069567602156
-93,50,244.778729,0.26,0.33232434415703543
-137,50,245.98228,0.34,0.443924375917768
-115,50,247.229156,0.3,0.37528604118993136
-126,50,248.410818,0.32,0.4598168870803662
-115,50,249.653662,0.3,0.3556083650190114
-115,50,250.84822,0.3,0.3849301397205589
-82,50,252.044967,0.24,0.346600478680968
-126,50,253.261101,0.32,0.38289741847826086
-49,50,254.525561,0.18,0.3041098719537381
-71,50,255.831838,0.22,0.3158991663358476
-104,50,257.075157,0.28,0.34120734908136485
-159,50,258.361452,0.38,0.494213750850919
-71,50,259.552406,0.22,0.20817481221344258
-82,50,260.782768,0.24,0.3354820362119632
-137,50,262.038217,0.34,0.3467127324458896
-93,50,263.236015,0.26,0.31639972486980444
-49,50,264.531403,0.18,0.2327690447400242
-115,50,265.776835,0.3,0.3626306708616665
-170,50,267.027535,0.4,0.5033426183844011
-181,50,268.317921,0.42,0.5502868411617067
-137,50,269.576397,0.34,0.4200132391879965
-82,50,270.875422,0.24,0.31729949815358394
-104,50,272.164178,0.28,0.36466458658346335
-49,50,273.387727,0.18,0.2878464818763326
-93,50,274.636934,0.26,0.3847084708470847
-60,50,275.920444,0.2,0.2871250914411119
-60,50,277.161482,0.2,0.25620915032679736
-71,50,278.377329,0.22,0.3048956083513319
-82,50,279.65409,0.24,0.2990400289802572
-49,50,280.879547,0.18,0.2364522417153996
-115,50,282.091997,0.3,0.38358383583835837
-104,50,283.355572,0.28,0.3991086667930969
-104,50,284.634893,0.28,0.3673003107293
-71,50,285.857213,0.22,0.2929665866715894
-126,50,287.109561,0.32,0.36758124148667054
-71,50,288.346357,0.22,0.24105302604459433
-82,50,289.592453,0.24,0.33762579807380155
-126,50,290.845107,0.32,0.3982494529540481
-49,50,292.085963,0.18,0.23818634015687776
-71,50,293.374421,0.22,0.31537409239187625
-126,50,294.676517,0.32,0.4183496299003929
-93,50,295.898332,0.26,0.34469396741523556
-104,50,297.156258,0.28,0.3542141230068337
-49,50,298.386817,0.18,0.31806674338319907
-27,50,299.799221,0.14,0.17556966753828912
-71,50,302.086213,0.22,0.2681569104983909
-93,50,304.375911,0.26,0.31036703155183515
-82,50,306.550328,0.24,0.3194319611720295
-126,50,308.888229,0.32,0.35784132841328414
-115,50,310.184556,0.3,0.45051226619043144
-60,50,311.528208,0.2,0.26317192358951574
-115,50,312.857337,0.3,0.3627230209596397
-126,50,314.14667,0.32,0.4139069534767384
-104,50,315.509473,0.28,0.4142521534847298
-49,50,316.824302,0.18,0.23875954378357997
-126,50,318.127974,0.32,0.3475891372621467
-93,50,319.392812,0.26,0.3432379894473757
-16,50,320.663105,0.12,0.1911412193850964
-126,50,321.933988,0.32,0.3958680748564017
-60,50,323.202598,0.2,0.31832600020464547
-93,50,324.492469,0.26,0.28048565898293154
-49,50,325.782602,0.18,0.16206069454583377
-115,50,327.046763,0.3,0.3968139681396814
-93,50,328.376792,0.26,0.3715628437156284
-93,50,329.707662,0.26,0.3153758840478477
-38,50,331.011979,0.16,0.2179215719488439
-49,50,332.315408,0.18,0.2593197278911565
-60,50,333.649559,0.2,0.23243624634613447
-60,50,334.922511,0.2,0.26903278244378215
-82,50,336.24442,0.24,0.3342048744047063
-93,50,337.533403,0.26,0.3337253748897383
-49,50,338.85874,0.18,0.23945646703573226
-104,50,340.202896,0.28,0.38679332288112145
-60,50,341.510888,0.2,0.271689497716895
-159,50,342.839121,0.38,0.4832626545159253
-60,50,344.113849,0.2,0.25112151355568557
-126,50,345.467689,0.32,0.43330365093499557
-126,50,346.794138,0.32,0.3993646238983398
-49,50,348.095214,0.18,0.302675745660305
-60,50,349.412556,0.2,0.24873326094824466
-104,50,350.780666,0.28,0.3429478698068272
-115,50,352.107829,0.3,0.37511879870747006
-93,50,353.396457,0.26,0.32124446052274575
-148,50,354.783057,0.36,0.4768538929547659
-71,50,356.076516,0.22,0.3217582015900576
-49,50,357.381658,0.18,0.24473770313011234
-104,50,358.705185,0.28,0.3397602918186555
-104,50,360.026446,0.28,0.3646437448218724
-104,50,361.344588,0.28,0.3604733938423207
-148,50,362.67196,0.36,0.4654246100519931
-137,50,364.014544,0.34,0.3994131670640015
-104,50,365.375202,0.28,0.3342344777867892
-104,50,366.748788,0.28,0.348395613322502
-71,50,368.08474,0.22,0.28496273564226215
-104,50,369.428513,0.28,0.4040351243989128
-93,50,370.779685,0.26,0.2947144161509587
-126,50,372.102684,0.32,0.43346453395862994
-60,50,373.431571,0.2,0.24349510979885589
-82,50,374.814427,0.24,0.3270032422417786
-82,50,376.190572,0.24,0.3209850993377483
-49,50,377.493077,0.18,0.23253606681852695
-181,50,378.877388,0.42,0.5000887784090909
-137,50,380.288779,0.34,0.43193997856377275
-148,50,381.667731,0.36,0.48800165494414566
-93,50,382.995422,0.26,0.3644672313865359
-82,50,384.349256,0.24,0.30061728395061726
-27,50,385.703209,0.14,0.21665588316849987
-104,50,387.035046,0.28,0.3586795575298319
-137,50,388.400284,0.34,0.3926187297348846
-115,50,389.76565,0.3,0.3908565233104445
-148,50,391.107893,0.36,0.4291283486605358
-126,50,392.461669,0.32,0.4011910215300046
-137,50,393.836464,0.34,0.439053022891802
-82,50,395.235789,0.24,0.3338512154999086
-71,50,396.566062,0.22,0.31223717409587887
-126,50,397.96212,0.32,0.41091927204853007
-71,50,399.374145,0.22,0.3120237506185057
-82,50,400.760515,0.24,0.3140696732379152
-71,50,402.091793,0.22,0.304376043018728
-159,50,403.512432,0.38,0.48349152267380546
-38,50,404.862642,0.16,0.23147394136807817
-126,50,406.231571,0.32,0.40064446831364126
-148,50,407.605425,0.36,0.47480842911877397
-60,50,408.968843,0.2,0.27684702004943695
-137,50,410.377933,0.34,0.3821749495690446
-49,50,411.734671,0.18,0.24412137769538492
-115,50,413.106758,0.3,0.3743286299499317
-115,50,414.475099,0.3,0.3701652358534109
-104,50,415.898419,0.28,0.3232163973196689
-104,50,417.261793,0.28,0.3693071061492114
-104,50,418.687833,0.28,0.3456668163448586
-137,50,420.081018,0.34,0.46608587429993775
-148,50,421.492521,0.36,0.42973870880847626
-115,50,422.917262,0.3,0.3630642954856361
-126,50,424.324147,0.32,0.45514790626200535
-159,50,425.771638,0.38,0.4537679522349524
-159,50,427.19613,0.38,0.480080226091713
-148,50,428.671845,0.36,0.419921875
-82,50,430.130054,0.24,0.31938012112575703
-104,50,431.578261,0.28,0.3918250950570342
-38,50,432.959527,0.16,0.2145631067961165
-49,50,434.347777,0.18,0.23678500986193293
-82,50,435.769521,0.24,0.3466368149518154
-49,50,437.155021,0.18,0.29209896249002393
-93,50,438.592847,0.26,0.3788102715684463
-60,50,439.986677,0.2,0.23600668337510441
-49,50,441.363671,0.18,0.24464138499587798
-27,50,442.726006,0.14,0.16795139203772558
-82,50,444.115443,0.24,0.3399019335738736
-137,50,445.554501,0.34,0.41446540880503147
-38,50,446.969231,0.16,0.23923357664233577
-71,50,448.399573,0.22,0.3166482022358747
-60,50,449.811438,0.2,0.2743485689876121
-82,50,451.201938,0.24,0.31728820429671667
-49,50,452.591841,0.18,0.24460199806638735
-93,50,453.984523,0.26,0.3432439607114415
-159,50,455.450967,0.38,0.4695356946228666
-49,50,456.839821,0.18,0.2621817383669886
-148,50,458.272461,0.36,0.4268120489488547
-82,50,459.695128,0.24,0.3310175725378014
-49,50,461.135851,0.18,0.32343733131814745
-93,50,462.553462,0.26,0.31542553191489364
-170,50,463.999656,0.4,0.46503102086858433
-93,50,465.448272,0.26,0.3027434312210201
-82,50,466.844081,0.24,0.3247779838001366
-82,50,468.266185,0.24,0.342437539177935
-93,50,469.713075,0.26,0.32497995188452283
-104,50,471.165672,0.28,0.3225196254610801
-148,50,472.614438,0.36,0.4307876996952627
-60,50,473.993122,0.2,0.2778776127872884
-82,50,475.433768,0.24,0.362348615916955
-38,50,476.848582,0.16,0.2413224743067675
-82,50,478.283387,0.24,0.34156676312525835
-27,50,479.697639,0.14,0.19440410494723595
-115,50,481.157892,0.3,0.4218203033838973
-27,50,482.539214,0.14,0.20573538996306756
-104,50,484.00562,0.28,0.45791514598540145
-71,50,485.423252,0.22,0.26173130490679236
-115,50,486.852867,0.3,0.3818936877076412
-104,50,488.355985,0.28,0.3820136852394917
-49,50,489.756274,0.18,0.22399250234301782
-159,50,491.303171,0.38,0.4813497404345318
-93,50,492.75765,0.26,0.32941994956083137
-82,50,494.186905,0.24,0.34088417975886004
-71,50,495.634348,0.22,0.28752407013276576
-71,50,497.106931,0.22,0.30377435064935066
-104,50,498.601203,0.28,0.34363411619283063
-60,50,500.083743,0.2,0.32024834768676147
-93,50,501.599025,0.26,0.3208390332877337
-93,50,503.091113,0.26,0.3927504481179048
-60,50,504.512665,0.2,0.2670764350153663
-82,50,505.980553,0.24,0.3591577674793472
-170,50,507.468999,0.4,0.48368965171133194
-159,50,508.988075,0.38,0.48733826247689466
-115,50,510.482049,0.3,0.3693141435678749
-137,50,512.045724,0.34,0.4351098276012952
-115,50,513.514574,0.3,0.4300391389432485
-71,50,514.999816,0.22,0.28229898516783763
-60,50,516.455135,0.2,0.25128100020496
-126,50,517.951679,0.32,0.4216481069042316
-82,50,519.392812,0.24,0.33400479616306955
-60,50,520.878034,0.2,0.23778810585222424
-82,50,522.34921,0.24,0.2624556820302295
-148,50,523.867612,0.36,0.41809739768923443
-170,50,525.41283,0.4,0.5292196918955124
-126,50,526.939622,0.32,0.41867846494181016
-38,50,528.390277,0.16,0.19012635909491626
-137,50,529.901312,0.34,0.43043242265243353
-126,50,531.426162,0.32,0.397428204029147
-93,50,532.973075,0.26,0.3440712187958884
-49,50,534.420613,0.18,0.2372444104720046
-115,50,535.946781,0.3,0.4052223509491133
-82,50,537.398858,0.24,0.31683442607812357
-159,50,538.921644,0.38,0.4587720719261299
-71,50,540.404485,0.22,0.3052032357934685
-159,50,541.947506,0.38,0.477255848496101
-115,50,543.463459,0.3,0.3676585408172118
-82,50,544.945624,0.24,0.29654255319148937
-49,50,546.39958,0.18,0.24760901991752216
-71,50,547.869166,0.22,0.31067073170731707
-137,50,549.427775,0.34,0.4578769577234108
-148,50,550.958126,0.36,0.4119659479672209
-115,50,552.506526,0.3,0.38124765125892524
-137,50,554.085393,0.34,0.40738118417559077
-137,50,555.644434,0.34,0.43907834101382487
-60,50,557.129466,0.2,0.28784272238384906
-71,50,558.643162,0.22,0.29617407445601734
-60,50,560.189468,0.2,0.32714712856995565
-115,50,561.732703,0.3,0.4101157830591103
-137,50,563.279191,0.34,0.4425511585317302
-82,50,564.844185,0.24,0.30020521841102316
-126,50,566.462567,0.32,0.46900932281528535
-104,50,568.010456,0.28,0.4080804175526774
-82,50,569.534273,0.24,0.32364904125508426
-49,50,571.039669,0.18,0.2446319018404908
-104,50,572.579705,0.28,0.36782087564508076
-137,50,574.162171,0.34,0.39737590604642625
-60,50,575.677418,0.2,0.2779643765903308
-60,50,577.206629,0.2,0.29081531442174174
-115,50,578.775912,0.3,0.3826875374219485
-82,50,580.31192,0.24,0.2812584512755792
-27,50,581.842905,0.14,0.18081109719680186
-93,50,583.377106,0.26,0.4009321792066965
-49,50,584.884612,0.18,0.28368794326241137
-126,50,586.452464,0.32,0.3821138211382114
-104,50,588.036102,0.28,0.36373816552987887
-49,50,589.509695,0.18,0.272735581756695
-126,50,591.128091,0.32,0.37923121055651177
-126,50,592.652055,0.32,0.4187475069804547
-71,50,594.184616,0.22,0.27169505271695055
-104,50,595.776784,0.28,0.38454261659256456
-104,50,597.343724,0.28,0.3674822107417877
-82,50,598.871147,0.24,0.3141104294478528
-159,50,600.453197,0.38,0.44215695533100385
-181,50,602.049799,0.42,0.4659509956568057
-82,50,603.660497,0.24,0.33920889728255166
-71,50,605.243742,0.22,0.34698770064623724
-115,50,606.796364,0.3,0.36051144260168627
-104,50,608.476479,0.28,0.3555882662180633
-104,50,610.058543,0.28,0.3680099414166519
-104,50,611.65142,0.28,0.3787740164684355
-115,50,613.26768,0.3,0.4063249124101051
-148,50,614.900871,0.36,0.4401129943502825
-115,50,616.578762,0.3,0.3768451519536903
-60,50,618.104635,0.2,0.3052553507098962
-71,50,619.660752,0.22,0.30509407985314363
-60,50,621.242546,0.2,0.2504939438192595
-60,50,622.944338,0.2,0.31541142917502907
-104,50,624.554237,0.28,0.3878581925055107
-104,50,626.176377,0.28,0.3507659799260433
-115,50,627.78451,0.3,0.38003703377127235
-71,50,629.347161,0.22,0.28217081537514294
-126,50,630.964493,0.32,0.3745707493176015
-60,50,632.539995,0.2,0.2893017558187015
-159,50,634.187663,0.38,0.5105239982386613
-71,50,635.782443,0.22,0.2871277709066692
-126,50,637.401196,0.32,0.43504213483146065
-60,50,638.936048,0.2,0.31343283582089554
-38,50,640.510014,0.16,0.23423753665689148
-82,50,642.114614,0.24,0.32104934415990005
-49,50,643.681101,0.18,0.2580253723110866
-38,50,645.232393,0.16,0.22195704057279236
-82,50,646.821438,0.24,0.2802038485194623
-115,50,648.421082,0.3,0.46775727601293515
-181,50,650.089885,0.42,0.5686388807927718
-137,50,651.765279,0.34,0.4707394226967181
-93,50,653.36221,0.26,0.33302652497698937
-148,50,655.00976,0.36,0.4502400903869692
-104,50,656.64405,0.28,0.3790373654211526
-49,50,658.219357,0.18,0.23805779437782584
-60,50,659.770378,0.2,0.26767895878524944
-93,50,661.399642,0.26,0.28867761452031115
-104,50,662.986187,0.28,0.4148690679241497
-82,50,664.581687,0.24,0.2638711578120397
-93,50,666.175025,0.26,0.31605304646202353
-82,50,667.820807,0.24,0.33350714360204403
-148,50,669.517751,0.36,0.42487986218152146
-126,50,671.162712,0.32,0.4372633856138453
-115,50,672.802476,0.3,0.37641215426567975
-60,50,674.432399,0.2,0.2561967652406929
-49,50,676.055476,0.18,0.2322687681459975
-49,50,677.626921,0.18,0.25920846394984326
-137,50,679.29379,0.34,0.413801652892562
-104,50,680.957968,0.28,0.39882854100106496
-27,50,682.514498,0.14,0.23663366336633662
-82,50,684.127637,0.24,0.3373447204968944
-93,50,685.778166,0.26,0.3915970035826729
-115,50,687.429252,0.3,0.36267176900330494
-104,50,689.133436,0.28,0.39944401840490795
-60,50,690.741268,0.2,0.28916090118857546
-27,50,692.31266,0.14,0.20795019157088124
-82,50,693.915202,0.24,0.30765461138880723
-104,50,695.546456,0.28,0.3773181169757489
-104,50,697.18609,0.28,0.38116274960240326
-49,50,698.791364,0.18,0.21949539309394644
-93,50,701.815755,0.26,0.33570809665928564
-49,50,704.847671,0.18,0.2700392927308448
-60,50,707.675401,0.2,0.30789928887180473
-60,50,709.574278,0.2,0.2735920852359209
-104,50,711.227335,0.28,0.26585083831181344
-93,50,712.859559,0.26,0.287402307406029
-60,50,714.432257,0.2,0.23720971616691877
-115,50,716.095898,0.3,0.4632114260982471
-126,50,717.757822,0.32,0.3851074298835493
-93,50,719.406588,0.26,0.36254716981132074
-170,50,721.103472,0.4,0.4513799329378385
-16,50,722.630708,0.12,0.18532568467801627
-71,50,724.214568,0.22,0.2992799661160525
-82,50,725.83566,0.24,0.3251318101933216
-93,50,727.460757,0.26,0.340962262231716
-93,50,729.245064,0.26,0.3704217536071032
-38,50,730.845257,0.16,0.22005136672170245
-49,50,732.469735,0.18,0.27538148524923706
-38,50,734.065599,0.16,0.24976977386677582
-49,50,735.740801,0.18,0.22889323280275528
-93,50,737.457443,0.26,0.33298906962733454
-82,50,739.123001,0.24,0.2993032977241059
-71,50,740.813154,0.22,0.32396115627822947
-93,50,742.620088,0.26,0.3261794459676657
-60,50,744.246954,0.2,0.25529671172466684
-115,50,745.93012,0.3,0.3822460476103943
-71,50,747.593408,0.22,0.348441615452151
-115,50,749.293751,0.3,0.3786599604814083
-60,50,750.94512,0.2,0.3331892826274849
-71,50,752.584041,0.22,0.30765737124171133
-137,50,754.302273,0.34,0.4226794860274957
-60,50,755.930178,0.2,0.2804019156728331
-16,50,757.535869,0.12,0.1867518766484074
-49,50,759.157901,0.18,0.2555018786902845
-126,50,760.911375,0.32,0.45256975036710717
-137,50,762.661184,0.34,0.42116104868913856
-126,50,764.366131,0.32,0.43291958985429035
-104,50,766.10952,0.28,0.4049
-71,50,767.802659,0.22,0.29167018313781756
-49,50,769.44447,0.18,0.2941057934508816
-60,50,771.185836,0.2,0.28889115576864227
-104,50,772.88244,0.28,0.3480012894906512
-93,50,774.559808,0.26,0.3251651982378855
-104,50,776.263076,0.28,0.35546625262581055
-126,50,778.02047,0.32,0.3934684241589612
-16,50,779.641355,0.12,0.17715865589111016
-82,50,781.349973,0.24,0.33303093531706435
-38,50,783.015983,0.16,0.2847199564980968
-115,50,784.753712,0.3,0.42613948380010985
-49,50,786.409796,0.18,0.26094229160858656
-71,50,788.091984,0.22,0.2743694912296012
-93,50,789.833443,0.26,0.39076203469109333
-115,50,791.556781,0.3,0.4130970432145565
-71,50,793.226183,0.22,0.28414134516899964
-104,50,794.939278,0.28,0.39305183405710065
-126,50,796.726499,0.32,0.3805609284332689
-137,50,798.468004,0.34,0.4208117956105415
-104,50,800.172861,0.28,0.39749592833876224
-148,50,801.926359,0.36,0.4463674058049396
-104,50,803.624695,0.28,0.36245954692556637
-93,50,805.329368,0.26,0.33070793180133434
-104,50,807.034791,0.28,0.33419137227054857
-104,50,808.722001,0.28,0.40619621342512907
-115,50,810.4578,0.3,0.3331023130901845
-115,50,812.178568,0.3,0.3360212886057576
-49,50,813.847234,0.18,0.2461072212352388
-93,50,815.606918,0.26,0.3542279411764706
-71,50,817.262786,0.22,0.26026365348399244
-71,50,818.972448,0.22,0.250634338877925
-93,50,820.674337,0.26,0.3368876080691643
-137,50,822.423388,0.34,0.4131650288037953
-148,50,824.215564,0.36,0.40787344957756605
-126,50,826.02242,0.32,0.38280534700604285
-71,50,827.738536,0.22,0.2502218278615794
-71,50,829.441098,0.22,0.28551559705940793
-115,50,831.276916,0.3,0.37200585116108975
-82,50,832.989447,0.24,0.3168728078272106
-71,50,834.736124,0.22,0.34259535902798527
-38,50,836.421681,0.16,0.2595252343905845
-82,50,838.141467,0.24,0.31016095586057074
-148,50,839.940157,0.36,0.4834687846324344
-71,50,841.641911,0.22,0.2952410770194114
-104,50,843.411269,0.28,0.4002310438983407
-104,50,845.177336,0.28,0.3332717872968981
-71,50,846.899789,0.22,0.28250503337925187
-126,50,848.710178,0.32,0.42974786498576656
-38,50,850.43836,0.16,0.22719393282773565
-115,50,852.198868,0.3,0.38985721319547023
-93,50,853.94459,0.26,0.37142572481817276
-93,50,855.724747,0.26,0.31369270116073183
-126,50,857.545773,0.32,0.30209146923544217
-82,50,859.303414,0.24,0.2734762755608497
-137,50,861.118224,0.34,0.4058345289335246
-82,50,862.875235,0.24,0.27793175953359456
-71,50,864.67541,0.22,0.3076242006886375
-49,50,866.408459,0.18,0.291062429291371
-71,50,868.099426,0.22,0.23494307748806464
-104,50,869.864933,0.28,0.40920843277645186
-104,50,871.655302,0.28,0.37259309940377283
-93,50,873.416619,0.26,0.34189974573192883
-181,50,875.286034,0.42,0.4795602885606321
-137,50,877.081791,0.34,0.4329102447869447
-137,50,878.876608,0.34,0.4293189074139766
-82,50,880.622628,0.24,0.3188653759567762
-137,50,882.428275,0.34,0.4659966826031808
-126,50,884.263449,0.32,0.3914664051005395
-115,50,886.107982,0.3,0.40723633564280215
-27,50,887.862079,0.14,0.13781378137813782
-148,50,889.751824,0.36,0.4725025940948967
-126,50,891.646716,0.32,0.4233255753814326
-126,50,893.459964,0.32,0.43080733036156516
-159,50,895.365021,0.38,0.47709429729962904
-60,50,897.205785,0.2,0.26018668102674564
-93,50,899.003296,0.26,0.3723202428381711
-82,50,900.792666,0.24,0.3438307172660441
-60,50,902.5266,0.2,0.28328957239309827
-115,50,904.344028,0.3,0.37157833430401865
-49,50,906.109742,0.18,0.21726296958855099
-126,50,907.951622,0.32,0.417914979757085
-104,50,909.782204,0.28,0.36576659038901604
-71,50,911.648477,0.22,0.2618981609832733
-126,50,913.496254,0.32,0.42822338830584705
-71,50,915.287375,0.22,0.24777933613838243
-104,50,917.161444,0.28,0.35280765814664955
-38,50,918.938516,0.16,0.21480202826626388
-49,50,920.731817,0.18,0.23917504617278884
-60,50,922.530878,0.2,0.24375
-148,50,924.402902,0.36,0.5152266640214265
-159,50,926.349513,0.38,0.5353159851301115
-82,50,928.171055,0.24,0.3276778413736713
-148,50,930.059473,0.36,0.46864001443913006
-82,50,931.88603,0.24,0.310790039963111
-82,50,933.6968,0.24,0.25540983606557377
-115,50,935.530496,0.3,0.3692618274379005
-93,50,937.363433,0.26,0.36978798586572437
-115,50,939.175013,0.3,0.33245481927710846
-104,50,941.004616,0.28,0.3636835009851706
-60,50,942.753323,0.2,0.22174760887733308
-82,50,944.550086,0.24,0.30775408227000983
-49,50,946.333709,0.18,0.1848532771041996
-104,50,948.252344,0.28,0.34718156925691623
-49,50,950.038588,0.18,0.255773300211611
-115,50,951.913449,0.3,0.3992077843795746
-49,50,953.655048,0.18,0.22802414064549986
-60,50,955.437304,0.2,0.25388974755280785
-93,50,957.337851,0.26,0.3456886461178307
-71,50,959.166058,0.22,0.27946959304984
-104,50,961.029592,0.28,0.35769093504639543
-49,50,962.804258,0.18,0.24045908369879632
-71,50,964.59139,0.22,0.2743264512545135
-38,50,966.371494,0.16,0.2381104033970276
-126,50,968.261835,0.32,0.4134957825679475
-159,50,970.209349,0.38,0.5097983794987752
-126,50,972.101193,0.32,0.43112910481331534
-126,50,973.95874,0.32,0.49467259749663806
-148,50,975.868797,0.36,0.4805496828752643
-71,50,977.689442,0.22,0.3008900373241459
-126,50,979.628591,0.32,0.40466458283241163
-159,50,981.613233,0.38,0.47766823831975996
-82,50,983.435155,0.24,0.3074823943661972
-126,50,985.297258,0.32,0.3948071464351311
-93,50,987.143628,0.26,0.31011702529256324
-93,50,989.059234,0.26,0.41057692307692306
-115,50,990.979659,0.3,0.35822314406706424
-126,50,992.87699,0.32,0.3952884270870656
-82,50,994.71154,0.24,0.34394124847001223
-104,50,996.567902,0.28,0.3575010998680158
-82,50,998.373425,0.24,0.34481474585738225
-170,50,1000.344527,0.4,0.42406238395841067
-104,50,1002.281285,0.28,0.32286957263499105
-115,50,1004.190383,0.3,0.352497643732328
-115,50,1006.05816,0.3,0.4275414563806777
-137,50,1007.970474,0.34,0.41897592853006865
-27,50,1009.804724,0.14,0.15087271179225203
-104,50,1011.737892,0.28,0.35240407965031567
-93,50,1013.57623,0.26,0.36576763485477176
-115,50,1015.491609,0.3,0.4381301558203483
-137,50,1017.392536,0.34,0.34857092911458787
-104,50,1019.296091,0.28,0.37948072079054446
-71,50,1021.14697,0.22,0.2945054945054945
-93,50,1023.007548,0.26,0.31886625332152346
-82,50,1024.849153,0.24,0.33423558897243105
-93,50,1026.748531,0.26,0.36438657619658904
-137,50,1028.662274,0.34,0.4825484764542936
-49,50,1030.520892,0.18,0.2365898429532939
-71,50,1032.424549,0.22,0.26876314105494103
-49,50,1034.279408,0.18,0.2852877586739421
-126,50,1036.169011,0.32,0.44629974872335254
-115,50,1038.122036,0.3,0.3972335685109543
-82,50,1040.0386,0.24,0.3377236091999214
-115,50,1041.992084,0.3,0.4123292727943891
-82,50,1043.871232,0.24,0.34195437355129926
-148,50,1045.852614,0.36,0.4040722439938661
-93,50,1047.755016,0.26,0.37516129032258067
-93,50,1049.670018,0.26,0.3505074160811866
-93,50,1051.570168,0.26,0.34879271070615037
-104,50,1053.469285,0.28,0.4469074394463668
-60,50,1055.285876,0.2,0.2748459167950693
-60,50,1057.127778,0.2,0.25854700854700857
-27,50,1058.959052,0.14,0.20833333333333334
-60,50,1060.84744,0.2,0.3065875741492351
-104,50,1062.753396,0.28,0.41836202399582684
-93,50,1064.647754,0.26,0.37054631828978624
-93,50,1066.551232,0.26,0.40248112189859764
-104,50,1068.48616,0.28,0.3829072588169435
-49,50,1070.335742,0.18,0.22792245936949285
-49,50,1072.22921,0.18,0.24095394736842105
-82,50,1074.142831,0.24,0.2983108787452242
-104,50,1076.083112,0.28,0.3333029363487142
-93,50,1077.954256,0.26,0.31109359950967513
-104,50,1079.924002,0.28,0.38231205218693187
-104,50,1081.854891,0.28,0.364672624475652
-93,50,1083.771004,0.26,0.3426298229104286
-126,50,1085.766942,0.32,0.3890158091930915
-115,50,1087.757846,0.3,0.37556911750460137
-148,50,1089.783483,0.36,0.5017717269675495
-71,50,1093.609408,0.22,0.29042818988541397
-71,50,1097.399479,0.22,0.3225710607111023
-115,50,1100.024874,0.3,0.39392518983781755
-71,50,1101.988583,0.22,0.29425037606551896
-93,50,1103.946184,0.26,0.3263310394784498
-104,50,1105.868443,0.28,0.35083789613406335
-82,50,1107.793353,0.24,0.3451505016722408
-148,50,1109.794673,0.36,0.43049289891395154
-82,50,1111.682753,0.24,0.3334543474314758
-49,50,1113.534371,0.18,0.2856131121003642
-126,50,1115.520364,0.32,0.41765041888804266
-126,50,1117.526246,0.32,0.41471400798117264
-115,50,1119.496225,0.3,0.38980355472404116
-137,50,1121.516664,0.34,0.44489404749227984
-148,50,1123.535498,0.36,0.4535471331389699
-49,50,1125.412719,0.18,0.1812831077104179
-104,50,1127.404383,0.28,0.32341269841269843
-93,50,1129.343155,0.26,0.36634856855851333
-60,50,1131.28575,0.2,0.3103691749041759
-93,50,1133.205916,0.26,0.29845288326300984
-104,50,1135.208474,0.28,0.35961822520168163
-82,50,1137.136617,0.24,0.28766399577353174
-38,50,1139.026975,0.16,0.23024211968935587
-104,50,1141.038546,0.28,0.34465730097914005
-225,50,1143.189099,0.5,0.6143575674439872
-71,50,1145.128547,0.22,0.30357142857142855
-170,50,1147.209184,0.4,0.4719584449314179
-82,50,1149.148629,0.24,0.3071861016056857
-93,50,1151.169321,0.26,0.3697758637564843
-115,50,1153.199484,0.3,0.39562494917459545
-126,50,1155.222084,0.32,0.4684939523995318
-115,50,1157.276354,0.3,0.4314702418697346
-104,50,1159.316587,0.28,0.3945759368836292
-49,50,1161.260434,0.18,0.22100242958697022
-38,50,1163.208819,0.16,0.22580341155404768
-159,50,1165.306495,0.38,0.4851608317042829
-104,50,1167.32799,0.28,0.32578092461474384
-93,50,1169.333324,0.26,0.3813338882530434
-126,50,1171.387975,0.32,0.43281744635947944
-115,50,1173.419575,0.3,0.3744030563514804
-159,50,1175.535716,0.38,0.5097965688572232
-71,50,1177.507575,0.22,0.34649335532059367
-93,50,1179.508372,0.26,0.35271559796664587
-104,50,1181.560143,0.28,0.36640865429450714
-104,50,1183.587904,0.28,0.4061382598331347
-71,50,1185.552382,0.22,0.26327490380504487
-126,50,1187.587269,0.32,0.4080520393811533
-115,50,1189.579484,0.3,0.36276497695852533
-60,50,1191.546047,0.2,0.23463634655140012
-82,50,1193.558536,0.24,0.28911138923654567
-93,50,1195.581671,0.26,0.34341358387159915
-38,50,1197.559529,0.16,0.2005279366476023
-38,50,1199.521006,0.16,0.23592723116487285
-38,50,1201.544865,0.16,0.1890338917023763
-93,50,1203.606099,0.26,0.3901539110267763
-71,50,1205.568872,0.22,0.2722379344950278
-115,50,1207.697083,0.3,0.3573730098559515
-104,50,1209.710071,0.28,0.3439013248058474
-93,50,1211.812828,0.26,0.36426592797783935
-137,50,1213.912284,0.34,0.37576226889942893
-148,50,1216.045142,0.36,0.5056229522713185
-93,50,1218.141345,0.26,0.371958174904943
-60,50,1220.133182,0.2,0.2874022904926377
-104,50,1222.198867,0.28,0.3138609112709832
-104,50,1224.2939,0.28,0.3724972050005082
-93,50,1226.328254,0.26,0.35023573559126336
-27,50,1228.251549,0.14,0.1768535613642989
-49,50,1230.211731,0.18,0.21795511221945138
-104,50,1232.293887,0.28,0.38257612141004704
-82,50,1234.355571,0.24,0.33550311906699215
-148,50,1236.522684,0.36,0.4691650853889943
-104,50,1238.595438,0.28,0.3863423760523854
-60,50,1240.59462,0.2,0.24579710144927536
-137,50,1242.672133,0.34,0.467489370527844
-71,50,1244.656717,0.22,0.3358825961140967
-71,50,1246.721296,0.22,0.27993527508090615
-49,50,1248.700088,0.18,0.2955252918287938
-115,50,1250.772988,0.3,0.3780959752321981
-137,50,1252.870435,0.34,0.4690052446049351
-126,50,1255.051334,0.32,0.40094815412547913
-104,50,1257.133992,0.28,0.39048385654234863
-115,50,1259.286762,0.3,0.4042319318494092
-115,50,1261.355286,0.3,0.3839479392624729
-148,50,1263.490653,0.36,0.41752669039145907
-71,50,1265.474756,0.22,0.2720292162187471
-93,50,1267.50918,0.26,0.3236607142857143
-93,50,1269.596677,0.26,0.29863958255683937
-82,50,1271.679579,0.24,0.29887683228631257
-104,50,1273.804875,0.28,0.3695909629224743
-159,50,1275.996991,0.38,0.43796374565605334
-82,50,1278.066742,0.24,0.32474978136235544
-60,50,1280.138773,0.2,0.27470263182541915
-49,50,1282.186107,0.18,0.18975658311465027
-82,50,1284.288035,0.24,0.3362313362313362
-93,50,1286.424984,0.26,0.3301020845843699
-82,50,1288.468058,0.24,0.26130172990538086
-82,50,1290.545873,0.24,0.27642752562225475
-104,50,1292.639435,0.28,0.4057971014492754
-16,50,1294.578033,0.12,0.18990488543017725
-60,50,1296.625407,0.2,0.3057189211113364
-93,50,1298.689922,0.26,0.3034453781512605
-126,50,1300.790226,0.32,0.43439240767485043
-126,50,1302.960101,0.32,0.3996469057795949
-104,50,1305.014131,0.28,0.36919603416118585
-27,50,1307.018071,0.14,0.2081931525826242
-115,50,1309.154218,0.3,0.39358576791251837
-148,50,1311.368001,0.36,0.4443059389190633
-192,50,1313.601719,0.44,0.5120732017283741
-60,50,1315.649752,0.2,0.2574712643678161
-137,50,1317.818896,0.34,0.44039577585386736
-148,50,1319.999569,0.36,0.4370668006027122
-60,50,1322.054325,0.2,0.2679844150907536
-115,50,1324.175132,0.3,0.35072856658759743
-49,50,1326.213331,0.18,0.2535101404056162
-27,50,1328.193372,0.14,0.21654501216545013
-137,50,1330.34961,0.34,0.44165423504060997
-104,50,1332.529612,0.28,0.3571826797992938
-115,50,1334.74626,0.3,0.42341837211475564
-93,50,1336.887813,0.26,0.34466149317634465
-60,50,1338.950805,0.2,0.2906574394463668
-71,50,1341.099045,0.22,0.28826362005476347
-49,50,1343.138125,0.18,0.26560477849676456
-71,50,1345.263337,0.22,0.3097353497164461
-115,50,1347.408592,0.3,0.3643004307922832
-16,50,1349.388697,0.12,0.17643540669856458
-93,50,1351.531762,0.26,0.32252466203872854
-137,50,1353.715479,0.34,0.4596114096734188
-82,50,1355.747589,0.24,0.321345165810369
-93,50,1357.885421,0.26,0.3417404525534389
-82,50,1359.941806,0.24,0.3304257134730255
-104,50,1362.127607,0.28,0.3799606721487308
-126,50,1364.259251,0.32,0.39245212864844764
-60,50,1366.351191,0.2,0.28557655225607403
-60,50,1368.388331,0.2,0.25433085855701504
-38,50,1370.389126,0.16,0.19459323736190157
-126,50,1372.594576,0.32,0.41416587390815535
-93,50,1374.721595,0.26,0.34259611724400457
-82,50,1376.837838,0.24,0.33608917789131443
-82,50,1378.890209,0.24,0.315130715655597
-148,50,1381.099393,0.36,0.4687272727272727
-27,50,1383.119576,0.14,0.20320962888665997
-60,50,1385.13642,0.2,0.2611094689131934
-60,50,1387.208171,0.2,0.273496413463307
-93,50,1389.332731,0.26,0.3571793561573838
-93,50,1391.482913,0.26,0.3299167850619038
-82,50,1393.658403,0.24,0.3149696048632219
-71,50,1395.750527,0.22,0.2447831609508256
-71,50,1397.857646,0.22,0.2770587131870193
-104,50,1400.061746,0.28,0.3641902337001
-16,50,1402.098886,0.12,0.20654857756307032
-60,50,1404.240778,0.2,0.2807783578547698
-71,50,1406.424269,0.22,0.3084455324357405
-104,50,1408.604153,0.28,0.36113477594138693
-71,50,1410.72296,0.22,0.35127451909409646
-82,50,1412.864714,0.24,0.312137629502899
-16,50,1414.943001,0.12,0.152661193616825
-82,50,1417.096207,0.24,0.3197594971303635
-49,50,1419.233346,0.18,0.24308657227026514
-115,50,1421.450289,0.3,0.4267379679144385
-115,50,1423.663985,0.3,0.4115740740740741
-82,50,1425.81569,0.24,0.34916519755262887
-148,50,1428.060712,0.36,0.4902276848680234
-115,50,1430.285899,0.3,0.34931268487906736
-93,50,1432.471836,0.26,0.3071570576540755
-137,50,1434.736411,0.34,0.47628065524098095
-93,50,1436.930697,0.26,0.35205689080925373
-49,50,1439.034987,0.18,0.24465203176085942
-137,50,1441.276367,0.34,0.4417437937894646
-49,50,1443.390378,0.18,0.226890756302521
-60,50,1445.495449,0.2,0.24887255720728244
-93,50,1447.68005,0.26,0.36879500720115216
-60,50,1449.774083,0.2,0.28174376546735197
-126,50,1451.996272,0.32,0.4361994840928633
-71,50,1454.20892,0.22,0.2821979368808089
-93,50,1456.404873,0.26,0.30988612314824143
-82,50,1458.633566,0.24,0.2983329945110795
-137,50,1462.711799,0.34,0.39111447047954984
-27,50,1466.401309,0.14,0.19989682744389992
-159,50,1469.677747,0.38,0.4734492699711708
-71,50,1471.839591,0.22,0.32580841976815134
-104,50,1474.060886,0.28,0.4061633281972265
-71,50,1476.195044,0.22,0.2917180533156247
-49,50,1478.300674,0.18,0.2722464934467694
-115,50,1480.489776,0.3,0.39206883651328095
-115,50,1482.711007,0.3,0.4325111495403659
-115,50,1484.997044,0.3,0.31710914454277284
-126,50,1487.245706,0.32,0.39787820566368726
-49,50,1489.389355,0.18,0.24013417521704813
-104,50,1491.637315,0.28,0.36932218753147344
-27,50,1493.72912,0.14,0.2072039942938659
-104,50,1495.970851,0.28,0.41741890685447874
-93,50,1498.189813,0.26,0.35228645383951684
-170,50,1500.529413,0.4,0.5059278774905318
-115,50,1502.749082,0.3,0.3868045297882816
-148,50,1505.040781,0.36,0.45599046294456586
-148,50,1507.366182,0.36,0.4380876967237454
-159,50,1509.75786,0.38,0.4351693465617516
-115,50,1512.03028,0.3,0.3260982359045313
-159,50,1514.461119,0.38,0.4423389279913373
-104,50,1516.681414,0.28,0.378335361857504
-71,50,1518.897344,0.22,0.3176481909160893
-104,50,1521.140628,0.28,0.3945330721149361
-27,50,1523.217057,0.14,0.19498888664376643
-104,50,1525.468893,0.28,0.36266467810091974
-49,50,1527.597313,0.18,0.2566804258092548
-115,50,1529.882864,0.3,0.3920166815609175
-115,50,1532.154018,0.3,0.426594119893089
-115,50,1534.423606,0.3,0.3799411656554514
-71,50,1536.583309,0.22,0.3115057343692194
-60,50,1538.773954,0.2,0.279456046624575
-27,50,1540.946041,0.14,0.16755914711323142
-60,50,1543.080375,0.2,0.24782205746061167
-5,50,1545.192816,0.1,0.1393640350877193
-60,50,1547.384171,0.2,0.2906574394463668
-148,50,1549.757556,0.36,0.49723054571869607
-27,50,1551.856647,0.14,0.19506603081438004
-104,50,1554.117179,0.28,0.3570842824601367
-38,50,1556.254491,0.16,0.20937340804890472
-148,50,1558.618489,0.36,0.41987680426588214
-115,50,1560.902223,0.3,0.371567479967588
-104,50,1563.207359,0.28,0.38636758824552253
-38,50,1565.319631,0.16,0.25861733203505355
-71,50,1567.541394,0.22,0.28996469994957136
-82,50,1569.815286,0.24,0.3069326103795507
-60,50,1572.015253,0.2,0.2960707269155206
-93,50,1574.279567,0.26,0.3361280487804878
-104,50,1576.553119,0.28,0.40374500315590156
-115,50,1578.888632,0.3,0.3196654758038324
-148,50,1581.229869,0.36,0.44965155034844967
-82,50,1583.456981,0.24,0.3454278728606357
-170,50,1585.875473,0.4,0.5351700474316278
-104,50,1588.139787,0.28,0.3698941660106709
-148,50,1590.585718,0.36,0.46314972847168345
-137,50,1592.996521,0.34,0.40695856137607506
-104,50,1595.272513,0.28,0.39451857194374323
-192,50,1597.729707,0.44,0.5508370377376336
-104,50,1600.055775,0.28,0.355134074558535
-82,50,1602.288525,0.24,0.2973782771535581
-137,50,1604.672949,0.34,0.42117096861228526
-115,50,1606.979186,0.3,0.36657903384817614
-93,50,1609.247131,0.26,0.3465523737754333
-82,50,1611.503543,0.24,0.32507682279541855
-115,50,1613.872681,0.3,0.35918958031837916
-93,50,1616.150553,0.26,0.30767613038906416
-170,50,1618.638989,0.4,0.44855595667870035
-137,50,1621.01429,0.34,0.4640423242467719
-71,50,1623.274458,0.22,0.27786893157031173
-27,50,1625.438329,0.14,0.19912060301507536
-71,50,1627.686647,0.22,0.2741505662891406
-38,50,1629.941058,0.16,0.19538202517437667
-104,50,1632.259259,0.28,0.3966901684292989
-71,50,1634.527778,0.22,0.31385813858138584
-126,50,1636.906435,0.32,0.37728774216587807
-60,50,1639.144676,0.2,0.2823667782502488
-93,50,1641.445234,0.26,0.3532556807332442
-60,50,1643.670019,0.2,0.30661188610739537
-93,50,1646.024346,0.26,0.33159073935772965
-137,50,1648.424396,0.34,0.48865327380952384
-148,50,1650.872645,0.36,0.48998014081964253
-126,50,1653.274041,0.32,0.3782716896936411
-115,50,1655.648464,0.3,0.3974544141541795
-82,50,1657.909237,0.24,0.32925859670045715
-49,50,1660.159092,0.18,0.2317360565593087
-159,50,1662.580103,0.38,0.4755409219190969
-148,50,1665.022462,0.36,0.40655418559377027
-71,50,1667.28542,0.22,0.29208250166334
-82,50,1669.614691,0.24,0.33857474044955144
-93,50,1671.907468,0.26,0.3586758821389596
-137,50,1674.373521,0.34,0.44608720218476317
-49,50,1676.637897,0.18,0.22390503479328694
-82,50,1678.985722,0.24,0.3192296178026145
-82,50,1681.315096,0.24,0.31755461862782675
-38,50,1683.535515,0.16,0.24131378935939196
-49,50,1685.77152,0.18,0.30904986661194334
-60,50,1688.053722,0.2,0.24035472664106783
-104,50,1690.360056,0.28,0.34628543499511244
-60,50,1692.602541,0.2,0.2475872308834447
-71,50,1694.939688,0.22,0.27708013370674855
-71,50,1697.230716,0.22,0.28442257067643356
-82,50,1699.59082,0.24,0.3051114240742275
-115,50,1701.99535,0.3,0.39266772122452775
-104,50,1704.3627,0.28,0.3131528046421663
-115,50,1706.7283,0.3,0.38389171546510514
-38,50,1708.982862,0.16,0.24122594991781882
-71,50,1711.296617,0.22,0.31625097427903354
-60,50,1713.589687,0.2,0.2748279757625552
-104,50,1715.927376,0.28,0.3503775816577199
-93,50,1718.265131,0.26,0.3529842165778196
-126,50,1720.757431,0.32,0.392072996863416
-115,50,1723.101926,0.3,0.4139716569767442
-148,50,1725.592409,0.36,0.5055945382135407
-16,50,1727.763004,0.12,0.1451630858287877
-115,50,1730.167837,0.3,0.397796817625459
-60,50,1732.442854,0.2,0.24519955765557455
-82,50,1734.787812,0.24,0.3304101838755304
-93,50,1737.109405,0.26,0.3765466297322253
-148,50,1739.623429,0.36,0.4751406696799188
-148,50,1742.066152,0.36,0.41995749955728706
-60,50,1744.349351,0.2,0.29320706610817704
-104,50,1746.678106,0.28,0.3362875430822255
-115,50,1749.070345,0.3,0.39972409036040696
-104,50,1751.415807,0.28,0.36492763980703946
-148,50,1753.8528,0.36,0.4575326982076538
-148,50,1756.369116,0.36,0.45348837209302323
-49,50,1758.652821,0.18,0.2340966921119593
-170,50,1761.246051,0.4,0.5488134015821312
-104,50,1763.627709,0.28,0.3784641421620478
-159,50,1766.168206,0.38,0.43913803145020386
-93,50,1768.606657,0.26,0.332050624251753
-148,50,1771.113907,0.36,0.395748987854251
-115,50,1773.598403,0.3,0.3940948780268251
-126,50,1776.007595,0.32,0.4162929745889387
-137,50,1778.46514,0.34,0.4836530931871574
-115,50,1780.888698,0.3,0.4067140090380891
-126,50,1783.342929,0.32,0.43673507813971
-137,50,1785.77349,0.34,0.39644164467523624
-126,50,1788.178793,0.32,0.41327778280952815
-82,50,1790.533484,0.24,0.34181707564388564
-148,50,1793.043606,0.36,0.40360866078588614
-192,50,1795.65695,0.44,0.5353970143786061
-93,50,1798.081401,0.26,0.33424416042309385
-93,50,1800.495411,0.26,0.35115188989727736
-82,50,1802.919259,0.24,0.34649164227028045
-93,50,1805.290543,0.26,0.3550234252993233
-115,50,1807.767309,0.3,0.4524223830021064
-93,50,1810.177071,0.26,0.3910619715692651
-93,50,1812.581056,0.26,0.2946346822926204
-148,50,1815.1736,0.36,0.5077701481749187
-93,50,1817.669559,0.26,0.3146555709662506
-115,50,1820.208601,0.3,0.389236147897023
-126,50,1822.809669,0.32,0.33929134686152873
-104,50,1825.310257,0.28,0.36548435670068596
-126,50,1829.989527,0.32,0.3626311312730366
-93,50,1834.492437,0.26,0.35668522214053144
-93,50,1837.277071,0.26,0.34996055053914266
-82,50,1839.667837,0.24,0.3485068135691505
-16,50,1841.883826,0.12,0.1461781306801875
-71,50,1844.321586,0.22,0.34501480750246794
-104,50,1846.744531,0.28,0.3507003930263025
-49,50,1849.044834,0.18,0.22614590711322474
-126,50,1851.512341,0.32,0.47706422018348627
-38,50,1853.837831,0.16,0.21754616177711125
-82,50,1856.257164,0.24,0.2832800851970181
-93,50,1858.697868,0.26,0.41788617886178864
-115,50,1861.172619,0.3,0.39029164220003915
-159,50,1863.782638,0.38,0.5001312680493568
-93,50,1866.170717,0.26,0.29865453856357776
-148,50,1868.717524,0.36,0.4433689162294192
-49,50,1871.020663,0.18,0.24276704374812294
-137,50,1873.497921,0.34,0.4126440064743407
-148,50,1876.045542,0.36,0.42074681705545586
-27,50,1878.295198,0.14,0.17879512583988155
-82,50,1880.774823,0.24,0.34185787930860206
-93,50,1883.18121,0.26,0.3521152780343617
-60,50,1885.572276,0.2,0.3408379606259465
-126,50,1888.050787,0.32,0.4661461008938662
-38,50,1890.38517,0.16,0.2042015133412983
-104,50,1892.902552,0.28,0.4074697840301169
-16,50,1895.200466,0.12,0.12582920922396545
-148,50,1897.818355,0.36,0.46886004628232214
-104,50,1900.310824,0.28,0.37152352632499563
-104,50,1902.774886,0.28,0.37526881720430105
-38,50,1905.117055,0.16,0.2204418789808917
-148,50,1907.665335,0.36,0.47316013397302437
-71,50,1910.075518,0.22,0.2946766388033436
-93,50,1912.52373,0.26,0.3207831325301205
-82,50,1914.94858,0.24,0.3465111682150623
-71,50,1917.332291,0.22,0.2940661478599222
-93,50,1919.772792,0.26,0.3336640808226592
-5,50,1921.97403,0.1,0.13479587048334116
-16,50,1924.264702,0.12,0.16881509745282047
-104,50,1926.752808,0.28,0.35809018567639256
-126,50,1929.303648,0.32,0.4062852841550621
-93,50,1931.746773,0.26,0.3856022150438394
-27,50,1934.058394,0.14,0.19967124347321602
-93,50,1936.49618,0.26,0.35774703950641856
-93,50,1938.987324,0.26,0.34316495937831154
-93,50,1941.456637,0.26,0.36348035009438817
-71,50,1943.86948,0.22,0.3395719447790234
-148,50,1946.462366,0.36,0.485006518904824
-71,50,1948.92888,0.22,0.3451970914657482
-49,50,1951.271332,0.18,0.25098151872067415
-115,50,1953.824862,0.3,0.4087694483734088
-159,50,1956.467715,0.38,0.5093813143461946
-71,50,1958.873106,0.22,0.30463974346126865
-192,50,1961.559128,0.44,0.5785054575986566
-60,50,1964.011843,0.2,0.2615948670944088
-82,50,1966.433709,0.24,0.3371996685998343
-60,50,1968.883067,0.2,0.32756087321578503
-82,50,1971.313565,0.24,0.36601369341955114
-16,50,1973.647146,0.12,0.18443414445731943
-71,50,1976.098501,0.22,0.27348066298342544
-5,50,1978.400718,0.1,0.13825721383527614
-49,50,1980.834636,0.18,0.22894944361692807
17,50,1983.110361,0.06,0.060093409444732744
-104,50,1985.609972,0.28,0.39162582752987707
-60,50,1988.045141,0.2,0.2534504391468005
-49,50,1990.405786,0.18,0.30032076984763434
-148,50,1992.997971,0.36,0.4439789715787744
-126,50,1995.524362,0.32,0.31924521035910275
-82,50,1997.962239,0.24,0.26650615797759053
-115,50,2000.510913,0.3,0.38090540392414773
-137,50,2003.100642,0.34,0.43116855821773853
-126,50,2005.671861,0.32,0.4488367694344619
-71,50,2008.128134,0.22,0.322640683161813
-93,50,2010.687281,0.26,0.370167903162827
-93,50,2013.146386,0.26,0.3828996282527881
-159,50,2015.788007,0.38,0.45372112917023094
-104,50,2018.336649,0.28,0.35062963293739396
-126,50,2020.897587,0.32,0.41933852533630017
-126,50,2023.480618,0.32,0.45155192996418625
-104,50,2026.056635,0.28,0.340204217959729
-71,50,2028.482574,0.22,0.27995767568997443
-115,50,2031.074553,0.3,0.38034276275036133
-104,50,2033.58206,0.28,0.35097370447794035
-93,50,2036.134019,0.26,0.31331923890063423
-126,50,2038.724812,0.32,0.41471801925722146
-115,50,2041.31081,0.3,0.39261015609563327
-82,50,2043.814761,0.24,0.3378646020885848
-104,50,2046.348589,0.28,0.38239554317548746
-137,50,2049.003379,0.34,0.44505778851129896
-115,50,2051.547415,0.3,0.3833839359646702
-71,50,2054.059869,0.22,0.287991287991288
-104,50,2056.620255,0.28,0.3596936580328715
-93,50,2059.20038,0.26,0.3219183990338998
-71,50,2061.743439,0.22,0.2494784752512801
-115,50,2064.439487,0.3,0.37328039885513803
-49,50,2066.874049,0.18,0.2833129584352078
-115,50,2069.455698,0.3,0.38913043478260867
-71,50,2071.922749,0.22,0.29546358933545563
-137,50,2074.615329,0.34,0.43598243884956545
-49,50,2077.059592,0.18,0.2487128712871287
-71,50,2079.618193,0.22,0.3311642807087797
-60,50,2082.056729,0.2,0.24954808387563268
-16,50,2084.431252,0.12,0.20837537840565085
-82,50,2087.000682,0.24,0.324298160696999
-126,50,2089.64641,0.32,0.4591677908062675
-71,50,2092.086043,0.22,0.2828542565892185
-82,50,2094.629854,0.24,0.3088405340060969
-104,50,2097.158547,0.28,0.35819504008950215
-115,50,2099.787961,0.3,0.3781156770281975
-148,50,2102.482566,0.36,0.5096163842395259
-71,50,2104.984378,0.22,0.2640493355337445
-71,50,2107.49024,0.22,0.3347478059600733
-60,50,2110.058517,0.2,0.2437770562770563
-49,50,2112.533952,0.18,0.22048468221307727
-82,50,2115.074684,0.24,0.3873072921592736
-115,50,2117.694122,0.3,0.41383722074598955
-93,50,2120.311271,0.26,0.32381564450973194
-71,50,2122.878916,0.22,0.2806017982729458
-115,50,2125.555853,0.3,0.40565452450589384
-38,50,2127.999121,0.16,0.23408582468985153
-82,50,2130.572965,0.24,0.33245971655989126
-82,50,2133.205734,0.24,0.32213197969543145
-71,50,2135.813709,0.22,0.34264884568651277
-27,50,2138.282915,0.14,0.21516101453405528
-5,50,2140.659313,0.1,0.14668071654373024
-104,50,2143.23669,0.28,0.38441407385867987
-104,50,2145.811173,0.28,0.3418905290180618
-93,50,2148.346678,0.26,0.3473808586057503
-115,50,2150.994525,0.3,0.4200887902330744
-38,50,2153.434011,0.16,0.2746092957174751
-49,50,2155.922256,0.18,0.2605988734064631
-82,50,2158.493691,0.24,0.3390691868758916
-148,50,2161.26073,0.36,0.48705336426914153
-104,50,2163.915017,0.28,0.3797394516818977
-82,50,2166.452675,0.24,0.32635858786195954
-170,50,2169.29143,0.4,0.49530880313290365
-93,50,2171.870923,0.26,0.3424275614856119
-137,50,2174.530445,0.34,0.4645772447848433
6,50,2176.857727,0.08,0.09321566464423607
-5,50,2179.289542,0.1,0.13192326610919822
-93,50,2181.8988,0.26,0.3508182601205857
-148,50,2184.692575,0.36,0.4721571454316093
-49,50,2189.665146,0.18,0.292022792022792
-115,50,2194.291741,0.3,0.3769223769223769
-71,50,2196.817083,0.22,0.2939808083745275
-93,50,2199.472208,0.26,0.3342813803564657
-93,50,2202.032544,0.26,0.3070182973971308
-126,50,2204.644042,0.32,0.4310189359783589
-159,50,2207.380592,0.38,0.3964135523288106
-60,50,2209.908646,0.2,0.2694982146213118
-71,50,2212.448985,0.22,0.2931347273942519
-148,50,2215.208251,0.36,0.4662239089184061
-93,50,2217.874827,0.26,0.40228203627852543
-115,50,2220.572312,0.3,0.42380392511531156
-71,50,2223.175826,0.22,0.2793049283330061
-60,50,2225.783398,0.2,0.33065407414849796
-82,50,2228.345141,0.24,0.31231629847349957
-115,50,2231.06538,0.3,0.4672106970799331
-71,50,2233.627789,0.22,0.2851890261148298
-82,50,2236.186405,0.24,0.33567625133120343
-82,50,2238.800517,0.24,0.3627430910951894
-126,50,2241.588174,0.32,0.41907009264114664
-82,50,2244.27805,0.24,0.3510485197368421
-115,50,2246.960649,0.3,0.42565570742519393
-115,50,2249.682628,0.3,0.3695220066256507
-159,50,2252.508832,0.38,0.49484352773826457
-82,50,2255.108012,0.24,0.3189520740201684
-71,50,2257.685055,0.22,0.3477272727272727
-126,50,2260.432818,0.32,0.49545953497654927
-82,50,2263.039223,0.24,0.30423459052763574
-93,50,2265.687182,0.26,0.34985263617509005
-60,50,2268.313626,0.2,0.28862400185163756
-93,50,2271.006976,0.26,0.3500192901234568
-38,50,2273.487533,0.16,0.25018904612725507
-115,50,2276.19679,0.3,0.3771652789740645
-71,50,2278.780067,0.22,0.2874766355140187
-93,50,2281.395466,0.26,0.35089577265907684
-148,50,2284.187465,0.36,0.47896818263526875
-159,50,2287.114268,0.38,0.4870825456836799
-137,50,2289.885547,0.34,0.4548630262915977
-82,50,2292.535442,0.24,0.31520664425548744
-71,50,2295.188409,0.22,0.3047070124879923
-71,50,2297.790372,0.22,0.2727436823104693
-82,50,2300.489086,0.24,0.33456855479089465
-115,50,2303.251203,0.3,0.3802025782688766
-126,50,2306.008128,0.32,0.3741289198606272
-71,50,2308.69267,0.22,0.28145885048692
-115,50,2311.419883,0.3,0.3811303960836671
-115,50,2314.201247,0.3,0.41665257819103974
-82,50,2316.802306,0.24,0.37805768528660094
-115,50,2319.537596,0.3,0.4105472072582932
-104,50,2322.271855,0.28,0.3522432332220986
-126,50,2325.003647,0.32,0.40436618452969186
-93,50,2327.688271,0.26,0.35085035543957527
-126,50,2330.483463,0.32,0.41444454487932747
-181,50,2333.354858,0.42,0.5219983207388749
-82,50,2336.037278,0.24,0.41294978450436004
-104,50,2338.733345,0.28,0.337108953613808
-71,50,2341.365754,0.22,0.32916587134949415
-49,50,2343.910472,0.18,0.25376656380468327
-71,50,2346.547752,0.22,0.30581668625146885
-93,50,2349.250923,0.26,0.32434906427990234
-38,50,2351.843966,0.16,0.24001942690626518
-104,50,2354.580999,0.28,0.3708390110959704
-82,50,2357.235471,0.24,0.30627871362940273
-93,50,2359.97792,0.26,0.3493759360958562
-126,50,2362.75252,0.32,0.39569325822278756
-104,50,2365.48865,0.28,0.3947444972364976
-93,50,2368.182727,0.26,0.4256448360046704
-137,50,2371.029209,0.34,0.4328838081629008
-5,50,2373.506527,0.1,0.18123643012227175
-49,50,2376.052906,0.18,0.2611203441196598
-82,50,2378.707004,0.24,0.35051731893837157
-170,50,2381.663044,0.4,0.44284405961202233
-71,50,2384.369411,0.22,0.293155781846666
-38,50,2386.947206,0.16,0.18792673675083993
-93,50,2389.682862,0.26,0.32461053737090845
-71,50,2392.28586,0.22,0.30433901054339013
-203,50,2395.360617,0.46,0.6042399794009098
-38,50,2397.917335,0.16,0.2170275590551181
-93,50,2400.649266,0.26,0.27969686288332746
-82,50,2403.323003,0.24,0.3016508742795741
-126,50,2406.100868,0.32,0.43736141906873616
-82,50,2408.742273,0.24,0.3146745902424998
-82,50,2411.402014,0.24,0.33519706691109075
-148,50,2414.252772,0.36,0.5042040894324479
-115,50,2417.032817,0.3,0.395848573518654
-82,50,2419.703574,0.24,0.32936471025951075
-115,50,2422.514208,0.3,0.4097993376193259
-104,50,2425.269668,0.28,0.31054036024016013
-93,50,2428.000416,0.26,0.33697632058287796
-93,50,2430.731023,0.26,0.3533891850723534
-71,50,2433.414031,0.22,0.28273682412232
-126,50,2436.239512,0.32,0.4052050871725764
-126,50,2439.100718,0.32,0.45016196205460435
-82,50,2441.840226,0.24,0.3650066781148636
-104,50,2444.724627,0.28,0.32720519962859795
-93,50,2447.47893,0.26,0.35517498138495907
-60,50,2450.134449,0.2,0.2536244854125649
-82,50,2452.818433,0.24,0.33830715532286215
-115,50,2455.717624,0.3,0.467053415061296
-104,50,2458.446376,0.28,0.41476962301948644
-82,50,2461.175926,0.24,0.3382870107770845
-49,50,2463.810652,0.18,0.23333650280498242
-137,50,2466.683763,0.34,0.45093909074951727
-115,50,2469.512415,0.3,0.3415170392085013
-93,50,2472.260176,0.26,0.3343900306077831
-71,50,2475.019987,0.22,0.3412365866121615
-104,50,2477.755497,0.28,0.3505775991963837
-104,50,2480.559085,0.28,0.3798038430744596
-60,50,2483.227469,0.2,0.26673095467695274
-49,50,2485.844498,0.18,0.223730378578024
-71,50,2488.510317,0.22,0.2697236509458635
-93,50,2491.241918,0.26,0.30772678379347435
-71,50,2493.97621,0.22,0.31918294849023093
-71,50,2496.68423,0.22,0.3231793423441598
-93,50,2499.435371,0.26,0.3144179249878227
-49,50,2502.059121,0.18,0.2773607269853813
-82,50,2504.848648,0.24,0.35396893874029334
-104,50,2507.716529,0.28,0.3861788617886179
-115,50,2510.555678,0.3,0.37337909992372237
-82,50,2513.287792,0.24,0.32523043556840775
-93,50,2516.081555,0.26,0.33843571005332806
-38,50,2518.671815,0.16,0.24872369010300044
-93,50,2521.405428,0.26,0.34504357298474947
-137,50,2524.278337,0.34,0.3730188679245283
-82,50,2526.99518,0.24,0.33479378988475095
-49,50,2529.704018,0.18,0.29003711104767343
-38,50,2532.286499,0.16,0.22275931520644512
-93,50,2535.122724,0.26,0.3501421105711928
-49,50,2537.735765,0.18,0.22860751499842122
-93,50,2540.584967,0.26,0.40357561547479487
-148,50,2543.511663,0.36,0.4995518106848333
-49,50,2548.853908,0.18,0.24928338440249087
-115,50,2553.526623,0.3,0.40118258376635013
-115,50,2556.319401,0.3,0.3922976501305483
-104,50,2559.152452,0.28,0.36096376876741887
-71,50,2561.842113,0.22,0.2857264448038131
-93,50,2564.63635,0.26,0.3770442156268928
-115,50,2567.55854,0.3,0.4158244559774196
-104,50,2570.379173,0.28,0.31911586945259884
-27,50,2572.98434,0.14,0.1652937350964665
-82,50,2575.79135,0.24,0.3370213689120295
-159,50,2578.839953,0.38,0.5115387964817556
-126,50,2581.772519,0.32,0.4461119969984054
-104,50,2584.650232,0.28,0.3698169923083724
-60,50,2587.377646,0.2,0.23148954703832753
-104,50,2590.208079,0.28,0.3269113416441461
-71,50,2592.948284,0.22,0.29134214816156495
-148,50,2595.945765,0.36,0.45383859147376887
-104,50,2598.784764,0.28,0.3976623840114204
-16,50,2601.408076,0.12,0.18506751389992057
-137,50,2604.308829,0.34,0.43278352277583115
-38,50,2606.967869,0.16,0.25666199158485276
-93,50,2609.795584,0.26,0.29959012486893527
-126,50,2612.726013,0.32,0.48428191733113374
-60,50,2615.399008,0.2,0.2806969531107462
-126,50,2618.298681,0.32,0.4124471625146146
-49,50,2621.079842,0.18,0.23367198838896952
-148,50,2624.100159,0.36,0.4657375145180023
-137,50,2627.102069,0.34,0.416106210149358
-137,50,2630.084734,0.34,0.4810593075077134
-71,50,2632.849855,0.22,0.3257063455303381
-148,50,2635.813491,0.36,0.4428445229681979
-104,50,2638.674427,0.28,0.39794213349749363
-115,50,2641.553122,0.3,0.4153830355309098
-71,50,2644.276809,0.22,0.306312625250501
-115,50,2647.140383,0.3,0.3876420590201509
-71,50,2650.053392,0.22,0.30125683584380697
-71,50,2652.80946,0.22,0.31196351931330474
-93,50,2655.635178,0.26,0.3392307692307692
-159,50,2658.637031,0.38,0.5409302325581395
-104,50,2661.522635,0.28,0.3652547014789118
-38,50,2664.188627,0.16,0.19304850288916126
-27,50,2666.818226,0.14,0.17311061791846746
-137,50,2669.826295,0.34,0.39864991561972624
-104,50,2672.728771,0.28,0.3537270087124879
-82,50,2675.566109,0.24,0.3210705334765485
-82,50,2678.437471,0.24,0.37790990627834325
-126,50,2681.410253,0.32,0.40273999222697243
-104,50,2684.291163,0.28,0.3428
-93,50,2687.136203,0.26,0.34413965087281795
-38,50,2689.859212,0.16,0.23423865084812237
-115,50,2692.744521,0.3,0.34925288443351615
-126,50,2695.698127,0.32,0.3730477810422143
-71,50,2698.445418,0.22,0.3092884495502716
-104,50,2701.334089,0.28,0.3779566686543431
-115,50,2704.283863,0.3,0.38930224867724866
-60,50,2707.134151,0.2,0.2865095933989462
-49,50,2709.921109,0.18,0.24414519906323184
-93,50,2712.771906,0.26,0.31182351483103365
-115,50,2715.76444,0.3,0.3951858341787328
-71,50,2718.583434,0.22,0.31072248719307544
-27,50,2721.280787,0.14,0.21496873850680398
-60,50,2724.064602,0.2,0.25789765379641605
-60,50,2726.86171,0.2,0.2888229475766568
-104,50,2729.79796,0.28,0.35586822237474264
-137,50,2734.874323,0.34,0.44517854333805257
-137,50,2738.157831,0.34,0.43045435939418747
-82,50,2741.016883,0.24,0.34650041911148366
-93,50,2743.877158,0.26,0.3626763768775603
-82,50,2746.742915,0.24,0.30837988826815643
-126,50,2749.779369,0.32,0.47326332016571926
-203,50,2753.07314,0.46,0.5267536396294196
-71,50,2755.959305,0.22,0.2947265625
-104,50,2758.85759,0.28,0.333610188261351
-38,50,2761.551687,0.16,0.2401558222783744
-104,50,2764.482064,0.28,0.4007179127998599
-137,50,2767.578323,0.34,0.37938559677690115
-93,50,2770.492931,0.26,0.3683685680095732
-93,50,2773.436558,0.26,0.34129213483146065
-82,50,2776.303252,0.24,0.37364517969195665
-82,50,2779.244883,0.24,0.36966454920316505
-148,50,2782.37886,0.36,0.47840560665790627
-60,50,2785.210332,0.2,0.2940256184609367
-71,50,2788.067857,0.22,0.31235666452619026
-16,50,2790.770611,0.12,0.10056606046007467
-104,50,2793.762333,0.28,0.3597291196388262
-82,50,2796.645157,0.24,0.3538401253918495
-93,50,2799.573956,0.26,0.3845309928688974
-115,50,2802.563413,0.3,0.40488175515243613
-71,50,2805.439244,0.22,0.3162951217237198
-71,50,2808.271622,0.22,0.31653558597922127
-38,50,2811.082216,0.16,0.22642252411892105
-104,50,2813.963431,0.28,0.3654056200973091
-60,50,2816.807755,0.2,0.2842598248829159
6,50,2819.42641,0.08,0.1025531551532747
-5,50,2822.081291,0.1,0.12642947903430748
-16,50,2824.735324,0.12,0.19314516129032258
-159,50,2827.80417,0.38,0.48
-71,50,2830.658183,0.22,0.2889943892965041
-93,50,2833.562037,0.26,0.37020770427303507
-49,50,2837.8775,0.18,0.2415378595186852
-27,50,2841.268448,0.14,0.17648698884758365
-104,50,2844.213921,0.28,0.36856893711849625
-38,50,2846.994039,0.16,0.2249780893952673
-60,50,2849.869837,0.2,0.22074539739559945
-115,50,2852.888062,0.3,0.42185551184879594
-93,50,2855.800602,0.26,0.30764482849836877
-49,50,2858.57248,0.18,0.2767572633552015
-27,50,2861.34897,0.14,0.25134818288393906
-93,50,2864.245061,0.26,0.33206070440011454
-71,50,2867.056119,0.22,0.31815567484662577
-93,50,2869.985816,0.26,0.3016069221260816
-93,50,2873.021042,0.26,0.33069021445305463
-159,50,2876.16838,0.38,0.46116986120290815
-104,50,2879.236174,0.28,0.37227086334921866
-115,50,2882.266645,0.3,0.3918258551754776
-82,50,2885.192384,0.24,0.3012231050799036
-104,50,2888.189334,0.28,0.3914764359351988
-126,50,2891.293793,0.32,0.47810251399129433
-27,50,2894.012887,0.14,0.1959889744320882
-137,50,2897.070879,0.34,0.426497277676951
-170,50,2900.336379,0.4,0.49885771726217676
-225,50,2903.765069,0.5,0.545103516266842
-137,50,2906.884966,0.34,0.4323151683443249
-71,50,2910.022323,0.22,0.2599670811997074
-49,50,2912.914719,0.18,0.2290180444817457
-60,50,2915.84233,0.2,0.2589539250709902
-148,50,2919.037723,0.36,0.4649644845459781
-104,50,2922.092311,0.28,0.40707106330453185
-93,50,2925.109688,0.26,0.2632438501582117
-82,50,2928.104908,0.24,0.36066081569437275
-104,50,2931.198054,0.28,0.3822457163689391
-104,50,2934.300514,0.28,0.4067289719626168
-71,50,2937.27177,0.22,0.2825811129236904
-93,50,2940.278601,0.26,0.33455915328729036
-93,50,2943.308151,0.26,0.3438977764362612
-71,50,2946.316633,0.22,0.2543346970582505
-60,50,2949.235972,0.2,0.28918733457504164
-115,50,2952.386057,0.3,0.3979350774345962
-93,50,2955.414163,0.26,0.36272439281942975
-115,50,2958.543611,0.3,0.4384876975395079
-126,50,2961.7485,0.32,0.4476717799764001
-126,50,2964.897145,0.32,0.42385837859585596
-82,50,2967.949424,0.24,0.3666255651459104
-82,50,2970.948376,0.24,0.35351971587287134
-71,50,2974.948873,0.22,0.28026950925181016
-126,50,2979.271094,0.32,0.41556648546035035
-82,50,2982.256597,0.24,0.315483683547981
-104,50,2985.385409,0.28,0.3255896751223854
-148,50,2988.55661,0.36,0.4618434093161546
-60,50,2991.483474,0.2,0.24334011430785624
-49,50,2994.348098,0.18,0.2197345132743363
-49,50,2997.222147,0.18,0.21704957678355502
-104,50,3000.278754,0.28,0.44337735094037617
-71,50,3003.184531,0.22,0.29804964539007095
-137,50,3006.357672,0.34,0.40843865817732583
-126,50,3009.522545,0.32,0.4122131214013462
-115,50,3012.647176,0.3,0.43807011759534015
-104,50,3015.709091,0.28,0.3753024381165085
-82,50,3018.697337,0.24,0.3138728888021088
-71,50,3021.690621,0.22,0.30614829971743157
-82,50,3024.684011,0.24,0.2844842890111841
-126,50,3027.879731,0.32,0.43615384615384617
-137,50,3031.039881,0.34,0.4400520579144298
-104,50,3034.137316,0.28,0.38161666348175044
-148,50,3037.345246,0.36,0.4553088262735585
-104,50,3040.48213,0.28,0.34971626430701164
-170,50,3043.774775,0.4,0.5141137401411374
-148,50,3046.985992,0.36,0.4428132129749033
-137,50,3050.176841,0.34,0.48023671281822244
-137,50,3053.353287,0.34,0.4881790987165879
-126,50,3056.599502,0.32,0.40093618647306073
-104,50,3059.699783,0.28,0.35142562693232565
-148,50,3062.919592,0.36,0.4632436528988253
-104,50,3066.082859,0.28,0.3752659328461752
-82,50,3069.074262,0.24,0.3180948911756671
-126,50,3072.326417,0.32,0.37667524629448834
-93,50,3075.324651,0.26,0.35622955694320546
-115,50,3078.416676,0.3,0.3657765284609979
-104,50,3083.66818,0.28,0.36800452232899944
-71,50,3086.685429,0.22,0.2870644391408115
-71,50,3089.621541,0.22,0.32239925023430177
-93,50,3092.678659,0.26,0.39155824198340333
-137,50,3095.920069,0.34,0.4683311432325887
-137,50,3099.11839,0.34,0.44097627382341503
-126,50,3102.318013,0.32,0.3706882323815811
-93,50,3105.4489,0.26,0.36951382464795973
-82,50,3108.49108,0.24,0.30111100560250686
-104,50,3111.624737,0.28,0.3912331757002546
-93,50,3114.737424,0.26,0.3415543447089188
-71,50,3117.749701,0.22,0.2937644341801386
-104,50,3120.874218,0.28,0.3402987810466502
-71,50,3123.936871,0.22,0.3011844331641286
-93,50,3127.011338,0.26,0.34084752321981426
-93,50,3130.082072,0.26,0.33520127019706736
-49,50,3133.061403,0.18,0.2407734416387074
-60,50,3136.026381,0.2,0.27447964728801394
-16,50,3138.788819,0.12,0.14497279871045737
-104,50,3141.967212,0.28,0.3588082901554404
-93,50,3145.054905,0.26,0.33874239350912777
-148,50,3148.334599,0.36,0.4503698292393389
-137,50,3151.54564,0.34,0.45819935691318325
-115,50,3154.766196,0.3,0.4054528555199835
-159,50,3158.100623,0.38,0.4623684443265234
-170,50,3161.541647,0.4,0.46746230142730427
-115,50,3164.715461,0.3,0.36709908915263595
-137,50,3167.975713,0.34,0.42070284049526585
-49,50,3170.962618,0.18,0.2523823558306317
-60,50,3173.966547,0.2,0.29009775524981896
-148,50,3177.261254,0.36,0.4693197755960729
-159,50,3180.605717,0.38,0.4888185236493172
-126,50,3183.791115,0.32,0.44719143696125796
-115,50,3187.018457,0.3,0.4141043975688237
-93,50,3190.127025,0.26,0.3728610855565777
-82,50,3193.28571,0.24,0.3023515276347408
-115,50,3196.494271,0.3,0.33113037507510085
-82,50,3199.566348,0.24,0.31597486671744096
-104,50,3202.734709,0.28,0.3633383289621581
-71,50,3205.77131,0.22,0.31134352373290425
-82,50,3208.938251,0.24,0.3145999307239349
-115,50,3212.101943,0.3,0.37167564039810735
-60,50,3215.26738,0.2,0.3174787316318639
-192,50,3220.764213,0.44,0.5227731864095501
-126,50,3224.004591,0.32,0.3791528893087703
-16,50,3226.891201,0.12,0.16564156945917285
-82,50,3229.91368,0.24,0.3142404122485383
6,50,3232.704822,0.08,0.10602178090967329
-82,50,3235.766192,0.24,0.32815724815724817
-27,50,3238.698314,0.14,0.21181693267096502
-16,50,3241.525449,0.12,0.16218102073365231
-93,50,3244.631116,0.26,0.3722115384615385
-104,50,3247.844922,0.28,0.41546779955585594
-115,50,3251.049462,0.3,0.39270440251572325
-82,50,3254.130534,0.24,0.31718061674008813
-104,50,3257.368879,0.28,0.35091017016224774
-104,50,3260.524517,0.28,0.40610673024023475
-148,50,3263.852283,0.36,0.4310845281027355
-181,50,3267.262718,0.42,0.49456975772765244
-126,50,3270.544006,0.32,0.40200687036702226
-60,50,3273.575609,0.2,0.3185554903112155
-60,50,3276.608557,0.2,0.2690866259770853
-159,50,3279.969229,0.38,0.44321026282853565
-148,50,3283.315803,0.36,0.476310861423221
-148,50,3286.679209,0.36,0.4316042089717556
-104,50,3289.840059,0.28,0.36272137810897126
-104,50,3293.152307,0.28,0.3282139237545802
-49,50,3296.212654,0.18,0.288103700606314
-148,50,3299.606053,0.36,0.4604136604136604
-126,50,3302.841296,0.32,0.42528322244200684
-93,50,3305.954139,0.26,0.34853268945022287
-82,50,3309.084355,0.24,0.35225409836065574
-115,50,3312.300824,0.3,0.3790051336519738
-137,50,3315.640678,0.34,0.4977949283351709
-115,50,3318.855348,0.3,0.3774328859060403
-71,50,3324.202774,0.22,0.32707724228991797
-71,50,3327.31673,0.22,0.3162043504290561
-104,50,3330.568413,0.28,0.3608173507797096
-126,50,3333.840295,0.32,0.43304764537830615
-115,50,3337.134619,0.3,0.4108335620825327
-82,50,3340.271916,0.24,0.32632723319441925
-170,50,3343.848706,0.4,0.5092754960775265
-49,50,3346.968635,0.18,0.24476306691071792
-126,50,3350.536639,0.32,0.4035511837279093
-71,50,3353.855206,0.22,0.3072517231336763
-181,50,3357.586157,0.42,0.5334347865007609
-115,50,3361.225932,0.3,0.40963081861958267
-82,50,3364.660428,0.24,0.32873262139834775
-16,50,3367.760139,0.12,0.1402961808261886
-104,50,3371.103124,0.28,0.38907103825136613
-104,50,3374.625145,0.28,0.34098517455762795
-60,50,3377.910742,0.2,0.3478542860231326
-27,50,3381.097575,0.14,0.17500937382827148
-38,50,3384.232058,0.16,0.25939533907201345
-104,50,3387.691598,0.28,0.3555633864857722
-104,50,3391.097287,0.28,0.3532426223714437
-71,50,3394.338238,0.22,0.2661368482264005
-137,50,3397.897485,0.34,0.39223818693526885
-115,50,3401.420972,0.3,0.3785954426596937
-60,50,3404.660668,0.2,0.2759668508287293
-115,50,3408.083901,0.3,0.40930495385194954
-93,50,3411.60591,0.26,0.33271154824487026
-38,50,3414.898643,0.16,0.20373250388802489
-126,50,3418.447731,0.32,0.458418987105214
-93,50,3421.870375,0.26,0.36377983823239296
-49,50,3425.114375,0.18,0.2545490311793056
-104,50,3428.543594,0.28,0.3618599601954044
-82,50,3431.987874,0.24,0.3364123957091776
-104,50,3435.550246,0.28,0.3642971104414111
-115,50,3439.155879,0.3,0.4140926640926641
-82,50,3442.657755,0.24,0.3123194116101918
-159,50,3446.498814,0.38,0.4671163575042159
-104,50,3450.105642,0.28,0.40290275761973876
-93,50,3453.590022,0.26,0.34673082366260966
-104,50,3458.423115,0.28,0.31805825242718444
-93,50,3463.050719,0.26,0.3171555702043507
-82,50,3466.444861,0.24,0.3173476454293629
-49,50,3469.721678,0.18,0.276989071596364
-60,50,3473.069615,0.2,0.27351400592120245
-82,50,3476.564555,0.24,0.30642967262174664
-115,50,3480.00612,0.3,0.4015740565143182
-71,50,3483.633778,0.22,0.28495440729483285
-126,50,3487.257263,0.32,0.442966472303207
-159,50,3490.94542,0.38,0.5033644859813085
-60,50,3494.387397,0.2,0.22790905037895676
-126,50,3498.116574,0.32,0.3983451536643026
-82,50,3501.685766,0.24,0.3475519287833828
-93,50,3505.181082,0.26,0.35639909125331315
-82,50,3508.815883,0.24,0.34317526593100706
-60,50,3512.318722,0.2,0.2906996159625981
-60,50,3515.730541,0.2,0.28524168351405993
-115,50,3519.481678,0.3,0.4034660421545667
-137,50,3523.260716,0.34,0.38939061814993425
-137,50,3527.021243,0.34,0.4835119959162838
-82,50,3530.531922,0.24,0.3073912251957036
-104,50,3534.192726,0.28,0.36087628397418414
-60,50,3537.592088,0.2,0.29658941021292634
-38,50,3540.900996,0.16,0.22794258373205742
-82,50,3544.321667,0.24,0.32149791955617196
-82,50,3547.835317,0.24,0.33447420210490286
-159,50,3551.55173,0.38,0.4537488708220416
-104,50,3555.16845,0.28,0.39664913306058835
-104,50,3558.801321,0.28,0.3885311254216498
-137,50,3563.258183,0.34,0.47963433214829865
-38,50,3568.110547,0.16,0.17212626563430614
-115,50,3571.541125,0.3,0.38259483048002685
-71,50,3574.998757,0.22,0.3057673719256793
-82,50,3578.569663,0.24,0.35097329551012424
-16,50,3581.870286,0.12,0.1380550062915693
-115,50,3585.597117,0.3,0.35692555476020044
-126,50,3589.351213,0.32,0.40552644116245834
-93,50,3593.060552,0.26,0.2771302250803859
-181,50,3597.071263,0.42,0.505125977410947
-38,50,3600.501776,0.16,0.1728937728937729
-93,50,3604.150908,0.26,0.33329874442253815
-27,50,3607.534263,0.14,0.18559970154821862
-104,50,3611.274592,0.28,0.3830485568105029
-38,50,3614.709903,0.16,0.20655141037306643
-126,50,3618.468657,0.32,0.4454017023043388
-82,50,3622.108759,0.24,0.3187511861833365
-115,50,3625.862554,0.3,0.3973237712086759
-27,50,3629.306267,0.14,0.22682760191300388
-27,50,3632.585647,0.14,0.24243630573248406
-115,50,3636.303595,0.3,0.37144330783116997
-137,50,3640.04875,0.34,0.4120615695180419
-148,50,3643.871883,0.36,0.4611372812920592
-27,50,3647.22891,0.14,0.18263012011087157
-82,50,3650.82637,0.24,0.35610850499694063
-71,50,3654.325768,0.22,0.33203715705335923
-60,50,3657.764786,0.2,0.29694072657743786
-49,50,3661.223596,0.18,0.25290814279983953
-60,50,3664.716046,0.2,0.27482252261013324
-93,50,3668.29097,0.26,0.3485680659081993
-49,50,3671.716121,0.18,0.24284520576561522
-104,50,3675.341169,0.28,0.42126887062870244
-71,50,3678.876052,0.22,0.25050118461818843
-126,50,3682.604392,0.32,0.4594759914364359
-115,50,3686.298656,0.3,0.3854875283446712
-82,50,3689.89882,0.24,0.32350904954999504
-71,50,3693.430285,0.22,0.3275104118463674
-93,50,3697.468864,0.26,0.32314546208039785
-60,50,3702.928933,0.2,0.2715132218979393
-115,50,3706.608702,0.3,0.3907343431659137
-93,50,3710.192856,0.26,0.3557828310303558
-49,50,3713.529756,0.18,0.20443772062531518
-126,50,3717.245404,0.32,0.39608400787573833
-93,50,3720.872111,0.26,0.3129830740632032
-82,50,3724.417453,0.24,0.3118081180811808
-82,50,3727.965327,0.24,0.32170744403956275
-82,50,3731.546423,0.24,0.3245465105888661
-60,50,3735.109248,0.2,0.2665821303160359
-148,50,3738.949233,0.36,0.4273027150469424
-137,50,3742.701712,0.34,0.4445270395837205
-93,50,3746.310486,0.26,0.3631319358816276
-38,50,3749.70276,0.16,0.2449692961738309
-82,50,3753.316555,0.24,0.3451251896813354
-115,50,3756.994342,0.3,0.42624908155767816
-115,50,3760.767031,0.3,0.40839588546010563
-104,50,3764.487223,0.28,0.41482355254104003
-60,50,3767.97289,0.2,0.29757105943152456
-82,50,3771.60001,0.24,0.3416189244132323
-126,50,3775.370318,0.32,0.40364922733196795
-71,50,3778.907297,0.22,0.258307210031348
-115,50,3782.604993,0.3,0.39631830939408946
-38,50,3785.961164,0.16,0.2403910031318212
-71,50,3789.512954,0.22,0.2984564282923017
-49,50,3792.898885,0.18,0.22863066628969936
-104,50,3796.564017,0.28,0.37545033453422544
-104,50,3800.183014,0.28,0.42723226967143263
-82,50,3803.819878,0.24,0.33384130854414307
-71,50,3809.727413,0.22,0.28432460107517704
-82,50,3813.320839,0.24,0.36182598039215685
-137,50,3817.136209,0.34,0.45569832871420174
-71,50,3820.6599,0.22,0.2661297382473956
-60,50,3824.195058,0.2,0.2702162456841723
-27,50,3827.569244,0.14,0.23597919493441882
-82,50,3831.130696,0.24,0.27510709186101856
-126,50,3834.945843,0.32,0.45322078183097175
-71,50,3838.465554,0.22,0.35886939571150095
-82,50,3842.169408,0.24,0.3334302889276711
-126,50,3845.941831,0.32,0.38838322229520506
-126,50,3849.729687,0.32,0.45209318619723243
-49,50,3853.126617,0.18,0.1900377943599186
-38,50,3856.59708,0.16,0.18534208854056344
-82,50,3860.17723,0.24,0.3296555435952637
-60,50,3863.714051,0.2,0.2925017804456201
-60,50,3867.270916,0.2,0.28341448872105734
-27,50,3870.665619,0.14,0.19374483897605285
-82,50,3874.205755,0.24,0.2790518191841235
-126,50,3878.107187,0.32,0.40024116501252205
-104,50,3881.77566,0.28,0.3992170342786212
-82,50,3885.378198,0.24,0.3163156015708675
-82,50,3889.03806,0.24,0.2704780680137999
-115,50,3892.816334,0.3,0.3594574913526306
-93,50,3896.50346,0.26,0.34443288241415193
-137,50,3900.361415,0.34,0.41105700372386134
-137,50,3904.163696,0.34,0.429364471669219
-93,50,3907.831874,0.26,0.3476654986267639
-38,50,3911.267841,0.16,0.22572251649474956
-115,50,3915.054702,0.3,0.3620360375321764
-49,50,3918.549022,0.18,0.26912414005544716
-82,50,3922.214496,0.24,0.34696025967190103
-60,50,3925.760442,0.2,0.2854576484325878
-93,50,3929.451917,0.26,0.38355904915238187
-126,50,3933.31704,0.32,0.39427173026375417
-49,50,3936.816823,0.18,0.20503925506664233
-27,50,3941.287416,0.14,0.19580652318615488
-60,50,3946.21574,0.2,0.27193065108828796
-49,50,3949.720403,0.18,0.24528979005921406
-115,50,3953.49294,0.3,0.3745368811047491
-16,50,3956.844834,0.12,0.1848284166164961
-49,50,3960.341763,0.18,0.26485467711536553
-115,50,3964.053571,0.3,0.3866611774392754
-148,50,3967.99999,0.36,0.5065312046444121
-38,50,3971.489143,0.16,0.22102140283958466
-82,50,3975.136631,0.24,0.31959629941127
-82,50,3978.716428,0.24,0.3620270401711896
-137,50,3982.649863,0.34,0.42473905878044316
-38,50,3986.138883,0.16,0.18117289166807504
-60,50,3989.724674,0.2,0.23320911690787763
-60,50,3993.285106,0.2,0.2772378994580452
-93,50,3997.023677,0.26,0.3655780196993261
-60,50,4000.633544,0.2,0.3124611973392461
-49,50,4004.117598,0.18,0.25968728755948334
-93,50,4007.879641,0.26,0.3309598668392824
-126,50,4011.785121,0.32,0.435453113340519
-71,50,4015.356202,0.22,0.29933051444679354
-71,50,4018.938578,0.22,0.3457056944183424
-49,50,4022.463392,0.18,0.2505758637956935
-93,50,4026.10592,0.26,0.2781828379136287
-71,50,4029.654798,0.22,0.2634929684530597
-49,50,4033.1976,0.18,0.27638453500522464
-38,50,4036.594632,0.16,0.24716068818171597
-115,50,4040.373589,0.3,0.38763837638376386
-93,50,4044.153668,0.26,0.3017959955314944
-71,50,4049.04619,0.22,0.316602661427168
-27,50,4053.629166,0.14,0.23409479077711356
-126,50,4057.494686,0.32,0.48077681388012616
-71,50,4061.186781,0.22,0.31156515788444616
-60,50,4064.821799,0.2,0.2664768104149715
-16,50,4068.2097,0.12,0.1707079559840296
-115,50,4072.006362,0.3,0.42479435957696826
-38,50,4075.494343,0.16,0.20510605624340147
-71,50,4079.151508,0.22,0.2893911439114391
-137,50,4083.036343,0.34,0.514319225882123
-104,50,4086.815955,0.28,0.3461105823310548
-104,50,4090.602963,0.28,0.358249850158404
-170,50,4094.746094,0.4,0.4945026627727195
-71,50,4098.40791,0.22,0.3069840974611736
-159,50,4102.413462,0.38,0.46441246056782337
-93,50,4106.122687,0.26,0.39017111022682055
-104,50,4109.981378,0.28,0.3745989809398
6,50,4113.281777,0.08,0.1394954420182319
-93,50,4117.02539,0.26,0.4053245279124961
-27,50,4120.4567,0.14,0.18458823529411764
-115,50,4124.238297,0.3,0.4393939393939394
-115,50,4128.018384,0.3,0.41753615229727253
-82,50,4131.703487,0.24,0.3123760241483398
-16,50,4135.061686,0.12,0.1343804537521815
-60,50,4138.628493,0.2,0.2547525025254844
-93,50,4142.248999,0.26,0.34289617486338797
-137,50,4146.109728,0.34,0.43648442409552024
-115,50,4149.851511,0.3,0.4137067191554084
-71,50,4153.405437,0.22,0.2585484021242896
-115,50,4157.158448,0.3,0.391549007571107
-38,50,4160.652776,0.16,0.210500870237865
-93,50,4164.301642,0.26,0.3141786954138498
-104,50,4168.09163,0.28,0.375203767433436
-115,50,4171.857431,0.3,0.36842603102535
-104,50,4175.540206,0.28,0.4188919164396004
-170,50,4179.559883,0.4,0.5131939846779533
-148,50,4185.089554,0.36,0.4229229638101462
-49,50,4189.331863,0.18,0.2785571142284569
-104,50,4193.111695,0.28,0.35298422507724836
-93,50,4196.780814,0.26,0.32654109589041097
-115,50,4200.581246,0.3,0.3820553780617678
-170,50,4204.622606,0.4,0.4921926753099271
-104,50,4208.504113,0.28,0.3733772007825004
-104,50,4212.281271,0.28,0.36838180462341535
-115,50,4216.104149,0.3,0.4287877258504088
-71,50,4219.756778,0.22,0.2976863299187566
-38,50,4223.33079,0.16,0.20401841774801172
-126,50,4227.196247,0.32,0.4272108843537415
-126,50,4231.103132,0.32,0.41889135254988913
-71,50,4234.719933,0.22,0.32472052309639315
-126,50,4238.625957,0.32,0.3821071752951862
-93,50,4242.466436,0.26,0.3082060272142917
-60,50,4246.181696,0.2,0.24044904708032372
-82,50,4249.86137,0.24,0.3549446938999014
-126,50,4253.805502,0.32,0.4587849530922671
-60,50,4257.374207,0.2,0.28106108454389606
-82,50,4261.075588,0.24,0.3177845165893685
-71,50,4264.709416,0.22,0.31308810949529514
-148,50,4268.68464,0.36,0.4959874730867097
-126,50,4272.638047,0.32,0.4425119004027829
-115,50,4276.442104,0.3,0.4073556797020484
-82,50,4280.149689,0.24,0.33059352002293796
-137,50,4284.199096,0.34,0.4659239272347463
-82,50,4288.068612,0.24,0.2986425339366516
-126,50,4294.138005,0.32,0.39735288516473055
-115,50,4298.014571,0.3,0.39774483950168227
-126,50,4302.008464,0.32,0.4591018026466604
-137,50,4306.093706,0.34,0.42659155937052934
-93,50,4309.976144,0.26,0.3285103903670616
-104,50,4313.950977,0.28,0.32913059841926984
-214,50,4318.410871,0.48,0.6294385167045653
-137,50,4322.582371,0.34,0.46449676390582495
-148,50,4326.770665,0.36,0.41503212715590126
-93,50,4330.686821,0.26,0.3644036697247706
-71,50,4334.435493,0.22,0.3121488083704708
-71,50,4338.12189,0.22,0.26383417745263554
-126,50,4342.149414,0.32,0.39214949760540896
-93,50,4345.99052,0.26,0.2823448139741439
-93,50,4349.810802,0.26,0.3288888888888889
-60,50,4353.448877,0.2,0.2740688061160992
-93,50,4357.291229,0.26,0.32007131462888244
-38,50,4360.944514,0.16,0.21471192409273207
-49,50,4364.561073,0.18,0.26571428571428574
-27,50,4368.084976,0.14,0.18892362661902634
-82,50,4371.901599,0.24,0.3341829510053809
-126,50,4375.812992,0.32,0.39142296871003496
-82,50,4379.584356,0.24,0.3560364714929144
-93,50,4383.389828,0.26,0.3287191726332538
-82,50,4387.181481,0.24,0.3226902781504338
-93,50,4391.009687,0.26,0.3611238637407033
-71,50,4394.764783,0.22,0.2887788778877888
-93,50,4398.693028,0.26,0.3444247787610619
-93,50,4402.589392,0.26,0.36989465902790614
-49,50,4406.229147,0.18,0.24051049814738576
-181,50,4410.472311,0.42,0.5577922077922078
-137,50,4414.515728,0.34,0.44231115918514513
-93,50,4418.392237,0.26,0.3861680654414108
-104,50,4422.282393,0.28,0.35801771245524777
-82,50,4428.467522,0.24,0.3155425831335349
-71,50,4432.153862,0.22,0.2797043256068626
-93,50,4435.978769,0.26,0.3298807555052659
-16,50,4439.506241,0.12,0.1799617102744097
-104,50,4443.372634,0.28,0.39989029072956667
-16,50,4446.779354,0.12,0.1713519313304721
-159,50,4450.925685,0.38,0.533307094361901
-93,50,4454.701841,0.26,0.3307236967729616
-93,50,4458.528068,0.26,0.350382453230117
-126,50,4462.538187,0.32,0.38523971309928273
-71,50,4466.285574,0.22,0.2573032722168611
-115,50,4470.180907,0.3,0.4219694276573054
-71,50,4473.960717,0.22,0.31590482154038824
-93,50,4477.701877,0.26,0.3632990565037634
-82,50,4481.49234,0.24,0.28991295442908344
-71,50,4485.202011,0.22,0.2919248736771856
-93,50,4489.09817,0.26,0.34431761786600495
-115,50,4493.065467,0.3,0.39086021505376345
-115,50,4497.000419,0.3,0.41384802773353324
-126,50,4501.051163,0.32,0.3696077597209223
-148,50,4505.072996,0.36,0.4742673338098642
-60,50,4508.662373,0.2,0.25675822386277275
-93,50,4512.514475,0.26,0.32292077256602286
-192,50,4516.700983,0.44,0.5412209972025671
-93,50,4520.524536,0.26,0.3952565040225682
-170,50,4524.753203,0.4,0.4593803786574871
-104,50,4530.537894,0.28,0.3226980933218358
-126,50,4534.964467,0.32,0.369533527696793
-71,50,4538.709044,0.22,0.31585365853658537
-49,50,4542.335363,0.18,0.19876055326028383
-38,50,4546.014534,0.16,0.2804808891913349
-137,50,4550.081919,0.34,0.39865289627301304
-82,50,4553.975439,0.24,0.3109338242814769
-27,50,4557.525832,0.14,0.19749151845378843
-60,50,4561.283775,0.2,0.2883312661005629
-126,50,4565.204429,0.32,0.42822829692325287
-137,50,4569.257035,0.34,0.42642000557776333
-104,50,4573.114558,0.28,0.34269340974212037
-104,50,4576.991935,0.28,0.4169150138731888
-159,50,4581.172747,0.38,0.4659338815237456
-82,50,4584.967113,0.24,0.3428028184766805
-38,50,4588.611607,0.16,0.2196663046697601
-104,50,4592.574853,0.28,0.34504367641473604
-82,50,4596.350501,0.24,0.2707535121328225
-137,50,4600.372484,0.34,0.45301852385065744
-115,50,4604.323833,0.3,0.39702780441035473
-49,50,4608.023538,0.18,0.23712644797040786
-115,50,4612.06057,0.3,0.3871527777777778
-126,50,4616.122214,0.32,0.43997837058399425
-71,50,4619.982459,0.22,0.33826794966691337
-115,50,4623.953101,0.3,0.39747433451439995
-60,50,4627.734559,0.2,0.26138088012139604
-71,50,4631.556927,0.22,0.24420640642702646
-104,50,4635.512012,0.28,0.36382464618570937
