#{"t_start": 1668715868.6601262, "env_id": "DeepRMSA-v0"}
r,l,t,episode_service_blocking_rate,episode_bit_rate_blocking_rate
50,50,7.279677,0.0,0.0
50,50,7.765524,0.0,0.0
50,50,8.310774,0.0,0.0
50,50,8.81345,0.0,0.0
50,50,9.326899,0.0,0.0
50,50,9.825607,0.0,0.0
50,50,10.37361,0.0,0.0
50,50,10.898565,0.0,0.0
50,50,11.456514,0.0,0.0
50,50,11.996569,0.0,0.0
50,50,12.565836,0.0,0.0
50,50,13.106369,0.0,0.0
50,50,13.662351,0.0,0.0
50,50,14.232155,0.0,0.0
50,50,14.819969,0.0,0.0
50,50,15.405085,0.0,0.0
50,50,16.01087,0.0,0.0
50,50,16.63588,0.0,0.0
50,50,17.247197,0.0,0.0
50,50,17.843546,0.0,0.0
50,50,18.730508,0.0,0.0
48,50,19.521448,0.02,0.033657442034405384
48,50,20.332043,0.02,0.025694808599895123
40,50,21.12938,0.1,0.06131057484794977
36,50,21.922749,0.14,0.18111702127659574
28,50,22.722019,0.22,0.25901448148508116
20,50,23.510811,0.3,0.24087665647298676
34,50,24.324962,0.16,0.1713253470241491
36,50,25.131703,0.14,0.19162735849056603
40,50,25.935763,0.1,0.11355148497243464
26,50,26.765826,0.24,0.29335071707953064
36,50,27.579418,0.14,0.15131910603259957
36,50,28.391785,0.14,0.17607821637426901
30,50,29.195462,0.2,0.2545454545454545
20,50,29.977225,0.3,0.34442122858336816
24,50,30.788777,0.26,0.3337665954878841
32,50,31.600378,0.18,0.23319765710314702
30,50,32.415467,0.2,0.2142991710625471
24,50,33.228038,0.26,0.2918355030606087
26,50,34.046557,0.24,0.2939779635258359
20,50,34.831592,0.3,0.34033186589908565
24,50,35.641841,0.26,0.3025894409369567
18,50,36.452639,0.32,0.3404068747807787
16,50,37.284551,0.34,0.3859925788497217
40,50,38.193744,0.1,0.12464678178963894
20,50,39.025904,0.3,0.3630106373469205
8,50,39.868691,0.42,0.5095745684369399
14,50,40.718642,0.36,0.3950091296409008
30,50,41.641456,0.2,0.20333648095687756
20,50,42.485693,0.3,0.30247279920870423
0,50,43.269207,0.5,0.6718359610579823
10,50,44.110586,0.4,0.5185880585805482
20,50,44.956413,0.3,0.38195522057193526
4,50,45.776644,0.46,0.5168539325842697
12,50,46.6119,0.38,0.48371156661786235
12,50,47.443933,0.38,0.4302724328443513
-2,50,48.279311,0.52,0.5662551440329218
16,50,49.119322,0.34,0.43284990989444777
26,50,50.003592,0.24,0.2733791748526523
24,50,50.920218,0.26,0.37586742620403935
12,50,51.75972,0.38,0.4499085747281301
14,50,52.639925,0.36,0.4087819613766318
10,50,53.492039,0.4,0.47634322373696875
2,50,54.346948,0.48,0.5870192755377596
0,50,55.227591,0.5,0.5979491148302215
12,50,56.188484,0.38,0.4846390168970814
22,50,57.358503,0.28,0.33825852615927887
14,50,58.627407,0.36,0.38320308822144805
2,50,59.843553,0.48,0.6076807228915663
2,50,60.837017,0.48,0.5678633134958725
4,50,61.739761,0.46,0.5136670912119133
16,50,62.675701,0.34,0.3567604317158154
0,50,63.555941,0.5,0.5154194522320465
18,50,64.458384,0.32,0.396407430087773
4,50,65.345951,0.46,0.5217645910599258
28,50,66.265027,0.22,0.24043934098851721
4,50,67.133858,0.46,0.5094021642717758
6,50,68.063378,0.44,0.5384547305071246
8,50,68.994447,0.42,0.486159634506853
14,50,69.886654,0.36,0.4986750917244191
0,50,70.799464,0.5,0.5598065829657278
16,50,71.740497,0.34,0.4123785906178963
10,50,72.667531,0.4,0.4808042028692665
20,50,73.625472,0.3,0.3745211668794814
6,50,74.559785,0.44,0.49627106159653805
2,50,75.47642,0.48,0.5406719717064544
10,50,76.397938,0.4,0.44742091764035335
20,50,77.342844,0.3,0.39247202441505596
24,50,78.310157,0.26,0.36381304052084346
10,50,79.249274,0.4,0.4907808564231738
22,50,80.203532,0.28,0.3464962538563244
8,50,81.141404,0.42,0.5147119767923747
12,50,82.099163,0.38,0.46917869232139675
8,50,83.094108,0.42,0.46623991581901086
12,50,84.070508,0.38,0.4418604651162791
6,50,85.040052,0.44,0.5254058797718297
4,50,85.992832,0.46,0.5473033506540047
-6,50,86.919837,0.56,0.6299735955567696
8,50,87.873724,0.42,0.5397599061287119
16,50,88.885048,0.34,0.40140778977006103
18,50,89.879714,0.32,0.40368526951180767
2,50,90.848986,0.48,0.596435391470401
2,50,91.817117,0.48,0.5356456776947706
10,50,92.774885,0.4,0.4414544900137216
6,50,93.755199,0.44,0.4856152512998267
14,50,94.76175,0.36,0.3726091848215199
10,50,95.766399,0.4,0.488930805122605
20,50,96.810855,0.3,0.3387483847147868
12,50,97.843784,0.38,0.4145663132278811
8,50,98.853496,0.42,0.4826349565873915
0,50,99.86318,0.5,0.6010343553749539
22,50,100.867657,0.28,0.3236333967908621
-4,50,101.875075,0.54,0.6921760623633425
-6,50,102.849604,0.56,0.6466666666666666
18,50,103.888674,0.32,0.3802119441418243
4,50,104.906839,0.46,0.5324592769169646
10,50,105.97541,0.4,0.4452479338842975
2,50,107.000328,0.48,0.5955076210000891
10,50,108.014781,0.4,0.4288673382920629
6,50,109.223152,0.44,0.5957282304049483
8,50,110.646976,0.42,0.5349842767295597
12,50,112.21739,0.38,0.4546400529751206
14,50,113.423513,0.36,0.5114261729316295
10,50,114.46093,0.4,0.5028730128327906
14,50,115.536885,0.36,0.43140227395776937
4,50,116.62166,0.46,0.517031519665728
20,50,117.730605,0.3,0.40967266961150756
6,50,118.812284,0.44,0.5003741114852226
8,50,119.878474,0.42,0.503855085926614
16,50,120.960926,0.34,0.3926194797338173
16,50,122.055563,0.34,0.41816693944353517
12,50,123.149726,0.38,0.510821733273462
8,50,124.227832,0.42,0.46773784355179704
-4,50,125.333018,0.54,0.6710268731090941
4,50,126.417154,0.46,0.5531995456266565
2,50,127.484562,0.48,0.5330311505448935
8,50,128.572953,0.42,0.4463428149242704
14,50,129.701042,0.36,0.4252395588501175
8,50,130.833199,0.42,0.5532808868228142
6,50,131.923275,0.44,0.5506744098913451
-10,50,132.995041,0.6,0.7090979706767647
6,50,134.120239,0.44,0.5744941176470588
14,50,135.211906,0.36,0.4663480684986061
6,50,136.317135,0.44,0.5380219375057609
6,50,137.464648,0.44,0.535886019590383
14,50,138.578326,0.36,0.43332983082904275
12,50,139.730983,0.38,0.4796800294225818
14,50,140.899933,0.36,0.41890178484346047
10,50,142.428433,0.4,0.40171094101755966
10,50,144.099369,0.4,0.5237000353731871
6,50,145.449483,0.44,0.5125997099347354
12,50,146.58604,0.38,0.4262783966318744
14,50,147.762861,0.36,0.4774702141001523
18,50,148.911683,0.32,0.3676782584632414
20,50,150.019452,0.3,0.3988557417245607
32,50,151.176269,0.18,0.26160040261701056
8,50,152.320555,0.42,0.5343753091304778
10,50,153.464962,0.4,0.460374430109613
12,50,154.619761,0.38,0.5317718727024472
22,50,155.756607,0.28,0.36512476575599173
12,50,156.91299,0.38,0.42343165007761846
6,50,158.121935,0.44,0.5238539818877789
14,50,159.325198,0.36,0.45671785028790784
16,50,160.650514,0.34,0.397200081749438
10,50,162.349586,0.4,0.48628257887517146
14,50,164.177844,0.36,0.43349753694581283
22,50,165.370632,0.28,0.38028306490971203
10,50,166.580883,0.4,0.5005867560771166
8,50,167.795684,0.42,0.4897170894665414
6,50,169.021478,0.44,0.5654889912954429
10,50,170.251729,0.4,0.4833032490974729
10,50,171.476036,0.4,0.4968628299437473
14,50,172.767277,0.36,0.456954923582898
22,50,174.036807,0.28,0.3654430030361579
8,50,175.288179,0.42,0.46475442043222004
12,50,176.49688,0.38,0.505024115755627
4,50,177.7276,0.46,0.5824609915070117
10,50,178.992499,0.4,0.4502440856177244
12,50,180.257461,0.38,0.4804964539007092
12,50,181.464279,0.38,0.4697508896797153
16,50,182.711906,0.34,0.3773411678295997
2,50,183.962744,0.48,0.5989842851667305
14,50,185.192478,0.36,0.4297440423654016
24,50,186.449888,0.26,0.3491079199303742
12,50,187.648082,0.38,0.47822596829219344
10,50,188.85481,0.4,0.46081258191349933
12,50,190.110694,0.38,0.4948570253034355
4,50,191.328129,0.46,0.5669190677549415
10,50,192.592597,0.4,0.47712694125590815
20,50,193.853723,0.3,0.36320655599915946
10,50,195.148353,0.4,0.5110413097277746
14,50,196.406722,0.36,0.4545805952841129
8,50,197.668123,0.42,0.5209597352454496
-6,50,198.897872,0.56,0.6294765840220385
0,50,200.194154,0.5,0.6147694737881331
8,50,201.45858,0.42,0.539831966798259
12,50,202.747594,0.38,0.4437177280550775
12,50,204.024964,0.38,0.5112501167024555
26,50,205.327781,0.24,0.3142300854990265
14,50,206.572594,0.36,0.45928893340010013
18,50,207.808172,0.32,0.4142844420696411
16,50,209.088324,0.34,0.4524628952462895
10,50,210.347164,0.4,0.48349514563106794
14,50,211.61634,0.36,0.42954698470712704
-6,50,212.913671,0.56,0.6304273504273504
12,50,214.427895,0.38,0.4278643446379468
18,50,216.242242,0.32,0.4479115236496495
14,50,217.981407,0.36,0.439915611814346
4,50,219.283532,0.46,0.5058133552834654
18,50,220.58078,0.32,0.4724178403755869
6,50,221.848774,0.44,0.5326758147512864
6,50,223.151313,0.44,0.5256282409254088
14,50,224.471944,0.36,0.4120694356084704
8,50,225.846181,0.42,0.52615199277181
-4,50,227.147925,0.54,0.6156589821661592
14,50,228.463104,0.36,0.37089247520902197
16,50,229.737208,0.34,0.4282938204430626
4,50,231.076142,0.46,0.47193045997826877
18,50,232.377618,0.32,0.3534694569177328
8,50,233.734454,0.42,0.5219407008086253
26,50,235.050212,0.24,0.2863049095607235
22,50,236.419949,0.28,0.33808371426010575
14,50,237.743837,0.36,0.4934830559454582
12,50,239.084017,0.38,0.4693451841102848
4,50,240.423827,0.46,0.49946017772610246
4,50,241.787822,0.46,0.5394700139470014
0,50,243.142795,0.5,0.5465626523647001
10,50,244.496911,0.4,0.5136035535813437
8,50,245.852267,0.42,0.4855885398688298
10,50,247.267473,0.4,0.606163632375521
6,50,248.636925,0.44,0.5462152169682818
8,50,249.95983,0.42,0.5320711773225739
26,50,251.313942,0.24,0.2612252486752812
8,50,252.660583,0.42,0.5069584325215162
12,50,254.004011,0.38,0.44144809752493536
12,50,255.427398,0.38,0.4330079033007903
12,50,256.786746,0.38,0.46452105816063416
8,50,258.13723,0.42,0.4676132241683076
22,50,259.481038,0.28,0.39102040816326533
4,50,260.901508,0.46,0.563249239577742
24,50,262.288231,0.26,0.29750443966725865
24,50,263.664196,0.26,0.3108070884216325
10,50,265.043555,0.4,0.5430512208555168
22,50,266.481467,0.28,0.3723016264169542
2,50,268.040142,0.48,0.5213824402164426
10,50,270.047663,0.4,0.5369556113902848
22,50,271.819374,0.28,0.35821466118704004
12,50,273.201915,0.38,0.48656603057058767
16,50,274.581484,0.34,0.43817873866693235
8,50,276.011353,0.42,0.558829384829783
20,50,277.401941,0.3,0.34347219801289874
12,50,278.812551,0.38,0.4809369793198079
20,50,280.221743,0.3,0.3398989898989899
20,50,281.618953,0.3,0.4038014356485694
14,50,282.990589,0.36,0.41823485133609334
4,50,284.404941,0.46,0.4552746945247645
14,50,285.830897,0.36,0.41130893504780747
12,50,287.254199,0.38,0.39342749007661776
14,50,288.688559,0.36,0.4289240332754365
14,50,290.101486,0.36,0.42735277930654925
18,50,291.573772,0.32,0.3864720998531571
16,50,293.014382,0.34,0.4296089941299373
14,50,294.424732,0.36,0.48168870803662256
14,50,295.946597,0.36,0.40513307984790875
10,50,297.369239,0.4,0.49481037924151694
28,50,298.770706,0.22,0.268859143692935
6,50,300.211189,0.44,0.48335597826086957
12,50,301.667709,0.38,0.5153862040479141
10,50,303.120071,0.4,0.5214370782056371
10,50,304.526148,0.4,0.4275590551181102
-2,50,306.030381,0.52,0.6099387338325392
12,50,307.489573,0.38,0.4335186811042825
12,50,308.919146,0.38,0.4444023130154517
6,50,310.396595,0.44,0.48897469769332386
16,50,311.853594,0.34,0.47027611280338016
8,50,313.352216,0.42,0.5274083031035872
10,50,314.824315,0.4,0.4680807875773876
10,50,316.319726,0.4,0.49545032497678737
14,50,317.808872,0.36,0.43868770168519183
22,50,319.224366,0.28,0.37224183583406883
22,50,320.738014,0.28,0.4154909572957106
14,50,322.495212,0.36,0.4595358814352574
26,50,324.608209,0.24,0.2511727078891258
18,50,326.464965,0.32,0.4193619361936194
28,50,327.913495,0.22,0.28291880029261157
14,50,329.379047,0.36,0.41612200435729846
14,50,330.831672,0.36,0.4724622030237581
32,50,332.250626,0.18,0.24551711646440863
10,50,333.758897,0.4,0.4727095516569201
10,50,335.241767,0.4,0.4920349203492035
14,50,336.754459,0.36,0.4501232694860611
14,50,338.288095,0.36,0.45658928897824896
22,50,339.764662,0.28,0.35019383422558614
6,50,341.279212,0.44,0.5240319128235065
22,50,342.738216,0.28,0.32996065205171443
20,50,344.246171,0.3,0.35169353966020994
2,50,345.825953,0.48,0.5563695176481781
26,50,347.320043,0.24,0.29175435240099484
26,50,348.790975,0.24,0.26202251920446173
12,50,350.330743,0.38,0.45654756465320295
14,50,352.109759,0.36,0.43205636283575516
20,50,354.337121,0.3,0.3275436598329537
18,50,356.110392,0.32,0.4917146144994246
18,50,357.603367,0.32,0.4059581621217781
4,50,359.145145,0.46,0.5470122640688876
20,50,360.661674,0.3,0.3208536473185539
20,50,362.151739,0.3,0.39753730001797594
10,50,363.710027,0.4,0.460239852398524
14,50,365.2218,0.36,0.5101043331140145
22,50,366.764138,0.28,0.3772545535317637
10,50,368.37027,0.4,0.4569547895375022
22,50,369.846534,0.28,0.44032016008004005
10,50,371.397593,0.4,0.5625908938359996
16,50,372.943369,0.34,0.43717598265623525
22,50,374.482437,0.28,0.312580823942361
14,50,376.414667,0.36,0.46885124502453024
28,50,378.637033,0.22,0.28639916623241274
4,50,380.484528,0.46,0.5461367426347971
18,50,382.042526,0.32,0.4256625396500563
20,50,383.631576,0.3,0.3402252331515045
26,50,385.170127,0.24,0.28991552820940664
14,50,386.751398,0.36,0.44649446494464945
16,50,388.338409,0.34,0.41875812418758124
16,50,389.923839,0.34,0.44302802759102416
28,50,391.440123,0.22,0.26577454052680616
14,50,393.021193,0.36,0.46122448979591835
26,50,394.588485,0.24,0.2982562241709505
24,50,396.171726,0.26,0.31084620247448747
14,50,397.779177,0.36,0.41161639742272854
16,50,399.389086,0.34,0.3971380966382437
14,50,400.952074,0.36,0.4847508807247106
8,50,402.539368,0.42,0.533523932491008
18,50,404.118125,0.32,0.3862598588625986
18,50,405.719594,0.32,0.39871875845890103
14,50,407.301537,0.36,0.48868734152525845
18,50,408.888528,0.32,0.40828138913624223
16,50,410.51342,0.34,0.3938307030129125
14,50,412.114818,0.36,0.4529586650043157
12,50,413.709967,0.38,0.4651646760767282
6,50,415.327248,0.44,0.4982799682455676
16,50,416.966491,0.34,0.43936513970728
16,50,418.565492,0.34,0.45175002261011127
6,50,420.224944,0.44,0.5273785380477912
18,50,421.855404,0.32,0.43744859727679797
22,50,423.456387,0.28,0.34780237757661686
16,50,425.036589,0.34,0.37250303977766197
16,50,426.664606,0.34,0.4516362883181442
16,50,428.728576,0.34,0.402028830752803
12,50,431.14788,0.38,0.4478336221837088
6,50,432.863217,0.44,0.5388776820099028
22,50,434.449092,0.28,0.3197260520861494
14,50,436.079954,0.36,0.43826157595450854
18,50,437.860261,0.32,0.37904427882507674
18,50,439.64343,0.32,0.4505540455780891
20,50,441.780359,0.3,0.37029522166987927
14,50,443.698865,0.36,0.46260782179046983
14,50,445.337664,0.36,0.42267946115519467
20,50,446.962888,0.3,0.35025474756831865
14,50,448.613098,0.36,0.46388658940397354
18,50,450.22464,0.32,0.3929384965831435
10,50,451.89373,0.4,0.4489524147727273
22,50,453.565092,0.28,0.36597486115171
12,50,455.213561,0.38,0.40990897807199006
20,50,456.847698,0.3,0.396121266161391
12,50,458.547349,0.38,0.47716049382716047
22,50,460.200504,0.28,0.3346889731028746
18,50,461.833632,0.32,0.38515808727462764
10,50,463.481421,0.4,0.4664314323860385
16,50,465.11327,0.34,0.41389591615468013
12,50,466.797772,0.38,0.5033986405437825
10,50,468.446109,0.4,0.5369674759505269
18,50,470.097858,0.32,0.38368225396204264
30,50,471.795681,0.2,0.243191372692378
18,50,473.484108,0.32,0.380677039529016
22,50,475.136193,0.28,0.3521231917872142
22,50,476.830334,0.28,0.38584858980702624
14,50,478.5274,0.36,0.4673688000720137
28,50,480.43945,0.22,0.2965881698498053
6,50,482.977736,0.44,0.5381682485600714
22,50,484.894475,0.28,0.3381514657980456
20,50,486.59478,0.3,0.3897080363245777
24,50,488.251704,0.26,0.33208812260536397
18,50,489.943862,0.32,0.3480728737526321
8,50,491.65971,0.42,0.4598386209426004
20,50,493.375208,0.3,0.39301395258073957
22,50,495.047784,0.28,0.3724169321802458
18,50,496.707007,0.32,0.3579802455460168
18,50,498.382895,0.32,0.3148403626330311
14,50,500.074877,0.36,0.4336345915293284
12,50,501.804183,0.38,0.3920071845532106
16,50,503.54507,0.34,0.40645094378759594
18,50,505.273257,0.32,0.4514680793750561
16,50,506.995639,0.34,0.44751481988144093
12,50,508.725818,0.38,0.48780253553592007
18,50,510.382509,0.32,0.38631595933516216
10,50,512.11482,0.4,0.5025070653660315
6,50,513.897632,0.44,0.5089164402173914
18,50,515.584019,0.32,0.32917705735660846
16,50,517.342844,0.34,0.43697718631178706
26,50,519.086959,0.24,0.2758252427184466
16,50,520.865417,0.34,0.3717948717948718
18,50,522.574447,0.32,0.46958045361627565
28,50,524.292917,0.22,0.3262170790103751
28,50,525.997107,0.22,0.34112322187326805
24,50,527.68768,0.26,0.25762322472848787
18,50,529.371798,0.32,0.3446001648804617
14,50,531.156908,0.36,0.41207944137117986
14,50,533.375398,0.36,0.45526875751688406
10,50,536.025824,0.4,0.4454627133872417
28,50,537.783669,0.22,0.32025547445255476
22,50,539.539153,0.28,0.3766743881559069
30,50,541.29225,0.2,0.2616403246475865
30,50,543.013772,0.2,0.3164775030401297
28,50,544.744481,0.22,0.2484692233322591
20,50,546.453966,0.3,0.3991682152021945
16,50,548.24689,0.34,0.3829142962011378
30,50,549.946621,0.2,0.3199078138718174
20,50,551.703475,0.3,0.3598995920928773
16,50,553.490834,0.34,0.4337964854924397
22,50,555.277848,0.28,0.3246248515599698
30,50,556.964384,0.2,0.20833333333333334
10,50,558.766545,0.4,0.4856175972927242
22,50,560.493394,0.28,0.3467928902627512
24,50,562.580414,0.26,0.32331414072411435
18,50,565.220848,0.32,0.4057490821169517
14,50,567.110528,0.36,0.4442662389735365
20,50,568.881537,0.3,0.39118509410763264
14,50,570.646777,0.36,0.4065934065934066
18,50,572.417682,0.32,0.32895110186323656
28,50,574.20068,0.22,0.34180363321799306
24,50,575.941229,0.26,0.2961023851076207
20,50,577.691929,0.3,0.42538238941711454
24,50,579.449197,0.26,0.30390163617000676
20,50,581.213926,0.3,0.381758070789576
30,50,582.922156,0.2,0.23028459700195525
6,50,585.161272,0.44,0.5760720802919708
32,50,587.656653,0.18,0.1613456181701307
14,50,589.543001,0.36,0.40705980066445185
26,50,591.29919,0.24,0.2967741935483871
20,50,593.079925,0.3,0.36391752577319586
16,50,594.866395,0.34,0.4652951355508556
14,50,596.738148,0.36,0.4238629446038786
22,50,598.552026,0.28,0.3862805991962002
32,50,600.26577,0.18,0.2603628255802169
24,50,602.022948,0.26,0.3527800324675325
12,50,603.882454,0.38,0.41409147095179233
36,50,605.586237,0.14,0.1891648307630683
20,50,607.370904,0.3,0.34345645234838124
18,50,609.236883,0.32,0.46554471220872334
28,50,611.001579,0.22,0.24992564687221175
22,50,612.785163,0.28,0.3292363489824703
8,50,614.634181,0.42,0.5168122051590887
22,50,616.428749,0.28,0.3873382624768946
24,50,618.188799,0.26,0.36025230987917556
20,50,620.016966,0.3,0.32983285201715234
24,50,621.790344,0.26,0.3173189823874755
22,50,623.57288,0.28,0.296935987509758
30,50,625.332454,0.2,0.2938102070096331
20,50,627.139692,0.3,0.4182628062360802
12,50,628.94715,0.38,0.5044604316546762
18,50,630.738135,0.32,0.3557810869771412
26,50,632.479604,0.24,0.254245194999067
12,50,634.31589,0.38,0.48947197926789765
18,50,636.136608,0.32,0.4488446081714668
4,50,638.066557,0.46,0.5607386746176781
24,50,639.842197,0.26,0.2712312665295328
22,50,641.631351,0.28,0.350551836439298
18,50,643.460459,0.32,0.41423060437205317
30,50,645.282024,0.2,0.28652716593245225
22,50,647.09386,0.28,0.33441620485381235
8,50,649.473896,0.42,0.535692006060066
10,50,652.202587,0.4,0.47548250069258474
10,50,654.069237,0.4,0.4459744046654787
20,50,655.918262,0.3,0.38280235693598325
14,50,657.809355,0.36,0.44002970664686225
14,50,659.711982,0.36,0.38882623405916544
22,50,661.537744,0.28,0.28951367781155013
14,50,663.400498,0.36,0.43888742651574975
22,50,665.206953,0.28,0.3802845528455285
6,50,667.112957,0.44,0.570375678165626
16,50,668.98472,0.34,0.38738165327392793
12,50,670.851111,0.38,0.4378053363397219
20,50,672.675189,0.3,0.37162580759359237
16,50,674.600499,0.34,0.4128110599078341
26,50,676.421936,0.24,0.2956008110729084
16,50,678.303285,0.34,0.4402392492523461
12,50,680.220844,0.38,0.4618001855861429
4,50,682.183088,0.46,0.5544383505992281
8,50,684.104021,0.42,0.4942272473923083
24,50,685.944487,0.26,0.3245382585751979
16,50,687.844986,0.34,0.47679541030632105
8,50,689.790195,0.42,0.543011791996907
16,50,691.68583,0.34,0.44693007941119506
26,50,693.520953,0.24,0.34892638036809814
12,50,695.437602,0.38,0.46595638421841185
20,50,697.305045,0.3,0.35461968987980547
24,50,699.201431,0.26,0.32580152671755724
30,50,701.604259,0.2,0.2507439000198373
16,50,704.232674,0.34,0.3944914891797109
14,50,706.172192,0.36,0.4471288199765618
24,50,708.070276,0.26,0.32222329255370386
20,50,709.973712,0.3,0.38856653666888613
26,50,711.817757,0.24,0.3327504129019722
14,50,713.727152,0.36,0.3862245364026674
12,50,715.663468,0.38,0.48142115443347244
18,50,717.55925,0.32,0.43039941504432866
6,50,719.539398,0.44,0.4803021610250526
4,50,721.491396,0.46,0.5005185480654168
26,50,723.346063,0.24,0.3092051905920519
26,50,725.231508,0.24,0.29836344716677704
28,50,727.118874,0.22,0.2945706209182182
30,50,728.980011,0.2,0.22300613496932514
14,50,730.947573,0.36,0.400604400793276
16,50,732.870833,0.34,0.33065639596820456
24,50,734.762012,0.26,0.32483474976392823
32,50,736.63764,0.18,0.24390243902439024
22,50,738.55525,0.28,0.3343833966459742
16,50,740.520435,0.34,0.425822731573967
20,50,742.442573,0.3,0.3502574116811646
14,50,744.429992,0.36,0.4535935752770153
16,50,746.356849,0.34,0.4282684860778167
16,50,748.308884,0.34,0.44661016949152543
20,50,750.24913,0.3,0.36102267245537867
22,50,752.152437,0.28,0.3957406230133503
12,50,754.620577,0.38,0.4669114272602111
16,50,757.405997,0.34,0.4319216562151018
24,50,759.319416,0.26,0.3204816731805218
20,50,761.269428,0.3,0.39943056576047026
24,50,763.188664,0.26,0.32461701003697835
18,50,765.152809,0.32,0.3871792610880875
14,50,767.116931,0.36,0.40768757146626794
10,50,769.098055,0.4,0.46024478295324467
32,50,771.112755,0.18,0.22305022458146181
16,50,774.107433,0.34,0.48339938353148393
16,50,776.340855,0.34,0.4299305489487204
8,50,778.355698,0.42,0.49701544943820225
24,50,780.268507,0.26,0.32826191622532497
26,50,782.2165,0.24,0.3237719941348974
28,50,784.114556,0.22,0.2766128312661729
34,50,785.980008,0.16,0.19161610590182018
24,50,787.917603,0.26,0.3631503579952267
16,50,789.919204,0.34,0.4103330111589491
26,50,791.855254,0.24,0.35581129922008753
4,50,793.889606,0.46,0.5385213251724473
22,50,795.835403,0.28,0.3778173190984579
30,50,797.750741,0.2,0.23378796753409756
6,50,799.808805,0.44,0.5084267018171547
22,50,801.782403,0.28,0.38347055098163396
26,50,803.720329,0.24,0.27589935128759585
28,50,805.64741,0.22,0.2636008676789588
10,50,808.382008,0.4,0.48170556035724577
18,50,811.016163,0.32,0.45710845791110666
24,50,812.997126,0.26,0.310419326328194
12,50,815.084173,0.38,0.3879254381897431
14,50,817.085995,0.36,0.4343518615079779
4,50,819.199234,0.46,0.5612476199111434
18,50,821.198495,0.32,0.39994591671173607
22,50,823.170959,0.28,0.3284962991819244
26,50,825.161577,0.24,0.35161259450665133
26,50,827.141477,0.24,0.3087930319369556
32,50,829.049449,0.18,0.2731191222570533
16,50,831.067319,0.34,0.3859504132231405
28,50,833.02076,0.22,0.29233226837060705
24,50,834.993787,0.26,0.35415841584158414
22,50,836.994929,0.28,0.33841226708074534
16,50,839.067175,0.34,0.37400933666268593
20,50,841.06078,0.3,0.3216211515046095
20,50,843.084489,0.3,0.4517829754601227
22,50,845.129827,0.28,0.3708532907574951
30,50,847.106679,0.2,0.28448275862068967
30,50,849.08039,0.2,0.2704106635303342
20,50,851.062652,0.3,0.3752802119421235
12,50,853.153838,0.38,0.47720445308358367
16,50,855.204255,0.34,0.40893825884784296
16,50,857.285066,0.34,0.4025223837489169
16,50,859.348613,0.34,0.46070726915520627
32,50,862.065141,0.18,0.28723813184701136
32,50,864.600833,0.18,0.22764459665144596
28,50,866.547502,0.22,0.2626710348814801
26,50,868.540437,0.24,0.2822850762932639
30,50,870.523329,0.2,0.2528694723729869
20,50,872.544675,0.3,0.4295607011469379
12,50,874.634065,0.38,0.43857634902411025
20,50,876.692954,0.3,0.395188679245283
8,50,878.844516,0.42,0.4879202132232826
26,50,880.837434,0.24,0.2859918578830496
22,50,882.896055,0.28,0.4101651842439644
28,50,884.892115,0.22,0.28168326498730717
30,50,886.847927,0.2,0.27128471162648765
24,50,888.847566,0.26,0.38771735109137995
30,50,890.772591,0.2,0.30086222711429095
30,50,892.752446,0.2,0.2728382502543235
28,50,894.758595,0.22,0.2924383505576589
22,50,896.809559,0.28,0.33007539793353813
16,50,898.906017,0.34,0.4270591272915053
24,50,900.913924,0.26,0.3456572224802601
30,50,902.866178,0.2,0.32125112917795845
14,50,904.943774,0.36,0.43944407677035074
24,50,906.954102,0.26,0.34991851212731284
18,50,908.99662,0.32,0.4250408867890242
36,50,910.951263,0.14,0.22388059701492538
18,50,913.968261,0.32,0.3803664451230465
36,50,916.341915,0.14,0.1969533275713051
14,50,918.41755,0.36,0.45181215369243344
16,50,920.466117,0.34,0.3860185101985803
30,50,922.459744,0.2,0.24622030237580994
24,50,924.481154,0.26,0.3653885169405559
32,50,926.47366,0.18,0.24691358024691357
10,50,928.63455,0.4,0.527165932452276
14,50,930.748797,0.36,0.3798689138576779
12,50,932.896178,0.38,0.4226659471127901
22,50,934.95285,0.28,0.3463
18,50,937.056629,0.32,0.3715081441471854
20,50,939.129535,0.3,0.4146095717884131
12,50,941.26623,0.38,0.45312659389982657
14,50,943.399084,0.36,0.40755963894261765
12,50,945.512622,0.38,0.46016886930983847
24,50,947.669228,0.26,0.3128139556123847
26,50,949.731173,0.24,0.25368876647649025
32,50,951.748517,0.18,0.2460655040408337
26,50,953.81811,0.24,0.32023949922888506
28,50,955.854958,0.22,0.37770527460576403
18,50,957.982197,0.32,0.4133260113490756
24,50,960.058511,0.26,0.31651333519189667
20,50,962.152289,0.3,0.3769962474910551
8,50,964.986544,0.42,0.5508672773338531
22,50,967.85329,0.28,0.37992797573919634
26,50,969.935935,0.24,0.3380846705360191
24,50,972.012962,0.26,0.3478702762635129
28,50,974.063155,0.22,0.27427466150870405
20,50,976.150287,0.3,0.3557325650368613
20,50,978.59893,0.3,0.4182614006514658
4,50,981.867099,0.46,0.5406526050117181
22,50,983.972037,0.28,0.3702646106986484
18,50,986.104439,0.32,0.3830615270570793
26,50,988.210594,0.24,0.3073850523699627
10,50,990.375844,0.4,0.4879065132711296
14,50,992.560113,0.36,0.38343584856623064
8,50,994.776119,0.42,0.43383598096927667
24,50,996.898216,0.26,0.3304420524610722
10,50,999.145591,0.4,0.4916360294117647
22,50,1001.197271,0.28,0.33210922787193975
18,50,1003.399443,0.32,0.37111173761864485
22,50,1005.471881,0.28,0.37214217098943325
10,50,1007.719759,0.4,0.5116062351745171
18,50,1009.886025,0.32,0.35915872730541076
22,50,1012.025266,0.28,0.3545138253067204
18,50,1014.200253,0.32,0.4064773735581189
24,50,1016.329194,0.26,0.3391615338764157
12,50,1019.527068,0.38,0.4490766136405193
24,50,1022.01415,0.26,0.31382684142514305
22,50,1024.160789,0.28,0.34518474255552234
32,50,1026.222892,0.18,0.24506283662477557
28,50,1028.35411,0.22,0.2591093117408907
14,50,1030.522888,0.36,0.49612116734392314
22,50,1032.664505,0.28,0.3285326654143185
20,50,1034.826784,0.3,0.3775467338794371
20,50,1036.979949,0.3,0.336410635155096
32,50,1039.11178,0.18,0.23079368443361237
28,50,1041.202921,0.22,0.30317202114680764
34,50,1043.294066,0.16,0.22643553629469124
18,50,1045.454894,0.32,0.4258985721319547
22,50,1047.614213,0.28,0.4245292418053203
26,50,1049.718328,0.24,0.3187094235687586
18,50,1051.914373,0.32,0.300963290809685
20,50,1054.098763,0.3,0.3299583085169744
14,50,1056.295507,0.36,0.44973696795791485
14,50,1058.505999,0.36,0.407340151008315
24,50,1060.695145,0.26,0.35956714215445157
24,50,1062.853228,0.26,0.3656278926257328
32,50,1065.124553,0.18,0.17985677561513036
24,50,1067.263242,0.26,0.35182975338106603
14,50,1070.28288,0.36,0.43847131267715767
24,50,1073.003561,0.26,0.27987649836541956
-2,50,1075.345409,0.52,0.5862246650635521
12,50,1077.573928,0.38,0.4304623753399819
12,50,1079.832954,0.38,0.4919297623270663
16,50,1082.050313,0.34,0.4665466006303467
12,50,1084.34854,0.38,0.47497316811396234
18,50,1086.608512,0.32,0.4060814124570868
8,50,1088.920925,0.42,0.5374219485073989
28,50,1091.025602,0.22,0.24842484248424843
24,50,1093.216356,0.26,0.33308178473728894
28,50,1095.38463,0.22,0.31057667442461856
22,50,1097.594782,0.28,0.3827637444279346
16,50,1099.877101,0.34,0.3822793546717281
24,50,1102.084692,0.26,0.30901094956022257
22,50,1104.307144,0.28,0.3538228040220072
26,50,1106.501902,0.24,0.3214782435922909
28,50,1108.67836,0.22,0.2987621905476369
32,50,1110.764359,0.18,0.27615996893807027
26,50,1112.934741,0.24,0.2876565295169946
14,50,1115.213263,0.36,0.44686234817813764
20,50,1117.470604,0.3,0.3791304347826087
16,50,1119.757882,0.34,0.41567322798262635
14,50,1122.724104,0.36,0.5071214392803598
20,50,1125.731326,0.3,0.34791958859280037
30,50,1127.856987,0.2,0.24977795322214547
30,50,1130.021341,0.2,0.25277807746250947
30,50,1132.223077,0.2,0.17709829673712293
22,50,1134.618925,0.28,0.32314453125
20,50,1136.878731,0.3,0.4427140164666204
24,50,1139.129917,0.26,0.3502584096472935
28,50,1141.330585,0.22,0.34576860179885527
14,50,1143.86195,0.36,0.4198177059832145
26,50,1146.098186,0.24,0.2696997643201148
28,50,1148.331451,0.22,0.25131147540983606
26,50,1150.544573,0.24,0.2706047573071184
18,50,1152.818518,0.32,0.4101590106007067
20,50,1155.08821,0.3,0.3883659638554217
20,50,1157.431544,0.3,0.3686612050191849
32,50,1159.622523,0.18,0.2077258798402823
26,50,1161.911766,0.24,0.3141786383510306
22,50,1164.207203,0.28,0.3225267966965384
26,50,1166.437397,0.24,0.3064866395996601
18,50,1168.78687,0.32,0.3777716441254945
20,50,1171.009278,0.3,0.3733746663222251
28,50,1173.291947,0.22,0.2822531269133211
28,50,1176.531796,0.22,0.29170530654301907
24,50,1179.272667,0.26,0.3459812719469372
28,50,1181.477841,0.22,0.29638774577046184
18,50,1184.43708,0.32,0.34841184867951464
22,50,1187.454211,0.28,0.34179341233554167
22,50,1189.769044,0.28,0.33348764003333026
36,50,1191.943669,0.14,0.16104033970276008
18,50,1194.235465,0.32,0.4069353327085286
6,50,1196.667791,0.44,0.5600150744299981
14,50,1199.048434,0.36,0.4386864597390913
24,50,1201.322181,0.26,0.3987793524361229
14,50,1203.672377,0.36,0.42653276955602537
26,50,1205.916132,0.24,0.2745717293520911
12,50,1208.348423,0.38,0.4428147791937164
14,50,1210.750616,0.36,0.41397342477496785
18,50,1213.115866,0.32,0.4476232394366197
16,50,1215.486136,0.34,0.4418934713641676
18,50,1217.865595,0.32,0.38797659494148734
12,50,1220.262047,0.38,0.4497863247863248
16,50,1222.637655,0.34,0.4082620343963357
14,50,1225.045212,0.36,0.45825868864206376
22,50,1228.513507,0.28,0.3325487242255908
14,50,1231.094119,0.36,0.4171579410470744
24,50,1233.382574,0.26,0.3447216533234035
4,50,1235.839802,0.46,0.5073338284441143
10,50,1238.300528,0.4,0.4923654354687367
22,50,1240.613641,0.28,0.3375222536391245
16,50,1242.981207,0.34,0.4757570295602019
20,50,1245.315717,0.3,0.3646290015716767
32,50,1247.561143,0.18,0.22120051085568326
20,50,1249.862244,0.3,0.4268091306459446
28,50,1252.149201,0.22,0.34139004149377594
12,50,1254.564064,0.38,0.5197066911090742
22,50,1256.896003,0.28,0.28345424351018267
16,50,1259.330531,0.34,0.42404572757217596
22,50,1261.673161,0.28,0.3637802197802198
24,50,1263.961775,0.26,0.3434455270150576
26,50,1266.232368,0.24,0.268671679197995
18,50,1268.67821,0.32,0.4061984228864845
14,50,1271.094451,0.36,0.4708217913204063
36,50,1273.343593,0.14,0.2109932694268815
38,50,1275.503521,0.12,0.1522991132644666
30,50,1277.796081,0.2,0.2997014310717595
8,50,1280.245887,0.42,0.543406014428143
26,50,1282.571807,0.24,0.29734496843668773
26,50,1284.847913,0.24,0.32288185571063494
30,50,1287.133074,0.2,0.2847914359542267
28,50,1289.430278,0.22,0.282420397706478
8,50,1291.900816,0.42,0.48219458170046003
38,50,1294.099409,0.12,0.16376344086021505
24,50,1296.411635,0.26,0.3720725995316159
24,50,1299.349438,0.26,0.38788154897494304
24,50,1302.458661,0.26,0.38938148788927335
26,50,1304.733675,0.24,0.3255970724191063
24,50,1307.075742,0.26,0.31321225071225073
20,50,1309.461458,0.3,0.39135021097046413
28,50,1311.768839,0.22,0.29087313976480383
22,50,1314.13212,0.28,0.3845592070944184
20,50,1316.487361,0.3,0.37891149437157906
26,50,1318.865205,0.24,0.3272923408845739
16,50,1321.273576,0.34,0.4323567829818996
28,50,1323.520596,0.22,0.2680634423340513
24,50,1325.854655,0.26,0.32492690058479534
30,50,1328.153637,0.2,0.24331389503317916
16,50,1330.542915,0.34,0.43087725697610796
20,50,1332.921776,0.3,0.352158304876981
26,50,1335.284558,0.24,0.30884397390653406
18,50,1337.70507,0.32,0.4073499908809046
26,50,1340.047585,0.24,0.34074771152365474
24,50,1342.416514,0.26,0.3262359499223248
18,50,1344.827479,0.32,0.34079240530853433
6,50,1347.391958,0.44,0.4755688176053711
20,50,1349.823128,0.3,0.3528043422072887
32,50,1353.053458,0.18,0.23809052193720906
26,50,1355.767907,0.24,0.3155526389800319
22,50,1358.195534,0.28,0.31965569112485376
26,50,1360.5219,0.24,0.29536399855124956
16,50,1362.950378,0.34,0.3773021403683425
26,50,1365.306133,0.24,0.305303392259914
18,50,1367.74395,0.32,0.35162907268170424
26,50,1370.053213,0.24,0.2799963695770557
26,50,1372.398732,0.24,0.35967219749089435
26,50,1374.71601,0.24,0.3394897182025895
16,50,1377.166743,0.34,0.393226235546915
20,50,1379.582047,0.3,0.37811038353601495
18,50,1382.01569,0.32,0.44244489404749227
12,50,1384.491627,0.38,0.5294460641399417
32,50,1387.022949,0.18,0.18069452619187756
28,50,1390.413695,0.22,0.2718253968253968
22,50,1392.790402,0.28,0.35128076343545955
22,50,1395.173479,0.28,0.40800887633649385
22,50,1397.570351,0.28,0.3237693389592124
20,50,1399.959219,0.3,0.3308714918759232
24,50,1402.996977,0.26,0.24566346746499956
22,50,1406.048131,0.28,0.3403380539058931
30,50,1408.407781,0.2,0.22801191996594294
20,50,1410.83993,0.3,0.37219935985368086
24,50,1413.230901,0.26,0.36683673469387756
2,50,1415.838721,0.48,0.5416768119470822
22,50,1418.285518,0.28,0.3542160217601123
26,50,1420.652607,0.24,0.3003817167465988
18,50,1423.156754,0.32,0.3932666504025372
10,50,1425.721605,0.4,0.5466250487709715
10,50,1428.349504,0.4,0.5151734758583205
24,50,1430.727745,0.26,0.3080867850098619
22,50,1433.209125,0.28,0.32124538828399174
32,50,1435.566996,0.18,0.19922721703892188
16,50,1438.106736,0.34,0.4669450861915763
24,50,1440.591558,0.26,0.30412328196584754
28,50,1443.030856,0.22,0.3036104463635418
20,50,1445.510199,0.3,0.4085473091804432
22,50,1447.981053,0.28,0.34469914040114613
16,50,1450.483094,0.34,0.451110902784288
30,50,1452.848626,0.2,0.3275778446018042
24,50,1455.844686,0.26,0.3470971194149648
24,50,1459.100078,0.26,0.3301314930523174
26,50,1461.560916,0.24,0.31336909018673026
26,50,1464.044288,0.24,0.28029072253099613
22,50,1466.483803,0.28,0.36128691983122363
26,50,1468.895649,0.24,0.3032258064516129
28,50,1471.313239,0.22,0.2577523021988348
42,50,1473.575422,0.08,0.11587400917813934
18,50,1476.075229,0.32,0.37737326286944606
28,50,1478.491904,0.22,0.2846458424989001
14,50,1481.00333,0.36,0.4342318316030098
26,50,1483.480821,0.24,0.312816517335411
28,50,1485.843922,0.22,0.32342399325321525
32,50,1488.192509,0.18,0.22872000729860414
16,50,1490.720084,0.34,0.4197308567096285
26,50,1493.158078,0.24,0.316400182731841
26,50,1495.582742,0.24,0.30350877192982456
10,50,1498.267264,0.4,0.47110637885974255
6,50,1500.950553,0.44,0.5763747454175153
18,50,1503.444457,0.32,0.4130228136882129
18,50,1506.292842,0.32,0.3795673513906562
18,50,1509.83178,0.32,0.3880095923261391
26,50,1512.289242,0.24,0.33763593861164753
8,50,1514.917226,0.42,0.5473876647743674
34,50,1517.299859,0.16,0.1960936740841512
32,50,1519.636951,0.18,0.21316708229426434
22,50,1522.111553,0.28,0.39727211603112095
24,50,1524.583514,0.26,0.3282704999547961
8,50,1527.22469,0.42,0.5699240986717268
24,50,1529.754575,0.26,0.3461178671655753
30,50,1532.153034,0.2,0.2501449275362319
24,50,1534.608349,0.26,0.37913512392409
26,50,1537.034446,0.24,0.28462174452253
28,50,1539.478674,0.22,0.27993527508090615
28,50,1541.891736,0.22,0.3438715953307393
28,50,1544.411052,0.22,0.28318498452012386
16,50,1546.975157,0.34,0.4379675006448285
20,50,1549.584277,0.3,0.4153722009279806
16,50,1552.155716,0.34,0.42858420534835884
16,50,1554.776378,0.34,0.4285976000732802
22,50,1557.787955,0.28,0.38503253796095444
16,50,1561.274126,0.34,0.4062277580071174
24,50,1563.793529,0.26,0.32699690982301716
20,50,1566.321272,0.3,0.36267006802721086
12,50,1568.959342,0.38,0.3910734252702199
18,50,1571.522091,0.32,0.406529602132115
28,50,1573.99802,0.22,0.2876013482736631
8,50,1576.716546,0.42,0.45872076641307413
24,50,1579.226766,0.26,0.3296083956855505
24,50,1581.75084,0.26,0.3388592301208205
26,50,1584.291439,0.24,0.2696588544023165
30,50,1586.712359,0.2,0.29682479682479684
24,50,1589.334635,0.26,0.3264990992536673
12,50,1593.346165,0.38,0.4355347414699417
22,50,1595.964552,0.28,0.3099072718399219
20,50,1598.615931,0.3,0.39112089524857824
30,50,1601.130096,0.2,0.29496325118893213
28,50,1603.683825,0.22,0.32295680389373355
24,50,1606.241493,0.26,0.3180672268907563
26,50,1609.813213,0.24,0.34846296678357747
30,50,1612.549495,0.2,0.28470544508455675
16,50,1615.160344,0.34,0.4095415725925199
18,50,1617.768394,0.32,0.4573520680783693
18,50,1620.362555,0.32,0.41668026766770033
10,50,1623.11356,0.4,0.48401745169619803
12,50,1625.808974,0.38,0.45259679742438363
30,50,1628.324526,0.2,0.2672413793103448
10,50,1631.064555,0.4,0.4943392636285796
20,50,1633.707456,0.3,0.3736815670517328
34,50,1636.147148,0.16,0.22379549558110806
28,50,1638.811554,0.22,0.26092849881396135
30,50,1641.345737,0.2,0.2452223088923557
30,50,1643.868196,0.2,0.2821370640713706
24,50,1646.404029,0.26,0.35985413558760154
28,50,1648.978563,0.22,0.26658613640587253
22,50,1651.609488,0.28,0.39977572189515
30,50,1654.146688,0.2,0.24574079029524573
26,50,1656.68423,0.24,0.32525951557093424
30,50,1660.257791,0.2,0.1953545463129072
22,50,1663.263198,0.28,0.37461423593827775
24,50,1665.840504,0.26,0.31975425330812857
28,50,1668.394782,0.22,0.2523880876568646
32,50,1670.874465,0.18,0.2326555023923445
24,50,1673.437657,0.26,0.335221044939715
10,50,1676.147482,0.4,0.48003307151715585
26,50,1678.707799,0.24,0.3475945819710416
16,50,1681.362598,0.34,0.419908773812718
22,50,1683.931764,0.28,0.36218829999051866
20,50,1686.557468,0.3,0.36467643904183056
20,50,1689.17104,0.3,0.33825989960959285
32,50,1691.623778,0.18,0.2835518704203625
24,50,1694.209828,0.26,0.3162954502189225
28,50,1696.724932,0.22,0.2354368932038835
22,50,1699.487273,0.28,0.30969471590417713
24,50,1702.115864,0.26,0.32841644461362773
26,50,1704.698438,0.24,0.3205759405480725
22,50,1707.248471,0.28,0.3995154940950843
18,50,1709.945455,0.32,0.4111818181818182
26,50,1713.826006,0.24,0.29859578736208625
32,50,1716.325635,0.18,0.2370676913981673
28,50,1718.93125,0.22,0.3111090675004598
36,50,1721.365525,0.14,0.21073071027082269
20,50,1723.977223,0.3,0.39902577633448344
30,50,1726.4574,0.2,0.2281534954407295
28,50,1728.985657,0.22,0.23888586463436762
30,50,1731.514077,0.2,0.25220408928906396
22,50,1734.217959,0.28,0.3177230153678276
30,50,1736.708794,0.2,0.2436929683306495
26,50,1739.302609,0.24,0.29852871381110585
34,50,1741.756703,0.16,0.24357405140758873
26,50,1744.321435,0.24,0.319219628556824
26,50,1746.847173,0.24,0.33118544489718565
28,50,1749.41049,0.22,0.2909419256724646
40,50,1751.791035,0.1,0.07490083940595886
30,50,1754.31102,0.2,0.27821809237496586
28,50,1756.827353,0.22,0.2770122588615414
16,50,1759.581657,0.34,0.4216820612542538
18,50,1762.304822,0.32,0.37537037037037035
14,50,1766.496187,0.36,0.4871927823291507
20,50,1769.190248,0.3,0.3833366915172275
26,50,1771.784979,0.24,0.2893683661040543
22,50,1774.408553,0.28,0.3028194469546358
10,50,1777.186704,0.4,0.535176593125651
22,50,1779.838857,0.28,0.35610766045548653
32,50,1782.341725,0.18,0.23689864549276038
18,50,1785.085993,0.32,0.40593374275581695
24,50,1787.695217,0.26,0.3359434682964095
26,50,1790.272417,0.24,0.2558877568064139
24,50,1793.441786,0.26,0.32491598655784926
26,50,1796.943248,0.24,0.3419950504473634
20,50,1799.639891,0.3,0.38779019776440243
18,50,1802.31079,0.32,0.39444387702992545
30,50,1804.838267,0.2,0.23571500554267863
24,50,1807.47305,0.26,0.3202886765602765
16,50,1810.21929,0.34,0.39472579155118837
24,50,1812.844189,0.26,0.3333333333333333
12,50,1816.708843,0.38,0.5001394959546173
14,50,1819.7786,0.36,0.48688224527150703
22,50,1822.39049,0.28,0.34689265536723163
20,50,1825.089047,0.3,0.33915188312304334
28,50,1827.724677,0.22,0.3234076799264199
22,50,1830.398205,0.28,0.3615787504676394
28,50,1833.001408,0.22,0.30099208155092383
24,50,1835.618461,0.26,0.2982821447162936
24,50,1838.256261,0.26,0.3604544315428953
26,50,1840.88215,0.24,0.292620363062352
20,50,1843.582988,0.3,0.42320475375163663
28,50,1846.130194,0.22,0.29823466476462196
34,50,1848.651696,0.16,0.25215752405515324
20,50,1851.323203,0.3,0.40483175150992234
16,50,1854.087891,0.34,0.4231022558867117
18,50,1856.794366,0.32,0.38759231905465286
10,50,1859.698613,0.4,0.4996026226902444
20,50,1862.392365,0.3,0.34276947441354055
12,50,1865.789082,0.38,0.4202018474170373
20,50,1869.31923,0.3,0.3621584226911103
20,50,1872.025095,0.3,0.37033026529507307
14,50,1874.818984,0.36,0.5001404362887371
30,50,1877.420614,0.2,0.28473826020015397
22,50,1880.113805,0.28,0.3508722828622073
24,50,1882.812675,0.26,0.3339058395635482
20,50,1885.538929,0.3,0.3538818460518684
24,50,1888.227973,0.26,0.33119704540517053
20,50,1890.93059,0.3,0.38913712640254194
20,50,1893.633286,0.3,0.35967926689576174
8,50,1896.465578,0.42,0.5257400257400258
22,50,1899.207552,0.28,0.35405105438401774
32,50,1901.779236,0.18,0.24963574550752793
30,50,1904.407652,0.2,0.21312433063966507
30,50,1906.958534,0.2,0.2556997219647822
34,50,1909.504264,0.16,0.21195175438596492
30,50,1912.134235,0.2,0.3159983716670059
14,50,1915.168962,0.36,0.5086715699627713
30,50,1918.987583,0.2,0.3057593543653705
32,50,1921.547244,0.18,0.2374487471526196
32,50,1924.103665,0.18,0.26724401426388184
22,50,1926.791268,0.28,0.3129539395053783
22,50,1929.546402,0.28,0.32231925812550644
24,50,1932.240088,0.26,0.3521996174578334
26,50,1934.935676,0.24,0.3513145082765336
28,50,1937.641105,0.22,0.2524457892082703
18,50,1940.475949,0.32,0.42602633617350893
36,50,1943.023694,0.14,0.19823182711198428
28,50,1945.713134,0.22,0.25666920731707316
30,50,1948.36907,0.2,0.24689669682305912
26,50,1950.993257,0.24,0.29303345241961676
28,50,1953.620522,0.22,0.3155236844763155
26,50,1956.269959,0.24,0.3294865525672372
16,50,1959.105591,0.34,0.45685740236148953
14,50,1961.927814,0.36,0.44703927228199075
18,50,1964.788391,0.32,0.3630721489526765
16,50,1968.014359,0.34,0.4063330727130571
14,50,1971.835747,0.36,0.45293905517490085
6,50,1974.786265,0.44,0.5331504776317034
20,50,1977.608285,0.3,0.34541717275530226
16,50,1980.485029,0.34,0.38932584269662923
18,50,1983.30883,0.32,0.3997661660221243
22,50,1986.04184,0.28,0.34735458429181726
20,50,1988.898015,0.3,0.3977957799547852
22,50,1991.635071,0.28,0.3840208585529379
14,50,1995.016989,0.36,0.43579353593825376
30,50,1998.654522,0.2,0.26172450052576235
14,50,2001.50089,0.36,0.45081227436823107
22,50,2004.303505,0.28,0.3854913916786227
32,50,2006.974274,0.18,0.22777724157899817
30,50,2009.658406,0.2,0.23544807370184254
28,50,2012.306082,0.22,0.25408061292471684
30,50,2014.954624,0.2,0.2208770945241722
22,50,2018.177153,0.28,0.35507246376811596
34,50,2021.736557,0.16,0.2078720787207872
20,50,2024.576152,0.3,0.33630925810195517
30,50,2027.250687,0.2,0.2863475979372116
20,50,2030.004102,0.3,0.3529692572083254
28,50,2032.708455,0.22,0.29963691954901583
22,50,2035.544755,0.28,0.3481868724587171
16,50,2038.489703,0.34,0.4650297619047619
14,50,2041.416549,0.36,0.5
26,50,2044.145445,0.24,0.3190594696644641
20,50,2046.95824,0.3,0.3820184148763315
26,50,2049.723549,0.24,0.3053070960047704
34,50,2052.379094,0.16,0.18748363445928254
10,50,2055.342666,0.4,0.46911257447475696
12,50,2058.286959,0.38,0.43770279039584686
22,50,2061.030971,0.28,0.39387890884896876
28,50,2063.777149,0.22,0.2676141517992138
20,50,2066.555924,0.3,0.4126045834849036
14,50,2070.062397,0.36,0.4513607684339392
30,50,2073.541508,0.2,0.25
32,50,2076.206688,0.18,0.24957589062967767
28,50,2079.010745,0.22,0.29206592564200845
34,50,2081.677629,0.16,0.2247557003257329
28,50,2084.43089,0.22,0.3440385799302278
40,50,2086.954518,0.1,0.13430243188882793
14,50,2089.871757,0.36,0.4685565330726621
28,50,2092.562654,0.22,0.294543429844098
28,50,2095.327186,0.22,0.2873791670430933
34,50,2097.9331,0.16,0.20418908092022434
34,50,2100.547825,0.16,0.21108441719824372
18,50,2103.392455,0.32,0.40346143109705035
30,50,2106.071857,0.2,0.2423597678916828
24,50,2108.915969,0.26,0.3185178074301622
26,50,2111.676109,0.24,0.2970124722034226
26,50,2114.450521,0.24,0.2976422447388932
30,50,2117.149992,0.2,0.28982232720550477
22,50,2120.073399,0.28,0.3633882267309617
22,50,2124.280401,0.28,0.33113828786453436
30,50,2126.97571,0.2,0.2263092861895257
24,50,2129.791614,0.26,0.3492005813953488
12,50,2132.748079,0.38,0.49175042670206714
40,50,2135.342413,0.1,0.12701770010018926
20,50,2138.203922,0.3,0.38363350236055255
24,50,2140.967626,0.26,0.2773700613250226
22,50,2143.871866,0.28,0.32258368694012257
16,50,2146.767879,0.34,0.45373961218836567
16,50,2149.726162,0.34,0.4564154598284291
22,50,2152.548275,0.28,0.30494067646537987
30,50,2155.24243,0.2,0.27144418138772536
32,50,2157.936863,0.18,0.2465780403741999
24,50,2160.817217,0.26,0.337903086739093
18,50,2163.716639,0.32,0.4050384134357692
18,50,2166.581541,0.32,0.3886646213466817
14,50,2169.556976,0.36,0.4189276485788114
28,50,2173.207049,0.22,0.2380113525151693
16,50,2176.691279,0.34,0.432759422987436
18,50,2179.603357,0.32,0.41643748677808334
14,50,2182.540493,0.36,0.4229137199434229
26,50,2185.307478,0.24,0.2815118864374893
18,50,2188.214537,0.32,0.3939087228560913
22,50,2191.09714,0.28,0.3093887838689351
30,50,2193.840714,0.2,0.264241820295632
8,50,2197.732271,0.42,0.5814408770555991
24,50,2201.103386,0.26,0.3652894340434689
10,50,2204.124364,0.4,0.5458482395029185
18,50,2207.011758,0.32,0.41389290882778584
28,50,2209.781745,0.22,0.2545965039398605
26,50,2212.583143,0.24,0.3574325694585277
14,50,2215.551114,0.36,0.4304731355252606
14,50,2218.528157,0.36,0.4794395091125561
24,50,2221.409217,0.26,0.33450859409431466
16,50,2225.628934,0.34,0.4425052358631694
32,50,2228.488454,0.18,0.2747190480687506
26,50,2231.297896,0.24,0.3487766788131182
14,50,2234.340785,0.36,0.5235827456726806
24,50,2237.207979,0.26,0.3577069590262938
20,50,2240.099097,0.3,0.31715802966489653
20,50,2243.007511,0.3,0.42049150704734367
26,50,2245.793757,0.24,0.303837263060564
30,50,2248.608666,0.2,0.3069181057315394
18,50,2251.563763,0.32,0.3780885290716013
26,50,2254.360673,0.24,0.2988121131002175
22,50,2257.257387,0.28,0.35762215291560345
20,50,2260.196657,0.3,0.40678500157546477
18,50,2263.179911,0.32,0.4089594108880512
22,50,2266.10704,0.28,0.38600560548951385
30,50,2268.890695,0.2,0.24681909499665167
24,50,2271.759567,0.26,0.36979269496544914
28,50,2274.977204,0.22,0.31935906479895193
24,50,2278.875715,0.26,0.31194981280987555
10,50,2281.985802,0.4,0.6011085626911316
28,50,2284.843256,0.22,0.28924922673165243
22,50,2287.786716,0.28,0.36798558204309
26,50,2290.666215,0.24,0.3467479674796748
18,50,2293.693609,0.32,0.42934037972205913
14,50,2296.80603,0.36,0.4097313380589831
30,50,2299.702435,0.2,0.2433200682205799
14,50,2302.798614,0.36,0.43486520716482724
22,50,2305.745336,0.28,0.31654820302332565
16,50,2308.784741,0.34,0.42882985813577074
16,50,2311.83124,0.34,0.38690933948560197
38,50,2314.530573,0.12,0.14793303723949436
18,50,2317.58233,0.32,0.4138279591630446
12,50,2320.696944,0.38,0.4824496582301866
24,50,2323.56445,0.26,0.3845532559313478
14,50,2327.206114,0.36,0.5066269392787425
24,50,2331.042025,0.26,0.36340103544404617
22,50,2333.997384,0.28,0.37259758272240934
38,50,2336.661395,0.12,0.13383173633779089
24,50,2339.589944,0.26,0.338665861756716
30,50,2342.409202,0.2,0.20001749169144656
24,50,2345.309635,0.26,0.3587813620071685
26,50,2348.232919,0.24,0.2721934713375796
16,50,2351.287189,0.34,0.42636009776409883
20,50,2354.357013,0.3,0.36216454025516936
26,50,2357.241591,0.24,0.3138731396172927
18,50,2360.330989,0.32,0.39958489820122556
24,50,2363.26039,0.26,0.3426070038910506
28,50,2366.125957,0.22,0.26700342774670754
30,50,2369.032574,0.2,0.26079305490380106
26,50,2371.956709,0.24,0.33206146230793027
24,50,2374.925005,0.26,0.3747194450112222
24,50,2379.08128,0.26,0.39113662024840046
24,50,2382.273086,0.26,0.37969543147208124
32,50,2385.114542,0.18,0.26029781473602787
18,50,2388.14379,0.32,0.4321823066971838
30,50,2390.947,0.2,0.26086188625927237
22,50,2393.954678,0.28,0.3962587952634289
18,50,2398.02764,0.32,0.45761141480589274
14,50,2401.565897,0.36,0.4529707580555038
20,50,2404.626762,0.3,0.4623038652889399
34,50,2407.458807,0.16,0.18395097194292828
18,50,2410.502381,0.32,0.4657506566983229
22,50,2413.563439,0.28,0.38237275089002215
26,50,2416.523469,0.24,0.34211844874235897
18,50,2419.626035,0.32,0.40109151973131824
20,50,2422.647273,0.3,0.41026581118240146
10,50,2426.089626,0.4,0.46672190002761665
32,50,2430.049007,0.18,0.32766582703610414
22,50,2433.068032,0.28,0.44085203499429443
38,50,2435.883584,0.12,0.1887794515256856
32,50,2438.775456,0.18,0.25939226519337016
36,50,2441.613117,0.14,0.18669978979552837
30,50,2444.521055,0.2,0.22421799702094103
46,50,2447.148333,0.04,0.04898806434872859
26,50,2450.108997,0.24,0.33960966382942137
30,50,2452.967242,0.2,0.23212045169385195
32,50,2455.841952,0.18,0.2647353648757017
26,50,2458.840508,0.24,0.2870050928207656
22,50,2461.825272,0.28,0.2830461153364783
28,50,2464.711797,0.22,0.28308176683026204
16,50,2467.854815,0.34,0.4302312835690014
22,50,2470.894031,0.28,0.40710382513661203
20,50,2473.969412,0.3,0.4322867410629847
28,50,2477.882941,0.22,0.30742281585285747
26,50,2481.385118,0.24,0.2911948457633737
24,50,2484.427725,0.26,0.38413878562577447
14,50,2487.570051,0.36,0.44927288280581695
22,50,2490.60447,0.28,0.3148164686969724
10,50,2493.823651,0.4,0.47688884393648223
14,50,2496.956747,0.36,0.46637485077596497
22,50,2500.021577,0.28,0.33877278366256325
20,50,2503.044782,0.3,0.3327748875760515
24,50,2506.038249,0.26,0.31457774106958497
20,50,2509.0564,0.3,0.3539443283089449
16,50,2512.212261,0.34,0.4390063424947146
26,50,2515.221823,0.24,0.32108469247396343
22,50,2518.309357,0.28,0.3585259830073108
22,50,2521.370854,0.28,0.31490817428880086
28,50,2524.30987,0.22,0.3097493036211699
16,50,2528.185605,0.34,0.4401414524754183
16,50,2531.997862,0.34,0.42533811758211426
30,50,2534.957608,0.2,0.28304128304128306
26,50,2537.935204,0.24,0.3049651492986834
22,50,2541.048037,0.28,0.31458638833779007
24,50,2544.108832,0.26,0.30684619761046844
24,50,2547.123355,0.26,0.37087988182069986
24,50,2550.192921,0.26,0.35686634066829664
18,50,2553.360038,0.32,0.3750905797101449
24,50,2556.496111,0.26,0.3656983684838838
20,50,2559.606777,0.3,0.3804318609443598
30,50,2562.513779,0.2,0.24069306930693068
18,50,2565.643772,0.32,0.3982380618680549
26,50,2568.620102,0.24,0.29980115690527837
28,50,2571.64176,0.22,0.32472250252270435
26,50,2574.715623,0.24,0.3447241045498548
18,50,2578.926234,0.32,0.45698868942617
30,50,2582.252255,0.2,0.26871154375975753
32,50,2585.223862,0.18,0.2622726794912225
30,50,2588.187859,0.2,0.24622412828640686
24,50,2591.225384,0.26,0.36406505629872005
18,50,2594.367959,0.32,0.40991787088054893
30,50,2597.899152,0.2,0.2506731520889429
26,50,2601.741488,0.24,0.3615584916578262
22,50,2604.862552,0.28,0.35263347763347763
34,50,2607.736013,0.16,0.1929583904892547
20,50,2610.809155,0.3,0.44954128440366975
18,50,2613.982815,0.32,0.4286979627989371
26,50,2617.13269,0.24,0.28718325376423065
22,50,2620.50881,0.28,0.348971779578029
20,50,2623.647928,0.3,0.40760436054240895
36,50,2627.292315,0.14,0.1851738865161684
26,50,2630.964735,0.24,0.28538147932440305
24,50,2634.020676,0.26,0.29715736040609136
28,50,2637.057184,0.22,0.31901027283773337
24,50,2640.138725,0.26,0.35299705519141256
28,50,2643.124823,0.22,0.25679662802950476
24,50,2646.213052,0.26,0.335078026558108
16,50,2649.509518,0.34,0.4274319244521867
24,50,2652.589761,0.26,0.37514769594328473
24,50,2655.685315,0.26,0.3391601923788383
24,50,2658.760811,0.26,0.3653338745687031
26,50,2661.804766,0.24,0.3322462693942089
22,50,2664.977719,0.28,0.3830242510699001
16,50,2668.171504,0.34,0.4309048723897912
28,50,2671.197161,0.22,0.3233521291075248
22,50,2674.331214,0.28,0.36453788179293933
14,50,2679.099688,0.36,0.4195153789671208
30,50,2682.134172,0.2,0.27402170666135617
16,50,2685.384761,0.34,0.4498639524337398
40,50,2688.206485,0.1,0.1458907887479316
24,50,2691.321972,0.26,0.2865715691096901
24,50,2694.409091,0.26,0.33626184323858743
18,50,2697.607559,0.32,0.4019643178951162
34,50,2700.551348,0.16,0.2639397639397639
20,50,2703.727763,0.3,0.34916734916734915
28,50,2706.763118,0.22,0.2715905786565862
26,50,2709.896989,0.24,0.2991088357982556
32,50,2712.872216,0.18,0.23065028777596427
34,50,2715.890192,0.16,0.2328223624887286
18,50,2719.080124,0.32,0.3540426882488296
28,50,2722.121023,0.22,0.3224018041721481
30,50,2725.115653,0.2,0.23718132340303638
18,50,2729.758038,0.32,0.4292220113851992
24,50,2732.854573,0.26,0.4028671737858397
24,50,2735.909061,0.26,0.3640227909921317
24,50,2739.00034,0.26,0.33320243471431377
30,50,2742.103486,0.2,0.26685421480960514
30,50,2745.096655,0.2,0.2585569356215037
20,50,2748.235158,0.3,0.44803854094975915
28,50,2751.325513,0.22,0.25860280946544734
34,50,2754.272237,0.16,0.2364217252396166
20,50,2757.501227,0.3,0.4097236438075742
26,50,2760.560669,0.24,0.32739031637825555
26,50,2763.609705,0.24,0.37129934210526316
20,50,2766.738808,0.3,0.41420391577391946
18,50,2769.978379,0.32,0.4028395646000947
14,50,2773.294486,0.36,0.4326102418207681
34,50,2776.297596,0.16,0.21426343694770766
28,50,2780.724545,0.22,0.32975206611570246
12,50,2784.052228,0.38,0.5480490968965173
28,50,2787.11884,0.22,0.24086042249445355
24,50,2790.262919,0.26,0.4288833096823491
22,50,2793.439032,0.28,0.4232149056822127
24,50,2796.852004,0.26,0.3471257716049383
28,50,2800.986223,0.22,0.23398509236253645
14,50,2804.300498,0.36,0.4431046033113217
28,50,2807.438704,0.22,0.26663551401869157
20,50,2810.596712,0.3,0.36510458035477894
24,50,2813.748089,0.26,0.35646234046377856
14,50,2817.01618,0.36,0.4829417589341975
18,50,2820.25068,0.32,0.4240669240669241
16,50,2823.515884,0.34,0.3793751235910619
24,50,2826.656878,0.26,0.31412103746397696
30,50,2831.105253,0.2,0.28655234657039713
24,50,2834.258904,0.26,0.35168519498853007
32,50,2837.299125,0.18,0.2311233885819521
14,50,2840.65313,0.36,0.384581881533101
20,50,2843.88977,0.3,0.37998854305900326
20,50,2847.117211,0.3,0.38273253226524256
24,50,2850.301516,0.26,0.36821639898562974
30,50,2853.341973,0.2,0.29089083607155897
22,50,2856.538431,0.28,0.3398544561005576
22,50,2859.759429,0.28,0.34872080088987767
18,50,2862.989324,0.32,0.4058934507232055
24,50,2866.134382,0.26,0.3428417169081256
18,50,2869.451503,0.32,0.39464882943143814
14,50,2872.818763,0.36,0.43887489504617966
26,50,2875.975898,0.24,0.3951087501252882
12,50,2880.811147,0.38,0.45235526788924846
22,50,2884.003522,0.28,0.38957816377171217
22,50,2887.178719,0.28,0.351515701579234
30,50,2890.257485,0.2,0.26948687818253036
18,50,2893.534348,0.32,0.4121236777868186
30,50,2896.595038,0.2,0.3053909664885867
30,50,2899.66151,0.2,0.2529686587502433
20,50,2902.969144,0.3,0.40811638591117916
14,50,2906.326971,0.36,0.49236145781328006
16,50,2909.610057,0.34,0.42267853897873886
24,50,2912.780735,0.26,0.3560554639775041
26,50,2915.904287,0.24,0.41035983441248275
12,50,2919.283068,0.38,0.49888362954362775
28,50,2922.368414,0.22,0.32613415609644614
28,50,2925.684978,0.22,0.3326815915534265
20,50,2930.136522,0.3,0.40746738641475483
14,50,2933.792068,0.36,0.42111397885271834
36,50,2936.879971,0.14,0.17007735239400765
24,50,2940.101829,0.26,0.3225317004443481
24,50,2943.315676,0.26,0.32023455277437424
28,50,2946.433532,0.22,0.3103203568532036
14,50,2949.839529,0.36,0.4855377220839413
26,50,2953.063337,0.24,0.2909448818897638
28,50,2956.21402,0.22,0.22514980613323934
22,50,2959.46184,0.28,0.3368174269805607
22,50,2962.697266,0.28,0.3206208425720621
24,50,2965.928285,0.26,0.32876449726828333
28,50,2969.065685,0.22,0.27946837763519705
22,50,2972.322557,0.28,0.42165106057710683
24,50,2976.431537,0.26,0.3570775420629115
26,50,2980.196949,0.24,0.34052646265463676
16,50,2983.614641,0.34,0.45918566140658484
24,50,2986.833687,0.26,0.3029519679786524
20,50,2990.194862,0.3,0.4155737704918033
16,50,2993.705408,0.34,0.44622154523144625
24,50,2998.317928,0.26,0.2749636969334586
20,50,3001.862916,0.3,0.41404868188326455
22,50,3005.238799,0.28,0.3848218417399352
26,50,3008.520872,0.24,0.30910131654264456
30,50,3011.72263,0.2,0.26945218198700094
32,50,3014.901982,0.18,0.26454632485905755
24,50,3018.220605,0.26,0.3007875425093968
22,50,3021.539537,0.28,0.33603839441535777
20,50,3025.021057,0.3,0.4510726795096322
20,50,3029.743988,0.3,0.3686942269167729
28,50,3032.998566,0.22,0.34373227453204763
36,50,3036.14031,0.14,0.19767994675287628
24,50,3039.411701,0.26,0.3469369843777427
26,50,3042.66633,0.24,0.31412605349945033
36,50,3045.770377,0.14,0.18528640139921293
30,50,3048.959618,0.2,0.3077158916709249
24,50,3052.231399,0.26,0.342340532395781
28,50,3055.412827,0.22,0.3220576461168935
24,50,3058.702179,0.26,0.34879459980713595
26,50,3061.955749,0.24,0.32456140350877194
20,50,3065.35377,0.3,0.3993548949524889
24,50,3068.657556,0.26,0.3028863391896737
26,50,3071.930554,0.24,0.33978685612788634
28,50,3075.16841,0.22,0.32771837805124066
22,50,3079.894892,0.28,0.36182821886669914
36,50,3082.984172,0.14,0.1628802844725405
28,50,3086.187062,0.22,0.2749137187230371
28,50,3089.414068,0.22,0.3147502903600465
22,50,3092.719651,0.28,0.35659801678108316
24,50,3096.001793,0.26,0.3071570576540755
30,50,3099.179343,0.2,0.2624925933241161
26,50,3102.447666,0.24,0.3573667711598746
24,50,3105.765927,0.26,0.31917211328976036
20,50,3109.162554,0.3,0.3456603773584906
22,50,3112.479364,0.28,0.39318030288598915
26,50,3115.758149,0.24,0.3636882671995432
34,50,3118.854192,0.16,0.22084592145015106
20,50,3122.216074,0.3,0.4045108645823783
32,50,3125.33162,0.18,0.24165877276076203
26,50,3129.963059,0.24,0.3303048065650645
4,50,3133.700484,0.46,0.5690211545356759
24,50,3137.082051,0.26,0.35554017989522585
18,50,3140.534946,0.32,0.3797706504210715
24,50,3143.855057,0.26,0.3436217829168221
20,50,3147.244457,0.3,0.37408972399532503
30,50,3150.430746,0.2,0.2539790620478339
24,50,3153.7082,0.26,0.3424187361195235
16,50,3157.197159,0.34,0.43157607211144494
22,50,3160.593845,0.28,0.3303401830426524
44,50,3163.594332,0.06,0.09310643832646867
32,50,3166.86597,0.18,0.24677296886864086
20,50,3170.289548,0.3,0.37542454062527214
18,50,3173.753744,0.32,0.39986868023637556
20,50,3178.470263,0.3,0.39713553178321986
26,50,3181.963515,0.24,0.3071646341463415
22,50,3185.328837,0.28,0.29552785284630806
24,50,3188.665018,0.26,0.3282919760912878
24,50,3192.638563,0.26,0.29779247475198856
24,50,3196.803236,0.26,0.40703069236259815
30,50,3200.039491,0.2,0.2712028947136175
20,50,3203.53018,0.3,0.3802239124861123
32,50,3206.73356,0.18,0.271889400921659
26,50,3210.042425,0.24,0.30054332284815555
26,50,3213.358236,0.24,0.39583906149757125
30,50,3216.57728,0.2,0.2866265280058384
16,50,3220.065813,0.34,0.44626315316125553
34,50,3223.270513,0.16,0.215711175616836
20,50,3227.553038,0.3,0.38238184579647994
14,50,3231.628851,0.36,0.43436107957026815
16,50,3235.165531,0.34,0.47651696948920125
32,50,3238.458932,0.18,0.25289485873089396
20,50,3241.938107,0.3,0.3932862190812721
10,50,3245.579372,0.4,0.5337261454577433
20,50,3249.019237,0.3,0.4091189155884165
24,50,3252.412835,0.26,0.31312625250501
22,50,3255.839787,0.28,0.40827046127399486
30,50,3259.137761,0.2,0.26988391058236594
24,50,3262.545702,0.26,0.3480865522174535
22,50,3265.945673,0.28,0.32837606837606836
16,50,3269.472974,0.34,0.45469767441860465
26,50,3272.831414,0.24,0.3322987036698923
24,50,3276.516485,0.26,0.3181579408159692
28,50,3280.86119,0.22,0.30335241210139
16,50,3284.358934,0.34,0.4011813238327395
28,50,3287.667072,0.22,0.31306873184898354
24,50,3291.058696,0.26,0.3381668456856427
30,50,3294.289831,0.2,0.33004131814975307
22,50,3297.7152,0.28,0.3885542168674699
20,50,3301.158513,0.3,0.4085
28,50,3304.48524,0.22,0.30693266832917704
32,50,3307.735013,0.18,0.2674772036474164
12,50,3311.376929,0.38,0.4626442216758086
24,50,3314.82271,0.26,0.3006803773001392
36,50,3317.978549,0.14,0.19823670852257547
26,50,3321.339883,0.24,0.3483402902007553
22,50,3325.871743,0.28,0.3826058201058201
30,50,3329.626604,0.2,0.2924744010339
30,50,3332.87271,0.2,0.26622616259618603
22,50,3336.303661,0.28,0.324465008675535
28,50,3339.727949,0.22,0.3286913215899659
24,50,3343.1537,0.26,0.32503091326620737
26,50,3346.539653,0.24,0.32953291651342403
36,50,3349.719503,0.14,0.1825235544060595
28,50,3353.018888,0.22,0.2923672931091329
28,50,3356.324887,0.22,0.2967570350034317
16,50,3359.858617,0.34,0.4367626238791883
22,50,3363.295195,0.28,0.3556283258288989
16,50,3366.851699,0.34,0.5031433361274099
28,50,3370.152853,0.22,0.30095584888484295
24,50,3373.590384,0.26,0.32238934250107437
26,50,3378.34515,0.24,0.34656517968975814
8,50,3382.082673,0.42,0.5301569294762715
12,50,3386.418163,0.38,0.51943359375
18,50,3390.662346,0.32,0.43143226282761166
36,50,3393.826155,0.14,0.21825647504737838
22,50,3397.232575,0.28,0.37252670285414113
10,50,3400.909695,0.4,0.4435957696827262
32,50,3404.164768,0.18,0.23663741523733547
32,50,3407.513028,0.18,0.2455992509363296
20,50,3411.09711,0.3,0.4478988400836661
22,50,3414.575753,0.28,0.4108993647609495
20,50,3418.082845,0.3,0.3849321068769163
36,50,3421.282706,0.14,0.20660995404321894
26,50,3424.718623,0.24,0.3351986056325108
38,50,3429.191494,0.12,0.14067204624834398
22,50,3432.653099,0.28,0.3381489841986456
28,50,3436.02275,0.22,0.3355211598746082
32,50,3439.33589,0.18,0.27445602486743464
22,50,3442.911283,0.28,0.3712603286162029
28,50,3446.37369,0.22,0.2809439417964742
22,50,3449.836163,0.28,0.4084862608020196
32,50,3453.120855,0.18,0.2408938767473912
22,50,3456.593488,0.28,0.3268791579783537
26,50,3460.000394,0.24,0.35155772755039705
40,50,3463.137254,0.1,0.12022884467594569
34,50,3466.441268,0.16,0.22278695468022025
42,50,3469.487231,0.08,0.13860887096774194
14,50,3473.349595,0.36,0.46180974477958237
26,50,3478.129911,0.24,0.3153215364695727
30,50,3481.461257,0.2,0.2828255101107146
28,50,3484.812214,0.22,0.3198982586577969
28,50,3488.222796,0.22,0.31635687732342005
24,50,3491.695922,0.26,0.3633368859606627
26,50,3495.098944,0.24,0.34452234881682736
22,50,3498.642869,0.28,0.3026493039964077
26,50,3502.093931,0.24,0.33541206946176727
20,50,3505.645689,0.3,0.38532757252446875
24,50,3509.124967,0.26,0.3622305529522024
36,50,3512.377627,0.14,0.2560375146541618
30,50,3515.671567,0.2,0.21800133626037987
30,50,3519.024364,0.2,0.2919861963190184
24,50,3522.635476,0.26,0.3065512978986403
20,50,3527.464705,0.3,0.37754550369435935
18,50,3531.089033,0.32,0.38805353602115006
24,50,3534.777889,0.26,0.3883409065720935
26,50,3538.584484,0.24,0.3545979564637939
14,50,3542.373527,0.36,0.42040889206320864
24,50,3545.942102,0.26,0.34536082474226804
16,50,3549.622037,0.34,0.5009327529537176
32,50,3552.945545,0.18,0.2327725501378196
20,50,3556.566821,0.3,0.39836660617059894
18,50,3560.200962,0.32,0.3981540710956776
8,50,3564.129669,0.42,0.5060795267827801
18,50,3567.899542,0.32,0.42476570635196115
20,50,3572.354154,0.3,0.3513167520117045
28,50,3576.802017,0.22,0.289026437263953
24,50,3581.831443,0.26,0.34212695795548226
12,50,3585.650697,0.38,0.45584565175657515
16,50,3589.381634,0.34,0.43651913242814316
22,50,3592.960734,0.28,0.34602429315096456
30,50,3596.415595,0.2,0.25875064532782655
20,50,3600.072006,0.3,0.39710171345242434
26,50,3603.597891,0.24,0.36280373831775703
20,50,3607.227737,0.3,0.40628965017219504
28,50,3610.710566,0.22,0.32191227912817294
24,50,3614.277112,0.26,0.3513431934802294
36,50,3617.577634,0.14,0.18312877459575297
26,50,3621.968513,0.24,0.3359474561317518
22,50,3626.200002,0.28,0.3470119870504856
18,50,3630.042632,0.32,0.4229144667370644
14,50,3633.931587,0.36,0.5031006201240248
24,50,3637.798975,0.26,0.31278932558772804
20,50,3641.506427,0.3,0.4122912894789781
26,50,3645.049418,0.24,0.3697081792026305
30,50,3648.492668,0.2,0.28303433202804845
26,50,3652.074742,0.24,0.3254223652453741
12,50,3655.896798,0.38,0.4639744585382691
16,50,3659.784888,0.34,0.4437881282076111
14,50,3663.653627,0.36,0.4306186025812194
14,50,3667.529781,0.36,0.4939183710244166
26,50,3672.173936,0.24,0.2673641383318803
26,50,3676.069831,0.24,0.3153982300884956
34,50,3679.487924,0.16,0.21009673518742442
28,50,3683.035788,0.22,0.3158263305322129
32,50,3686.47413,0.18,0.23945035460992908
22,50,3690.412195,0.28,0.3474294402736862
20,50,3694.115778,0.3,0.3828562160408726
22,50,3697.839147,0.28,0.42927794263105834
22,50,3701.510445,0.28,0.3840498790247534
24,50,3705.098178,0.26,0.36707995704383484
24,50,3708.705129,0.26,0.3838059047062263
18,50,3712.48264,0.32,0.35505059470974615
16,50,3716.276036,0.34,0.438974358974359
18,50,3721.486129,0.32,0.39401333984057263
12,50,3725.345027,0.38,0.48987196636728453
16,50,3729.098556,0.34,0.4508303788020153
26,50,3732.710047,0.24,0.3017216504760989
16,50,3736.441189,0.34,0.4735367372353674
14,50,3740.249148,0.36,0.4663227854379526
22,50,3743.952727,0.28,0.38108530594015183
16,50,3747.720729,0.34,0.45469458650969796
16,50,3751.484974,0.34,0.3852693924340848
16,50,3755.20677,0.34,0.4324115424252834
16,50,3759.030756,0.34,0.4255399772641152
20,50,3762.765922,0.3,0.3545462954398298
20,50,3767.067722,0.3,0.4197249795100628
18,50,3773.150051,0.32,0.3739238484068519
24,50,3776.894636,0.26,0.32619684805233423
30,50,3780.406424,0.2,0.2533380182712579
26,50,3784.027366,0.24,0.3260787638967402
22,50,3787.678838,0.28,0.3662052505966587
26,50,3791.214772,0.24,0.3444236176194939
22,50,3794.905413,0.28,0.3981149472390124
14,50,3798.77251,0.36,0.4828734121769601
22,50,3802.500596,0.28,0.37864644107351225
22,50,3806.133969,0.28,0.3345436540683281
20,50,3809.846122,0.3,0.4180285743652996
24,50,3813.456995,0.26,0.33871427214889377
14,50,3818.690118,0.36,0.5006365951255002
22,50,3822.356262,0.28,0.33887773635407703
28,50,3825.875556,0.22,0.2664203233256351
22,50,3829.515146,0.28,0.344514709925763
22,50,3833.180023,0.28,0.35035333930526524
36,50,3836.544168,0.14,0.20984907120743035
30,50,3840.021961,0.2,0.24451293546278136
26,50,3843.57405,0.24,0.2942786508917535
30,50,3847.04238,0.2,0.25694658053932123
36,50,3850.375572,0.14,0.10739472093491839
20,50,3854.050279,0.3,0.38169257340241797
16,50,3857.843065,0.34,0.4098377281947262
22,50,3861.573951,0.28,0.33485526435941926
20,50,3866.687392,0.3,0.36384646302250806
26,50,3870.288664,0.24,0.3142621088505628
6,50,3874.277977,0.44,0.48359423366056425
18,50,3878.003896,0.32,0.37650189500846704
20,50,3881.76361,0.3,0.369583218327353
18,50,3885.511424,0.32,0.44664967225054625
28,50,3889.074494,0.22,0.27458492975734355
28,50,3892.652165,0.22,0.3218682114409848
16,50,3896.483096,0.34,0.462570126227209
16,50,3900.290528,0.34,0.4345933109044132
20,50,3904.012242,0.3,0.4340248176565312
22,50,3907.72847,0.28,0.4022166607079013
24,50,3911.90176,0.26,0.37368905243790246
24,50,3916.411496,0.26,0.3486096807415036
14,50,3920.275393,0.36,0.417732383486396
28,50,3923.855391,0.22,0.2836062452399086
26,50,3927.440881,0.24,0.3267141251405021
16,50,3931.27213,0.34,0.497787610619469
20,50,3935.004947,0.3,0.3544336681676481
26,50,3938.628463,0.24,0.31040952847120246
36,50,3941.992929,0.14,0.23317865429234338
10,50,3945.950102,0.4,0.46299357208448116
14,50,3949.828448,0.36,0.44481184065501495
34,50,3953.291582,0.16,0.1872746553552492
22,50,3957.01402,0.28,0.3801407194529779
36,50,3962.05549,0.14,0.13516976297245356
28,50,3966.901398,0.22,0.325995085995086
32,50,3970.409785,0.18,0.2693161399429236
38,50,3973.737652,0.12,0.18510765550239233
22,50,3977.454081,0.28,0.3866346153846154
20,50,3981.266023,0.3,0.4517717485758424
18,50,3985.142728,0.32,0.39555555555555555
16,50,3988.967086,0.34,0.4215308370044053
22,50,3992.706132,0.28,0.34566679857538585
18,50,3996.470121,0.32,0.4664404914725839
14,50,4000.351882,0.36,0.4055765678599701
8,50,4004.338524,0.42,0.5086883876357561
16,50,4009.179292,0.34,0.3768757909962032
18,50,4013.460108,0.32,0.48130749657467214
32,50,4016.916191,0.18,0.26662383552842917
14,50,4020.836108,0.36,0.42240300375469336
18,50,4024.640627,0.32,0.4584269662921348
10,50,4028.621101,0.4,0.506184234816319
18,50,4032.487764,0.32,0.43762702022645894
6,50,4036.495548,0.44,0.4757932486162002
30,50,4040.054289,0.2,0.3249006899435501
24,50,4043.946794,0.26,0.3708513708513709
22,50,4047.73593,0.28,0.36639093688185576
24,50,4051.425102,0.26,0.34816121842496284
28,50,4055.49584,0.22,0.3285860655737705
24,50,4060.11687,0.26,0.32014515843512126
18,50,4063.976403,0.32,0.4169423006247703
22,50,4067.725999,0.28,0.35385906040268456
22,50,4071.489642,0.28,0.3556540601716495
42,50,4074.841286,0.08,0.13989223707842746
20,50,4078.693159,0.3,0.40195375515325327
18,50,4082.614461,0.32,0.45111049672841214
20,50,4086.420579,0.3,0.4196175313386403
24,50,4090.18335,0.26,0.3664613154556985
12,50,4094.135207,0.38,0.507798800184587
24,50,4097.840268,0.26,0.3774659345129144
26,50,4101.493177,0.24,0.33186062020673557
26,50,4106.596879,0.24,0.28589457334239393
8,50,4110.822983,0.42,0.541670396562528
24,50,4114.737338,0.26,0.36286784376672016
26,50,4118.448101,0.24,0.3609711867821882
32,50,4121.987777,0.18,0.2380704945007361
20,50,4125.830806,0.3,0.4276502732240437
20,50,4129.631247,0.3,0.3389765662362506
32,50,4133.246614,0.18,0.31056102043022377
36,50,4136.722656,0.14,0.18110236220472442
26,50,4140.525806,0.24,0.37560361116943103
32,50,4144.176876,0.18,0.23231433353889525
28,50,4147.913202,0.22,0.3167520763385757
28,50,4152.566494,0.22,0.27088583058732313
16,50,4158.611064,0.34,0.3977929195674715
26,50,4162.293253,0.24,0.3233096750093388
32,50,4165.917968,0.18,0.2363720073664825
26,50,4169.690907,0.24,0.3377283857600301
18,50,4173.913898,0.32,0.42640325589282685
38,50,4177.498329,0.12,0.18098755832037325
20,50,4181.374191,0.3,0.3996449261820221
24,50,4185.170448,0.26,0.36111659104359833
36,50,4188.628703,0.14,0.19317399429526902
26,50,4192.336415,0.24,0.31527049032024607
28,50,4196.040118,0.22,0.30840286054827176
26,50,4199.822817,0.24,0.308899131359688
24,50,4205.380817,0.26,0.37872937872937873
28,50,4209.282934,0.22,0.2998861745906663
20,50,4213.171746,0.3,0.3899414740601131
18,50,4217.107331,0.32,0.4912433478471214
28,50,4220.840458,0.22,0.30550051891687896
28,50,4224.681147,0.22,0.27427184466019416
32,50,4228.366486,0.18,0.24250164798945287
26,50,4232.138277,0.24,0.3215027700831025
30,50,4235.810117,0.2,0.2503319374936166
26,50,4239.75404,0.24,0.34411295832384425
30,50,4243.379121,0.2,0.2556452344245942
16,50,4247.290996,0.34,0.4020481699222454
28,50,4251.901662,0.22,0.29796732522796354
18,50,4256.407083,0.32,0.44096209912536444
24,50,4260.22176,0.26,0.3718691588785047
34,50,4263.736608,0.16,0.17770842621489077
20,50,4267.720258,0.3,0.38043280596472084
26,50,4271.50818,0.24,0.33512611275964393
30,50,4275.17964,0.2,0.285876561908368
24,50,4279.05194,0.26,0.37856645789839943
24,50,4282.93549,0.26,0.31015194523292705
22,50,4286.86563,0.28,0.401304907186179
24,50,4290.793114,0.26,0.357096018735363
22,50,4294.885426,0.28,0.2980271810609382
20,50,4299.645944,0.3,0.44941296579887696
22,50,4304.545055,0.28,0.3553613690151101
26,50,4308.472886,0.24,0.3129715480410872
26,50,4312.318629,0.24,0.34821933295647256
30,50,4316.160973,0.2,0.2818181818181818
24,50,4320.167798,0.26,0.3597780859916782
28,50,4324.059641,0.22,0.2889535381192778
22,50,4328.084958,0.28,0.36666666666666664
30,50,4331.972679,0.2,0.32018312877459576
26,50,4335.823089,0.24,0.3561279771031381
22,50,4340.348854,0.28,0.38476383951244286
36,50,4344.951601,0.14,0.15773277744689299
16,50,4350.58666,0.34,0.4129741524001343
28,50,4354.427408,0.22,0.3156481580925787
30,50,4358.470199,0.2,0.3090090971339137
30,50,4362.317076,0.2,0.23889987416861405
18,50,4366.403855,0.32,0.41293843951324266
16,50,4370.443678,0.34,0.4325869461648404
28,50,4374.429088,0.22,0.2741157556270096
18,50,4378.652212,0.32,0.3939183318853171
30,50,4382.606524,0.2,0.2972265829408687
22,50,4386.649803,0.28,0.38829511258690463
28,50,4390.858651,0.22,0.29667972393210224
14,50,4395.96675,0.36,0.4571869871609229
22,50,4401.128069,0.28,0.3223839854413103
24,50,4405.028492,0.26,0.3837450695453602
24,50,4408.89586,0.26,0.34684000759157335
18,50,4413.062756,0.32,0.40921812139233865
36,50,4416.791042,0.14,0.2227283079025279
30,50,4420.652975,0.2,0.3039410828025478
28,50,4424.462585,0.22,0.25616779850425514
24,50,4428.346976,0.26,0.31726806291529985
8,50,4432.593794,0.42,0.5005888290713324
36,50,4436.21053,0.14,0.22174314752078841
26,50,4440.063154,0.24,0.3336732612686111
26,50,4444.416011,0.24,0.3752430330524951
30,50,4449.00544,0.2,0.2940726577437858
34,50,4452.553088,0.16,0.2292418772563177
34,50,4456.21445,0.16,0.23884080521248663
18,50,4460.202194,0.32,0.42340133385641426
30,50,4463.993085,0.2,0.29005640275746813
32,50,4467.694783,0.18,0.2648576342442194
30,50,4471.4522,0.2,0.1984691088026244
18,50,4475.437579,0.32,0.4319502497706188
20,50,4479.446057,0.3,0.3814247921390779
14,50,4483.599852,0.36,0.46325783799821973
26,50,4487.433377,0.24,0.3678852383155946
26,50,4492.070976,0.24,0.33485288023207627
26,50,4496.518144,0.24,0.34129300433359866
18,50,4500.592808,0.32,0.4345823367880237
28,50,4504.485118,0.22,0.31204439125231204
34,50,4508.195509,0.16,0.2313666162380232
28,50,4511.99673,0.22,0.36490921023845985
30,50,4515.767227,0.2,0.2893063301046864
24,50,4519.65891,0.26,0.32812196543018063
26,50,4523.515199,0.24,0.3019260801665799
14,50,4527.682396,0.36,0.4614422303636851
32,50,4532.865499,0.18,0.23361295357003511
10,50,4537.262423,0.4,0.49462911274634186
14,50,4542.675262,0.36,0.44276156848169484
22,50,4546.572037,0.28,0.38268451646996654
32,50,4550.295909,0.18,0.26471421823334906
32,50,4554.068167,0.18,0.2641312594840668
18,50,4558.096165,0.32,0.4449853049228508
18,50,4562.169607,0.32,0.4514873505699194
20,50,4566.193741,0.3,0.45050624201317213
32,50,4569.902892,0.18,0.28217054263565894
28,50,4573.718724,0.22,0.2821105156163371
20,50,4577.695963,0.3,0.36334016011915843
30,50,4581.494217,0.2,0.2529332736229288
24,50,4586.357486,0.26,0.35611688954928183
30,50,4590.642966,0.2,0.27379709594761314
36,50,4594.271216,0.14,0.20535365377100429
24,50,4598.138638,0.26,0.32890396758081236
24,50,4602.073415,0.26,0.352461828787099
18,50,4606.111237,0.32,0.43755326200170436
24,50,4609.991915,0.26,0.3629990856446205
24,50,4613.920952,0.26,0.3443126546633672
26,50,4617.791073,0.24,0.3431372549019608
18,50,4621.824445,0.32,0.39926093894347864
12,50,4626.033493,0.38,0.4783331874288716
16,50,4630.16201,0.34,0.4194984553879702
38,50,4634.331169,0.12,0.18046132971506107
24,50,4639.155913,0.26,0.3452641599238458
20,50,4643.191803,0.3,0.4322178675509999
28,50,4647.009256,0.22,0.32573099415204676
26,50,4650.894034,0.24,0.3427380259840993
16,50,4655.033185,0.34,0.4346438960307779
18,50,4659.133792,0.32,0.44307234191627254
42,50,4662.630804,0.08,0.07374745614885163
38,50,4666.315135,0.12,0.14901503918661302
22,50,4670.304155,0.28,0.36822748475062794
30,50,4674.142217,0.2,0.3078644826533727
30,50,4677.886404,0.2,0.2441617807810792
34,50,4681.952637,0.16,0.17630057803468208
20,50,4687.139232,0.3,0.3970231532524807
16,50,4691.288761,0.34,0.41480382153789075
22,50,4695.392274,0.28,0.3837486871001623
22,50,4699.369938,0.28,0.34728668332738305
30,50,4703.231088,0.2,0.2737309019221291
18,50,4707.353159,0.32,0.4112506826870563
28,50,4711.165079,0.22,0.2865071106486299
12,50,4715.431624,0.38,0.47913682803399216
22,50,4720.895755,0.28,0.3742343032159265
18,50,4725.046579,0.32,0.4565773273984279
28,50,4729.357805,0.22,0.2982064863860236
12,50,4734.697567,0.38,0.42863073984887484
30,50,4738.517116,0.2,0.25094978950610947
30,50,4742.327247,0.2,0.2582682691464164
28,50,4746.233228,0.22,0.2790802119823947
26,50,4750.209158,0.24,0.3160337153139502
16,50,4754.379198,0.34,0.47357926221335994
32,50,4758.149175,0.18,0.22064999087091475
38,50,4761.839511,0.12,0.1705125360550255
32,50,4765.682639,0.18,0.2588335060774522
24,50,4769.625011,0.26,0.3000179436569173
24,50,4773.634607,0.26,0.345486695857191
32,50,4777.762565,0.18,0.2982139273530002
26,50,4782.747252,0.24,0.3335978573554211
18,50,4786.871523,0.32,0.38871963771099216
20,50,4791.026826,0.3,0.403211175616836
38,50,4794.700695,0.12,0.17260012714558168
24,50,4798.730995,0.26,0.3409027193720213
24,50,4802.704939,0.26,0.3897480789806439
24,50,4806.688167,0.26,0.35698590001831165
32,50,4810.540149,0.18,0.23280378570221397
28,50,4814.485635,0.22,0.26544761244475257
26,50,4818.439527,0.24,0.3081666978134928
26,50,4822.522763,0.24,0.36277864178330743
28,50,4827.534019,0.22,0.32381374722838135
36,50,4831.710983,0.14,0.214916966106633
36,50,4835.442047,0.14,0.16654336970593675
22,50,4839.611587,0.28,0.36414890970897934
30,50,4843.533243,0.2,0.2779245947850599
24,50,4847.682917,0.26,0.38930652133057697
26,50,4851.629841,0.24,0.33790686029043565
28,50,4855.660964,0.22,0.2784632641615255
32,50,4859.612205,0.18,0.2243443557582668
26,50,4863.583967,0.24,0.37450365726227797
32,50,4867.43426,0.18,0.3013606207129203
20,50,4871.580246,0.3,0.38256457564575647
20,50,4877.170478,0.3,0.35120735584772705
22,50,4881.247027,0.28,0.3737608287934268
30,50,4885.196152,0.2,0.28693424423569597
14,50,4889.429779,0.36,0.5218848580441641
34,50,4893.14605,0.16,0.2592628800469254
16,50,4897.354824,0.34,0.45311228641171686
30,50,4901.218627,0.2,0.24948875255623723
8,50,4907.039524,0.42,0.5769682726204466
24,50,4911.070873,0.26,0.2769939533544486
24,50,4915.049186,0.26,0.3371771217712177
30,50,4919.05969,0.2,0.28853484507868243
24,50,4924.334922,0.26,0.27827290819416806
20,50,4928.408313,0.3,0.3948111995890059
10,50,4932.755848,0.4,0.47990036076275555
26,50,4936.676477,0.24,0.3374872128708267
14,50,4940.918622,0.36,0.43631703470031546
24,50,4944.964975,0.26,0.346100278551532
26,50,4948.921038,0.24,0.2911870164181921
38,50,4952.607351,0.12,0.16546533813864744
26,50,4956.579526,0.24,0.3640491177381075
28,50,4960.566521,0.22,0.26694117647058824
26,50,4964.521945,0.24,0.35884020056681926
18,50,4969.290201,0.32,0.43492586490939045
22,50,4974.155781,0.28,0.36990081931867186
34,50,4977.920796,0.16,0.24225567190226877
24,50,4981.923895,0.26,0.3359353475984939
26,50,4985.856154,0.24,0.3436768149882904
16,50,4990.109701,0.34,0.44501301732651044
22,50,4994.21107,0.28,0.37979779905162386
24,50,4998.201543,0.26,0.29302152240752816
16,50,5002.392187,0.34,0.4104767751176591
34,50,5006.158554,0.16,0.1741442660994005
26,50,5010.146628,0.24,0.309884889457336
28,50,5014.044053,0.22,0.2850027168991125
28,50,5019.434653,0.22,0.29048429814604615
24,50,5023.425466,0.26,0.3655767484105359
26,50,5027.409449,0.24,0.3305589709637757
20,50,5031.61965,0.3,0.3431092231026877
28,50,5035.638222,0.22,0.3415251555743065
22,50,5039.759237,0.28,0.3290778988453407
24,50,5043.789029,0.26,0.3253424657534247
32,50,5047.624199,0.18,0.24964501242456513
12,50,5051.912691,0.38,0.5051575660073815
16,50,5056.12902,0.34,0.4619420238306954
28,50,5060.076516,0.22,0.30900447427293065
14,50,5065.002721,0.36,0.46219844554355505
26,50,5069.790758,0.24,0.31110914871070294
38,50,5073.521725,0.12,0.14474675596483885
20,50,5077.62696,0.3,0.4007256235827664
18,50,5081.811626,0.32,0.4311308203991131
28,50,5085.752715,0.22,0.331153765028475
30,50,5089.663136,0.2,0.24841053587647594
12,50,5095.47278,0.38,0.4492862509391435
24,50,5099.530742,0.26,0.2714298146375424
30,50,5103.388563,0.2,0.3309604643522068
16,50,5107.666182,0.34,0.45341105747335825
18,50,5112.551966,0.32,0.4206442299016512
22,50,5117.414411,0.28,0.36113093114520156
32,50,5121.32857,0.18,0.27763520577891837
20,50,5125.516178,0.3,0.43442943824623215
22,50,5129.649132,0.28,0.3793482240937386
26,50,5133.631966,0.24,0.33212290502793296
28,50,5137.613242,0.22,0.2929370161521552
10,50,5142.101096,0.4,0.5585342501523196
20,50,5146.301044,0.3,0.36877828054298645
10,50,5150.779215,0.4,0.5143782136735859
12,50,5155.216893,0.38,0.5054105665181413
26,50,5160.551414,0.24,0.3261435865374596
14,50,5165.255531,0.36,0.43803648068669526
36,50,5169.061967,0.14,0.21460477762672364
22,50,5173.225913,0.28,0.34992472713586753
10,50,5177.683965,0.4,0.5255378695119818
20,50,5181.913757,0.3,0.4195666447800394
16,50,5186.250022,0.34,0.4287284409874873
24,50,5190.388862,0.26,0.37605504587155963
18,50,5194.620018,0.32,0.4425498934315055
22,50,5198.822941,0.28,0.3600637779028325
22,50,5203.042392,0.28,0.3686731148464645
26,50,5208.068558,0.24,0.28431856311062864
18,50,5212.824894,0.32,0.3839613526570048
32,50,5216.743321,0.18,0.2544226153435861
28,50,5220.82085,0.22,0.24246973820024398
26,50,5224.890621,0.24,0.3329746649711435
16,50,5229.192241,0.34,0.4231336405529954
34,50,5233.066743,0.16,0.20151853506029477
30,50,5237.113315,0.2,0.2704616256018125
18,50,5241.420186,0.32,0.4201551709438145
30,50,5245.438019,0.2,0.31714819290343843
20,50,5249.605902,0.3,0.3762132060461416
18,50,5254.443901,0.32,0.4275109560862177
22,50,5259.435896,0.28,0.3663575429253512
32,50,5263.299976,0.18,0.2577007700770077
22,50,5267.450893,0.28,0.37026548672566373
18,50,5271.729917,0.32,0.4474219183145444
22,50,5275.895999,0.28,0.34195142033758746
10,50,5281.858158,0.4,0.5577922077922078
22,50,5286.08162,0.28,0.40796827113755185
28,50,5290.091861,0.22,0.33251885690003186
26,50,5294.197856,0.24,0.31741096664782364
26,50,5298.283945,0.24,0.34931721046596476
22,50,5303.869188,0.28,0.3662164628581858
22,50,5308.015477,0.28,0.3875010879972147
28,50,5312.017253,0.22,0.3180782204394202
18,50,5316.272418,0.32,0.4591332967635765
28,50,5320.275573,0.22,0.29120171673819745
20,50,5324.54922,0.3,0.41887238020269607
26,50,5328.708521,0.24,0.32136719495894595
30,50,5332.73538,0.2,0.27481338125518384
28,50,5336.894093,0.22,0.285673839184598
26,50,5341.048492,0.24,0.28151592244933765
18,50,5345.363903,0.32,0.4271240668325631
28,50,5350.825426,0.22,0.32331454811104154
22,50,5355.01721,0.28,0.41513834411109934
28,50,5359.107058,0.22,0.27332309267793137
22,50,5363.346031,0.28,0.34378873105157787
18,50,5367.689036,0.32,0.4329528535980149
14,50,5372.15309,0.36,0.48109318996415773
22,50,5376.41813,0.28,0.38274149723601614
16,50,5381.001838,0.34,0.40389687739300606
20,50,5385.283688,0.3,0.4166368834882059
36,50,5389.100447,0.14,0.16968841602431875
30,50,5393.181956,0.2,0.2614308238076468
6,50,5399.42991,0.44,0.5064999177225604
20,50,5403.836766,0.3,0.3788527844530352
8,50,5408.463956,0.42,0.4737521514629948
26,50,5412.680214,0.24,0.2600364089297691
20,50,5417.010085,0.3,0.3836552478134111
18,50,5421.447327,0.32,0.4203564727954972
32,50,5425.459451,0.18,0.2313633914136878
30,50,5429.507763,0.2,0.2750368606101849
20,50,5433.768485,0.3,0.3599461158509205
28,50,5437.904144,0.22,0.2822951825713409
38,50,5442.100532,0.12,0.18402385113601316
30,50,5447.190826,0.2,0.300925484209522
22,50,5451.477435,0.28,0.42010751458309503
18,50,5456.000759,0.32,0.3989960026029562
18,50,5460.465357,0.32,0.40830945558739257
22,50,5467.153472,0.28,0.4122906176138115
14,50,5472.351727,0.36,0.42616210773619734
34,50,5476.678582,0.16,0.23274801476344928
34,50,5480.717637,0.16,0.18906111165959127
24,50,5485.226234,0.26,0.31931257121154577
30,50,5490.365797,0.2,0.25602383993188593
12,50,5496.585799,0.38,0.47566945004319033
22,50,5501.372269,0.28,0.39865771812080536
28,50,5505.691176,0.22,0.2930010707680327
30,50,5509.774732,0.2,0.28046875
14,50,5514.343478,0.36,0.49035688536409516
30,50,5518.519344,0.2,0.3090832187797399
24,50,5522.803234,0.26,0.37158172072317613
28,50,5526.916859,0.22,0.28708270106221545
32,50,5530.948771,0.18,0.26274590586054175
28,50,5535.215602,0.22,0.239989644459786
