#{"t_start": 1675656405.7858849, "env_id": "DeepRMSAKSP-v1"}
r,l,t,episode_service_blocking_rate,episode_bit_rate_blocking_rate,num_C_selected,num_L_selected,num_S_selected,num_E_selected,num_path1_selected,num_path2_selected,num_path3_selected,num_path4_selected,num_path5_selected,total_path_length_per_episode
50,50,0.825838,0.0,0.0,50,0,0,0,50,0,0,0,0,21257
50,50,1.257727,0.0,0.0,50,0,0,0,50,0,0,0,0,22814
50,50,1.689702,0.0,0.0,50,0,0,0,50,0,0,0,0,21534
50,50,2.134795,0.0,0.0,50,0,0,0,50,0,0,0,0,20297
50,50,2.564452,0.0,0.0,50,0,0,0,50,0,0,0,0,23260
50,50,2.985361,0.0,0.0,50,0,0,0,50,0,0,0,0,17807
50,50,3.437928,0.0,0.0,50,0,0,0,49,0,0,0,1,20931
50,50,3.885674,0.0,0.0,46,4,0,0,42,2,3,3,0,22124
50,50,4.338799,0.0,0.0,38,12,0,0,39,7,1,2,1,21076
50,50,4.7987,0.0,0.0,41,9,0,0,42,3,2,2,1,23042
50,50,5.261228,0.0,0.0,39,11,0,0,40,5,1,2,2,21163
50,50,5.729787,0.0,0.0,31,19,0,0,44,2,1,2,1,21868
50,50,6.208308,0.0,0.0,27,23,0,0,46,0,1,0,3,20796
50,50,6.670266,0.0,0.0,30,20,0,0,36,6,3,1,4,23400
50,50,7.15778,0.0,0.0,28,22,0,0,41,6,1,1,1,23255
50,50,7.642896,0.0,0.0,28,22,0,0,41,5,1,3,0,20389
50,50,8.154271,0.0,0.0,21,29,0,0,42,4,0,3,1,22508
50,50,8.649796,0.0,0.0,26,24,0,0,39,6,1,3,1,23329
50,50,9.163772,0.0,0.0,20,30,0,0,42,3,2,2,1,22014
50,50,9.664728,0.0,0.0,20,29,1,0,38,7,3,1,1,22465
50,50,10.183401,0.0,0.0,21,19,10,0,31,5,3,7,4,23902
50,50,10.702522,0.0,0.0,22,25,3,0,28,8,7,4,3,24961
50,50,11.234576,0.0,0.0,26,19,5,0,30,11,4,3,2,25115
50,50,11.768056,0.0,0.0,19,21,10,0,36,7,1,3,3,23335
50,50,12.296065,0.0,0.0,15,29,6,0,39,6,3,2,0,22245
50,50,12.816865,0.0,0.0,19,23,8,0,33,8,1,7,1,21607
50,50,13.356897,0.0,0.0,26,14,10,0,34,4,5,5,2,22989
50,50,13.880717,0.0,0.0,13,29,8,0,38,9,3,0,0,22848
50,50,14.445126,0.0,0.0,13,31,6,0,37,6,2,2,3,23250
50,50,14.971121,0.0,0.0,18,23,9,0,41,2,3,4,0,23270
50,50,15.533873,0.0,0.0,12,29,9,0,38,3,4,4,1,24708
50,50,16.071572,0.0,0.0,16,26,8,0,36,5,1,1,7,23167
50,50,16.615232,0.0,0.0,20,19,11,0,39,6,1,3,1,20932
50,50,17.145543,0.0,0.0,17,20,13,0,39,7,3,0,1,22190
50,50,17.743866,0.0,0.0,10,24,16,0,40,4,1,2,3,22816
50,50,18.290235,0.0,0.0,10,21,19,0,41,4,3,0,2,23712
50,50,18.859543,0.0,0.0,10,28,12,0,39,5,2,2,2,24996
50,50,19.423343,0.0,0.0,8,28,14,0,36,8,4,1,1,22909
50,50,19.974282,0.0,0.0,11,17,22,0,41,5,1,0,3,21764
50,50,20.544417,0.0,0.0,18,19,13,0,33,7,4,4,2,22078
50,50,21.104501,0.0,0.0,10,21,19,0,40,2,4,2,2,21583
50,50,21.679232,0.0,0.0,15,22,13,0,36,6,5,1,2,23220
50,50,22.24826,0.0,0.0,14,15,21,0,37,7,3,2,1,22574
50,50,22.812325,0.0,0.0,16,13,21,0,38,5,1,4,2,24720
50,50,23.393647,0.0,0.0,9,21,20,0,37,4,6,1,2,23622
50,50,23.975751,0.0,0.0,20,16,13,1,37,9,1,2,1,21208
50,50,24.557677,0.0,0.0,15,12,22,1,31,10,5,3,1,25203
50,50,25.140579,0.0,0.0,8,22,19,1,32,5,7,5,1,24137
50,50,25.722838,0.0,0.0,16,12,15,7,36,9,3,2,0,20691
50,50,26.302227,0.0,0.0,19,10,15,6,33,6,5,2,4,22315
50,50,26.891496,0.0,0.0,9,22,11,8,34,8,3,2,3,24284
50,50,27.465924,0.0,0.0,19,11,13,7,35,7,4,2,2,23042
50,50,28.03964,0.0,0.0,15,15,13,7,38,3,5,3,1,21101
50,50,28.644029,0.0,0.0,9,15,17,9,34,9,5,0,2,23762
50,50,29.255709,0.0,0.0,12,17,13,8,37,4,3,4,2,24131
50,50,29.860552,0.0,0.0,12,8,19,11,31,8,1,4,6,25834
50,50,30.4577,0.0,0.0,12,17,12,9,38,3,6,1,2,22002
50,50,31.03064,0.0,0.0,11,22,15,2,34,9,4,3,0,21214
50,50,31.644821,0.0,0.0,13,16,16,5,44,1,2,2,1,21134
50,50,32.233161,0.0,0.0,14,14,16,6,36,5,6,1,2,23108
50,50,32.846879,0.0,0.0,9,12,18,11,35,5,3,1,6,23668
50,50,33.455938,0.0,0.0,10,15,17,8,36,7,5,1,1,22394
50,50,34.102148,0.0,0.0,8,8,25,9,42,1,1,2,4,23312
50,50,34.717001,0.0,0.0,16,10,15,9,40,2,3,2,3,21480
50,50,35.326876,0.0,0.0,14,14,15,7,37,7,0,1,5,21903
50,50,35.92777,0.0,0.0,15,11,16,8,39,3,2,4,2,22755
50,50,36.544813,0.0,0.0,7,9,26,8,37,5,5,1,2,24986
50,50,37.165354,0.0,0.0,12,12,18,8,40,2,2,4,2,22552
50,50,37.809026,0.0,0.0,10,14,18,8,39,2,3,3,3,20769
50,50,38.446182,0.0,0.0,9,15,21,5,35,7,3,1,4,21749
50,50,39.063797,0.0,0.0,16,8,16,10,40,4,3,1,2,22158
50,50,39.680723,0.0,0.0,12,14,12,12,44,1,1,3,1,21568
50,50,40.333755,0.0,0.0,8,10,22,10,37,3,4,3,3,23835
50,50,40.951304,0.0,0.0,18,11,18,3,39,3,4,3,1,22624
50,50,41.587268,0.0,0.0,11,11,17,11,43,1,2,3,1,22908
50,50,42.217252,0.0,0.0,13,11,19,7,36,6,5,1,2,22110
50,50,42.857874,0.0,0.0,12,8,14,16,40,5,4,1,0,21638
50,50,43.488453,0.0,0.0,13,9,18,10,37,4,4,3,2,22320
50,50,44.134984,0.0,0.0,13,9,19,9,34,5,3,4,4,24469
50,50,44.86115,0.0,0.0,11,10,17,12,40,6,1,2,1,21568
50,50,45.580543,0.0,0.0,12,13,10,15,43,3,3,1,0,20927
50,50,46.225513,0.0,0.0,8,12,25,5,35,7,4,4,0,23588
50,50,46.855591,0.0,0.0,14,13,12,11,44,2,2,2,0,19958
44,50,47.5138,0.06,0.07423281330361735,5,10,16,16,37,4,3,2,1,21307
46,50,48.178658,0.04,0.06268841993261216,9,9,15,15,28,5,3,8,4,23227
48,50,48.829065,0.02,0.036304885002851166,13,10,12,14,35,3,7,2,2,20491
46,50,49.489676,0.04,0.06696384348687469,14,9,16,9,26,6,9,5,2,23929
44,50,50.134732,0.06,0.05707172268505219,13,11,10,13,32,3,2,6,4,21842
48,50,50.772755,0.02,0.039265567968145114,17,10,11,11,33,6,3,4,3,20626
36,50,51.426907,0.14,0.15263678016350732,11,14,8,10,33,2,4,2,2,16481
38,50,52.053539,0.12,0.15543439399356454,7,11,14,12,27,5,4,3,5,20409
32,50,52.685756,0.18,0.21261824177731495,8,10,14,9,24,4,3,8,2,19747
26,50,53.288975,0.24,0.2866350067842605,15,12,8,3,27,4,3,2,2,13031
38,50,53.932836,0.12,0.1367341331623775,11,5,19,9,22,9,4,6,3,21116
46,50,54.623585,0.04,0.05888164394388461,13,15,12,8,32,2,5,6,3,21039
42,50,55.271562,0.08,0.07967631497043262,13,11,17,5,25,11,1,5,4,21221
38,50,55.937666,0.12,0.14083601286173633,12,5,11,16,27,6,5,2,4,21815
32,50,56.579956,0.18,0.21584934518688462,9,8,14,10,18,10,3,2,8,20784
30,50,57.204217,0.2,0.22773186409550045,12,11,14,3,27,2,8,1,2,18968
40,50,57.866076,0.1,0.14277180406212664,12,10,15,8,26,7,6,3,3,21267
40,50,58.540829,0.1,0.11543188202247191,4,15,19,7,26,16,1,2,0,21092
42,50,59.193798,0.08,0.09726613353170913,14,8,12,12,32,1,7,1,5,22042
40,50,59.827654,0.1,0.13332077958760946,12,13,13,7,32,6,3,3,1,17702
42,50,60.511119,0.08,0.09427073581726268,11,15,8,12,28,9,3,1,5,19797
42,50,61.188217,0.08,0.08798099762470309,8,13,16,9,32,4,2,2,6,20670
42,50,61.858849,0.08,0.11464656354023889,13,6,14,13,30,4,4,5,3,21311
36,50,62.525465,0.14,0.19657791021820628,14,12,11,6,27,7,4,4,1,20855
36,50,63.162725,0.14,0.16235140856538022,9,11,8,15,28,2,5,5,3,19309
40,50,63.831525,0.1,0.15020088595858658,13,9,11,12,28,7,5,1,4,20965
34,50,64.483972,0.16,0.19718024140379348,10,11,10,11,27,4,5,2,4,20672
38,50,65.135095,0.12,0.15729326014577522,12,7,8,17,28,8,3,1,4,20134
42,50,65.831778,0.08,0.09421575585521647,7,14,13,12,25,5,6,4,6,22454
36,50,66.514959,0.14,0.2025757982291387,9,8,12,14,29,9,2,3,0,20664
32,50,67.165925,0.18,0.2041874571959691,13,12,7,9,27,10,2,2,0,17403
42,50,67.846787,0.08,0.09176046052066329,8,14,14,10,31,7,3,3,2,19368
42,50,68.546914,0.08,0.11099767981438514,10,10,11,15,31,2,9,1,3,20699
30,50,69.166325,0.2,0.2709142709142709,9,11,9,11,29,3,1,5,2,16941
40,50,69.824918,0.1,0.13335910320834943,6,10,18,11,32,5,1,5,2,21405
36,50,70.49058,0.14,0.20438718662952646,12,6,7,18,32,4,5,1,1,18315
44,50,71.151492,0.06,0.08898105382222642,12,16,5,14,32,8,5,1,1,20326
42,50,71.830932,0.08,0.10262289068231842,16,9,7,14,34,6,5,1,0,20855
36,50,72.929669,0.14,0.14695139084012362,12,13,10,8,28,8,4,2,1,19040
38,50,74.011468,0.12,0.1602960559667444,15,15,7,7,33,7,1,2,1,17032
40,50,74.812101,0.1,0.15403117182990186,18,9,10,8,37,2,2,3,1,19060
28,50,75.557682,0.22,0.26862630966239814,12,11,10,6,30,4,1,3,1,17089
32,50,76.258075,0.18,0.21740022571047501,13,4,17,7,28,7,1,3,2,17572
36,50,76.969468,0.14,0.14951555328913818,10,9,13,11,33,5,4,0,1,18796
36,50,77.64138,0.14,0.205704729164731,14,7,13,9,31,4,4,2,2,19160
28,50,78.253918,0.22,0.25846064590988205,11,13,11,4,27,6,0,3,3,15957
38,50,78.901542,0.12,0.18130929791271347,15,9,12,8,35,7,2,0,0,19228
36,50,79.564571,0.14,0.1916083916083916,12,5,13,13,27,6,3,2,5,21077
26,50,80.202675,0.24,0.3268503511615343,8,7,17,6,23,6,3,2,4,16677
26,50,80.833206,0.24,0.32125,9,8,11,10,29,4,1,3,1,17341
40,50,81.504114,0.1,0.09833422890918861,10,13,9,13,29,3,6,3,4,21790
36,50,82.174893,0.14,0.21995302767282754,10,16,13,4,36,2,2,2,1,16341
30,50,82.807642,0.2,0.24877721300469935,13,10,9,8,24,7,4,3,2,18163
32,50,83.474495,0.18,0.21493576017130622,6,15,7,13,24,6,5,4,2,20185
36,50,84.150251,0.14,0.20126884884148585,16,11,5,11,31,6,2,3,1,18722
30,50,84.806841,0.2,0.21132552989560266,12,9,5,14,23,9,3,0,5,18471
30,50,85.428015,0.2,0.2874445266272189,13,11,12,4,28,7,3,0,2,15695
20,50,86.056668,0.3,0.37646009808292463,10,6,10,9,23,4,3,1,4,15990
38,50,86.696225,0.12,0.16819824470831182,9,15,9,11,25,10,7,2,0,19736
30,50,87.345457,0.2,0.2672396759533689,11,12,10,7,31,3,3,0,3,17914
36,50,88.011858,0.14,0.1508128386827845,9,10,14,10,29,4,6,3,1,20018
26,50,88.664655,0.24,0.3046875,6,12,11,9,27,5,3,0,3,15940
42,50,89.332962,0.08,0.10669575113808802,8,18,11,9,36,7,3,0,0,18719
34,50,89.991344,0.16,0.2518303078928894,12,10,10,10,30,4,4,2,2,17465
28,50,90.63131,0.22,0.2932456140350877,8,16,9,6,30,3,3,3,0,15499
26,50,91.266481,0.24,0.30031431564910943,10,12,9,7,29,5,1,1,2,15887
30,50,91.942472,0.2,0.25119846596356665,10,11,6,13,31,2,3,1,3,14357
32,50,92.576102,0.18,0.24104946706750477,9,9,15,8,27,9,2,2,1,18085
28,50,93.239479,0.22,0.326953125,9,11,8,11,28,6,3,1,1,15493
36,50,93.925427,0.14,0.1900703964431271,11,10,7,15,30,3,3,4,3,20765
34,50,94.582278,0.16,0.18696934489230493,8,10,14,10,28,7,3,1,3,17207
42,50,95.252278,0.08,0.09305130346043232,14,8,12,12,31,5,7,2,1,21609
36,50,95.926374,0.14,0.20978593272171253,14,9,10,10,29,9,1,2,2,18454
34,50,96.609542,0.16,0.22612918892666342,8,13,13,8,35,3,3,1,0,16304
26,50,97.265104,0.24,0.3291849911106952,17,4,3,14,29,4,2,2,1,16891
38,50,97.970753,0.12,0.1769601815946278,11,17,6,10,34,5,4,1,0,19227
26,50,98.665195,0.24,0.3355002826455625,6,13,10,9,31,3,1,2,1,17339
30,50,99.372936,0.2,0.25879820292025457,9,10,15,6,29,4,3,1,3,16428
32,50,100.020097,0.18,0.2473753280839895,10,12,9,10,33,4,1,2,1,15957
22,50,100.651869,0.28,0.39112580128205127,10,12,9,5,31,2,1,0,2,12589
40,50,101.340292,0.1,0.12588074455778736,13,9,10,13,35,4,1,3,2,17685
42,50,102.031465,0.08,0.10643320873499902,9,17,12,8,37,3,4,1,1,20812
38,50,102.691279,0.12,0.19079742247281514,14,11,8,11,43,0,1,0,0,14966
34,50,103.342296,0.16,0.20221904080171796,14,12,9,7,32,7,1,2,0,16575
36,50,103.998003,0.14,0.2155425219941349,12,11,9,11,31,4,4,0,4,18793
30,50,104.644986,0.2,0.2511712007890195,11,13,5,11,31,3,2,1,3,15833
34,50,105.284988,0.16,0.22782608695652173,13,18,5,6,37,1,2,1,1,14280
26,50,105.911976,0.24,0.27286663260091976,8,11,12,7,31,2,3,0,2,15716
38,50,106.61753,0.12,0.1838820549927641,11,11,11,11,30,7,3,3,1,20243
26,50,107.280664,0.24,0.29745651767346176,5,11,10,12,27,3,2,4,2,18105
38,50,108.033968,0.12,0.14329332491050747,8,13,11,12,30,4,4,3,3,20623
40,50,108.822207,0.1,0.13850616388687453,8,16,16,5,27,8,6,2,2,19603
34,50,109.535756,0.16,0.1391264367816092,7,8,16,11,25,7,5,3,2,18152
12,50,110.125348,0.38,0.4679811706190603,7,9,4,11,26,1,4,0,0,11539
32,50,110.788594,0.18,0.2507502845907068,13,11,5,12,25,8,2,6,0,17294
38,50,111.474301,0.12,0.16650551150647844,16,12,4,12,30,5,4,4,1,16558
28,50,112.143308,0.22,0.29742074153680814,9,6,15,9,25,5,7,2,0,16532
32,50,112.78995,0.18,0.20869408369408368,17,8,8,8,30,6,2,2,1,16704
26,50,113.438521,0.24,0.34632426988922455,10,9,11,8,27,5,4,1,1,17326
30,50,114.065256,0.2,0.2605516475379489,9,14,10,7,25,8,6,1,0,15742
32,50,114.737503,0.18,0.23393014382154387,5,11,13,12,32,3,5,1,0,15033
14,50,115.349082,0.36,0.41612349914236707,13,7,6,6,22,5,3,1,1,12232
18,50,115.976449,0.32,0.35758152408961164,11,11,7,5,27,3,1,3,0,15796
14,50,116.602623,0.36,0.4064533145771057,8,12,5,7,20,6,2,2,2,13631
28,50,117.265318,0.22,0.3070830298616169,9,8,8,14,28,3,5,1,2,17868
20,50,117.890069,0.3,0.339544169023457,9,7,10,9,26,4,3,1,1,15007
20,50,118.514155,0.3,0.3586306653809065,13,5,8,9,25,3,3,4,0,15232
20,50,119.128925,0.3,0.35403270255373875,11,8,9,7,28,2,3,2,0,14796
34,50,119.799933,0.16,0.2012756909992913,6,18,8,10,25,9,2,4,2,17602
26,50,120.452049,0.24,0.32651455546813535,12,9,8,9,30,5,3,0,0,13869
30,50,121.094244,0.2,0.2591185410334346,14,12,9,5,33,6,0,0,1,15089
36,50,121.781572,0.14,0.16193384223918575,15,10,10,8,31,5,3,2,2,19861
36,50,122.477099,0.14,0.15438627677539773,5,15,11,12,32,3,1,3,4,18828
26,50,123.12551,0.24,0.34205273663199914,7,7,10,14,25,2,5,3,3,18417
28,50,123.782979,0.22,0.33356387708724433,14,7,8,10,30,4,3,1,1,15793
22,50,124.421176,0.28,0.39717455200530954,11,10,5,10,29,1,3,3,0,15090
38,50,125.100497,0.12,0.14767892597144747,12,13,6,13,34,3,3,3,1,18066
24,50,125.733355,0.26,0.3163809523809524,15,6,7,9,28,1,2,2,4,15950
20,50,126.357499,0.3,0.29399467882934244,9,8,8,10,20,8,3,4,0,15608
30,50,127.029771,0.2,0.24127048763106992,13,13,4,10,31,5,2,1,1,16009
20,50,127.666831,0.3,0.3466740781915879,11,13,5,6,28,5,0,1,1,13967
38,50,128.374897,0.12,0.19480837516836047,17,18,7,2,35,5,2,2,0,15648
30,50,129.086062,0.2,0.2603520704140828,16,9,10,5,32,7,1,0,0,16085
18,50,129.743302,0.32,0.4184403129469168,11,10,7,6,30,1,2,1,0,11830
32,50,130.465483,0.18,0.22921810699588477,13,9,12,7,28,8,2,1,2,17790
28,50,131.143589,0.22,0.3122456529781724,16,11,4,8,29,4,2,4,0,15203
38,50,131.844536,0.12,0.17347275729223996,10,12,14,8,32,3,3,2,4,20627
30,50,132.510604,0.2,0.28078954684459273,10,10,10,10,29,4,0,5,2,16783
32,50,133.222405,0.18,0.2242802303262956,10,14,8,9,28,6,3,2,2,17722
14,50,133.865779,0.36,0.43689497716894976,12,9,6,5,23,4,1,2,2,13417
32,50,134.529102,0.18,0.21815800960279355,16,9,9,7,28,7,5,1,0,16423
18,50,135.167523,0.32,0.41185063452935267,12,5,9,8,23,5,4,2,0,14588
26,50,135.856252,0.24,0.3030357951971001,14,9,10,5,22,9,5,1,1,14163
14,50,136.475539,0.36,0.4524162466646902,10,8,10,4,21,4,3,3,1,15159
28,50,137.116678,0.22,0.2709599027946537,14,11,10,4,33,3,2,1,0,13878
34,50,137.782156,0.16,0.178343323179719,13,11,12,6,30,8,2,1,1,14945
30,50,138.545106,0.2,0.2531406441862662,15,9,8,8,33,1,4,1,1,14840
36,50,139.250588,0.14,0.16704760011924874,16,7,12,8,34,4,2,2,1,16398
34,50,139.93328,0.16,0.23749478949562317,13,15,8,6,27,7,6,2,0,18511
30,50,140.592863,0.2,0.24888844975792906,7,14,11,8,30,5,2,2,1,18061
22,50,141.218854,0.28,0.34065934065934067,11,10,10,5,30,4,1,0,1,12918
30,50,141.88521,0.2,0.28334763948497854,9,7,15,9,29,5,2,2,2,18120
20,50,142.533001,0.3,0.4399222923749393,9,11,5,10,26,2,3,2,2,13079
22,50,143.197199,0.28,0.3685348880947903,12,10,7,7,25,7,2,1,1,14424
20,50,143.809222,0.3,0.4342375869160709,17,7,8,3,25,5,1,1,3,12861
18,50,144.484706,0.32,0.43894736842105264,11,9,6,8,26,4,0,3,1,12851
22,50,145.126089,0.28,0.3519166973829709,7,10,11,8,19,8,2,5,2,15918
20,50,145.747797,0.3,0.40765082574991574,12,9,5,9,25,2,3,3,2,14682
22,50,146.38132,0.28,0.3567730396309894,13,9,10,4,23,4,6,1,2,15142
28,50,147.038807,0.22,0.32021596926591217,13,8,11,7,32,2,3,2,0,16515
24,50,147.678919,0.26,0.3871794871794872,11,6,11,9,25,8,2,1,1,17245
12,50,148.265554,0.38,0.4687765706188002,15,7,6,3,22,3,2,3,1,10780
28,50,148.916648,0.22,0.28683914510686165,13,12,3,11,28,6,3,1,1,16748
44,50,149.657352,0.06,0.09667314754806654,14,4,12,17,31,7,4,3,2,20483
20,50,150.304797,0.3,0.3816208767548015,12,11,6,6,30,2,1,2,0,12410
32,50,151.009698,0.18,0.25503032636950035,13,11,9,8,33,4,3,0,1,17446
32,50,151.700634,0.18,0.2733937480908258,7,11,15,8,27,6,7,1,0,19010
32,50,152.367466,0.18,0.254623185523961,12,10,8,11,31,3,2,4,1,16027
20,50,153.073699,0.3,0.36988225126930974,12,8,8,7,25,3,3,2,2,15457
16,50,153.70131,0.34,0.41627950195131014,9,12,8,4,25,4,2,2,0,12572
24,50,154.412071,0.26,0.3269230769230769,9,13,10,5,30,4,2,0,1,14082
26,50,155.055758,0.24,0.32563532708474247,13,11,9,5,28,3,5,2,0,15219
18,50,155.696554,0.32,0.3711633194391815,5,6,11,12,24,5,4,1,0,15979
14,50,156.338898,0.36,0.4327091866588648,4,9,10,9,21,5,1,4,1,13878
14,50,156.993567,0.36,0.5526748971193416,14,7,5,6,24,4,2,1,1,13735
26,50,157.686232,0.24,0.3059210526315789,17,8,8,5,34,3,1,0,0,12264
24,50,158.383531,0.26,0.3166003555405062,10,10,7,10,26,6,3,0,2,15566
28,50,159.070986,0.22,0.2693693693693694,9,12,10,8,31,5,2,1,0,16058
34,50,159.776337,0.16,0.21116022099447515,12,13,8,9,30,5,5,1,1,18448
18,50,160.409364,0.32,0.3992725982435909,6,7,15,6,29,3,0,1,1,15051
26,50,161.045328,0.24,0.30684569667620515,9,10,13,6,31,3,1,1,2,15270
24,50,161.760753,0.26,0.3702470163752429,11,9,11,6,28,3,4,2,0,14892
22,50,162.442168,0.28,0.37262512768130746,9,9,11,7,29,3,3,1,0,15455
20,50,163.093201,0.3,0.42426299456943367,11,11,5,8,29,4,1,1,0,12057
26,50,163.792742,0.24,0.2818348623853211,9,13,8,8,32,2,2,1,1,14576
20,50,164.460895,0.3,0.362236705393407,14,8,6,7,21,5,4,3,2,14464
30,50,165.166889,0.2,0.2432601880877743,9,9,12,10,28,4,4,4,0,17963
30,50,165.871229,0.2,0.26976967370441457,10,11,12,7,32,6,1,0,1,15104
28,50,166.581724,0.22,0.26229508196721313,8,9,12,10,23,4,7,3,2,18049
12,50,167.187686,0.38,0.5057614192157838,12,7,7,5,21,4,2,1,3,13060
28,50,167.895986,0.22,0.25161851386607403,12,13,8,6,28,4,5,0,2,15544
34,50,168.640444,0.16,0.22937009381581466,10,10,14,8,29,7,4,1,1,16857
26,50,169.396257,0.24,0.3375251509054326,10,15,10,3,29,3,5,0,1,14420
28,50,170.103653,0.22,0.32377837629857636,9,10,11,9,30,4,2,2,1,16201
22,50,170.781386,0.28,0.3025664115263395,8,10,12,6,26,5,4,1,0,13708
22,50,171.48184,0.28,0.35241891647037504,12,10,8,6,25,5,4,0,2,14995
24,50,172.131443,0.26,0.2622423240845438,12,12,5,8,27,5,2,3,0,13220
24,50,172.839921,0.26,0.3928499496475327,8,14,8,7,28,4,2,2,1,14085
24,50,173.521078,0.26,0.32712899029320525,13,7,8,9,31,1,1,4,0,15218
20,50,174.152366,0.3,0.41044701155198393,17,8,8,2,30,2,1,1,1,12858
36,50,174.922174,0.14,0.19781759935929522,16,12,6,9,34,4,2,1,2,16224
20,50,175.590916,0.3,0.35208352930110054,8,13,10,4,26,5,4,0,0,12352
20,50,176.255603,0.3,0.37073407875546915,8,10,6,11,24,5,2,1,3,14822
30,50,176.95132,0.2,0.2886303125924465,9,8,14,9,29,6,3,0,2,18507
34,50,177.665774,0.16,0.19722222222222222,9,16,8,9,30,7,1,2,2,17987
20,50,178.311034,0.3,0.4141233330349951,10,8,13,4,26,4,3,2,0,14827
16,50,178.949943,0.34,0.47305834262356,9,11,8,5,28,0,2,1,2,11524
18,50,179.627867,0.32,0.4328913478965945,8,8,9,9,25,5,2,1,1,14426
28,50,180.304935,0.22,0.2946734503166857,10,9,10,10,27,6,3,2,1,15387
20,50,180.966876,0.3,0.41390218878248974,12,8,11,4,25,2,4,2,2,13672
16,50,181.610309,0.34,0.4200921832377011,8,10,9,6,28,3,1,1,0,11390
34,50,182.267516,0.16,0.20615846789335335,10,8,13,11,35,4,2,0,1,15559
16,50,182.902298,0.34,0.45972034280559315,10,7,7,9,25,4,0,4,0,12813
20,50,183.531551,0.3,0.40838609046701535,18,9,4,4,29,3,0,1,2,12837
24,50,184.202457,0.26,0.3345192307692308,11,8,10,8,24,6,4,2,1,15865
18,50,184.847975,0.32,0.4168814968814969,8,10,8,8,26,3,2,1,2,15043
30,50,185.539908,0.2,0.2798956661316212,10,15,9,6,33,3,3,0,1,14698
30,50,186.244845,0.2,0.2964671349198029,11,5,12,12,33,1,3,2,1,16460
36,50,186.942839,0.14,0.17289719626168223,15,8,10,10,30,9,3,0,1,17421
34,50,187.656799,0.16,0.19110655355644635,13,10,13,6,32,3,5,1,1,16818
26,50,188.333039,0.24,0.37490688517612003,16,7,10,5,25,3,3,3,4,15868
32,50,189.049086,0.18,0.25426515930113053,10,12,5,14,34,4,3,0,0,18370
22,50,189.697396,0.28,0.34524814710573226,7,14,10,5,24,7,2,1,2,15388
26,50,190.376794,0.24,0.3252930349704543,11,11,8,8,26,5,4,3,0,14720
32,50,191.061515,0.18,0.2274548206178225,10,12,12,7,36,4,0,1,0,14719
28,50,191.732117,0.22,0.2780136606978032,13,9,12,5,27,7,3,1,1,16250
30,50,192.384,0.2,0.24114779729605446,9,14,11,6,29,2,6,3,0,16194
24,50,193.052489,0.26,0.3174848017421287,11,11,6,9,29,2,4,0,2,12489
22,50,193.731889,0.28,0.37891327815761067,12,7,7,10,30,2,1,1,2,13181
24,50,194.41748,0.26,0.3298059964726631,12,5,8,12,29,3,3,2,0,15463
26,50,195.121843,0.24,0.39852911945935204,12,12,9,5,27,2,2,4,3,16627
10,50,195.753692,0.4,0.5237152371523716,6,7,8,9,24,3,2,0,1,13916
26,50,196.460465,0.24,0.3213038416763679,9,8,11,10,27,5,3,3,0,14980
28,50,197.198711,0.22,0.27335945151811947,12,6,11,10,30,5,1,2,1,16445
24,50,197.851401,0.26,0.3056099151989563,14,11,7,5,30,3,2,1,1,11585
30,50,198.556832,0.2,0.2702056432329029,12,9,10,9,29,6,2,1,2,16513
36,50,199.360568,0.14,0.21781314728006104,16,10,11,6,38,3,1,1,0,15591
40,50,200.149733,0.1,0.14925778421433744,16,8,12,9,38,4,1,1,1,16544
14,50,200.790809,0.36,0.3904899135446686,13,7,7,5,28,3,0,1,0,11694
34,50,201.494977,0.16,0.27802690582959644,16,9,11,6,31,6,2,3,0,17391
28,50,202.169056,0.22,0.28466730954676955,11,12,12,4,27,6,4,2,0,16812
28,50,202.858369,0.22,0.3027011974380395,6,8,19,6,28,4,3,3,1,17242
30,50,203.558788,0.2,0.2636414775923495,5,19,9,7,30,4,4,2,0,16197
28,50,204.249977,0.22,0.32185903983656794,17,6,10,6,27,2,4,2,4,15797
32,50,204.910293,0.18,0.26397215238831945,20,3,9,9,34,1,3,1,2,15862
30,50,205.614006,0.2,0.2526931649331352,10,11,10,9,29,4,5,2,0,17437
14,50,206.232899,0.36,0.46302186878727636,12,11,6,3,27,3,2,0,0,11200
34,50,206.925408,0.16,0.23055324459234608,13,14,8,7,30,7,2,2,1,16450
34,50,207.635367,0.16,0.2096612181535933,11,10,8,13,34,5,2,0,1,16579
34,50,208.331578,0.16,0.17637362637362639,15,13,8,6,33,3,5,0,1,14941
20,50,208.958509,0.3,0.37123047364464123,8,13,6,8,26,4,3,1,1,15065
34,50,209.68291,0.16,0.20356795902146074,11,10,13,8,32,5,4,1,0,14837
24,50,210.365609,0.26,0.3012658227848101,12,10,11,4,23,7,3,1,3,16395
30,50,211.06828,0.2,0.29581176470588233,10,15,8,7,31,5,1,3,0,15588
44,50,211.786874,0.06,0.06862289906212277,16,10,12,9,41,2,2,2,0,17461
28,50,212.49187,0.22,0.2725201708590413,14,7,5,13,28,4,3,2,2,16897
30,50,213.170592,0.2,0.2670045615813482,11,11,14,4,35,5,0,0,0,14872
34,50,213.90415,0.16,0.215032080659945,11,10,11,10,30,4,5,2,1,17379
40,50,214.631065,0.1,0.14801102118133289,12,12,9,12,33,7,4,0,1,19750
24,50,215.299419,0.26,0.32224066390041495,11,12,10,4,29,5,1,2,0,12672
22,50,215.934133,0.28,0.3760707897957263,9,15,8,4,28,5,2,1,0,14424
20,50,216.597067,0.3,0.38725901089689857,5,11,8,11,25,1,5,3,1,16368
28,50,217.279856,0.22,0.25942410754836953,10,9,12,8,26,4,3,2,4,17861
12,50,217.929636,0.38,0.43514825732616613,6,10,6,9,25,2,2,2,0,11855
36,50,218.684036,0.14,0.18627006438741273,12,12,11,8,31,7,1,3,1,18562
22,50,219.427094,0.28,0.3160536643241763,12,9,7,8,29,3,2,1,1,14368
22,50,220.097914,0.28,0.36364460562103357,9,11,6,10,23,5,2,1,5,16065
30,50,220.826269,0.2,0.22520420070011668,13,13,9,5,25,6,5,4,0,16666
30,50,221.535089,0.2,0.29889188379754417,9,15,6,10,26,4,6,3,1,15871
28,50,222.195818,0.22,0.31063404892661006,8,13,11,7,26,6,4,3,0,15198
32,50,222.903012,0.18,0.2607529456844525,13,8,13,7,31,4,4,2,0,17229
30,50,223.630811,0.2,0.2632052551066319,16,6,8,10,25,8,2,1,4,16751
24,50,224.338017,0.26,0.32911998467873216,13,5,13,6,25,4,4,2,2,16117
20,50,225.023748,0.3,0.43210393964794636,12,10,8,5,28,4,3,0,0,13734
34,50,225.760587,0.16,0.2152230971128609,11,10,12,9,27,9,3,1,2,17910
30,50,226.453834,0.2,0.2904580152671756,13,16,6,5,33,3,0,1,3,15078
22,50,227.122238,0.28,0.3818748818748819,9,14,6,7,31,3,2,0,0,13736
32,50,227.883855,0.18,0.2308701714098253,10,13,14,4,31,4,3,1,2,15688
24,50,228.558637,0.26,0.3379676209640538,12,10,11,4,30,2,4,0,1,14032
22,50,229.265841,0.28,0.3354989341183636,12,5,14,5,28,0,4,2,2,14750
28,50,230.063033,0.22,0.2761284722222222,16,6,8,9,30,5,2,2,0,16172
14,50,230.726327,0.36,0.42707788813382125,8,9,5,10,24,3,1,3,1,13782
14,50,231.37887,0.36,0.4595021037868163,10,9,12,1,27,3,1,0,1,12062
30,50,232.096932,0.2,0.2758558067738128,8,12,13,7,28,5,2,4,1,16953
32,50,232.82345,0.18,0.20489877078814173,10,11,7,13,30,6,3,1,1,17176
26,50,233.531525,0.24,0.2952029520295203,13,4,11,10,28,4,2,1,3,17349
22,50,234.219299,0.28,0.3527923917442331,15,6,7,8,30,3,2,1,0,13050
18,50,234.900112,0.32,0.40393208221626453,10,12,6,6,26,5,1,1,1,13601
24,50,235.566753,0.26,0.3817050281537094,14,10,8,5,29,5,2,0,1,15962
18,50,236.224561,0.32,0.40761364786878607,5,11,12,6,28,3,0,1,2,13995
28,50,236.945669,0.22,0.26564845060474973,6,13,5,15,31,6,1,1,0,15842
24,50,237.640921,0.26,0.2651625424551189,7,12,7,11,29,2,1,3,2,15876
34,50,238.432522,0.16,0.24760689215060624,15,14,7,6,32,6,1,3,0,15722
20,50,239.23695,0.3,0.37116192253849745,5,9,10,11,29,1,2,2,1,14592
22,50,239.943653,0.28,0.36588666029926775,12,7,9,8,27,3,3,2,1,14812
26,50,240.652212,0.24,0.34806849860613304,19,12,6,1,31,4,2,0,1,12946
24,50,241.424543,0.26,0.35324701804465286,11,10,10,6,28,3,2,1,3,14871
32,50,242.22276,0.18,0.2229305515309572,15,10,8,8,34,5,1,1,0,14675
26,50,242.966583,0.24,0.2750206403082286,9,13,11,5,31,3,1,0,3,16712
22,50,243.770072,0.28,0.36695151033386325,7,14,10,5,20,6,3,6,1,17644
30,50,244.515943,0.2,0.2633259166102351,18,11,6,5,30,5,2,2,1,14444
30,50,245.267514,0.2,0.2732412642506256,10,13,5,12,34,3,1,0,2,14523
32,50,245.982391,0.18,0.22304497020046957,18,11,7,5,34,4,3,0,0,14034
36,50,246.750777,0.14,0.17151818092717827,14,8,12,9,34,5,3,1,0,16860
40,50,247.566543,0.1,0.13220702601233575,17,11,11,6,36,3,2,2,2,17175
22,50,248.263817,0.28,0.37689571241340575,10,14,7,5,28,4,3,1,0,12926
26,50,249.011465,0.24,0.3273588970271435,14,6,9,9,31,3,2,1,1,14075
28,50,249.738187,0.22,0.30133333333333334,11,17,5,6,31,6,1,0,1,14285
28,50,250.460613,0.22,0.24343055154490326,12,14,7,6,28,9,1,0,1,12459
34,50,251.230011,0.16,0.22868741542625168,14,13,7,8,30,9,3,0,0,16253
22,50,251.923243,0.28,0.38318923255192083,10,9,11,6,27,3,4,2,0,15175
24,50,252.666421,0.26,0.3848905267721656,14,9,6,8,29,4,2,1,1,16285
32,50,253.427552,0.18,0.23779930542862365,10,12,9,10,33,5,3,0,0,15510
26,50,254.150419,0.24,0.32187028657616895,14,6,10,8,24,6,5,1,2,15665
36,50,254.893666,0.14,0.20137573522081548,17,11,8,7,27,10,3,1,2,15938
28,50,255.619592,0.22,0.3068398582977564,11,10,8,10,33,3,1,1,1,15118
22,50,256.32445,0.28,0.32851697544543923,10,14,8,4,26,5,2,2,1,13887
30,50,257.069678,0.2,0.26109685391122517,12,11,9,8,33,6,1,0,0,15319
32,50,257.806758,0.18,0.24761101742551994,11,10,13,7,32,7,1,1,0,15856
28,50,258.552558,0.22,0.31847191011235954,8,15,9,7,26,7,4,1,1,15671
32,50,259.332539,0.18,0.2641167589330649,12,9,11,9,28,6,4,1,2,18030
30,50,260.104447,0.2,0.3151013292656352,13,12,9,6,31,3,4,2,0,15973
26,50,260.845992,0.24,0.27696634310078927,10,8,12,8,24,7,2,2,3,16443
34,50,261.631635,0.16,0.21040014751982297,13,12,11,6,34,4,2,1,1,17996
24,50,262.402879,0.26,0.34044734389561976,8,11,8,10,27,2,1,6,1,15861
22,50,263.170486,0.28,0.3857216230097586,12,8,8,8,21,7,5,2,1,15731
22,50,263.894001,0.28,0.32968705412346616,12,10,8,6,30,3,1,1,1,13044
30,50,264.671305,0.2,0.26281196418365405,14,9,8,9,30,3,4,3,0,15722
24,50,265.402737,0.26,0.3053010190973709,11,10,7,9,26,7,2,2,0,14544
36,50,266.191586,0.14,0.19992997198879553,12,14,10,7,28,9,4,2,0,17923
32,50,266.956469,0.18,0.24225297213018904,9,16,6,10,27,9,2,2,1,16690
18,50,267.685522,0.32,0.4071099794339438,8,14,5,7,29,2,1,1,1,12123
28,50,268.459576,0.22,0.32465451632285197,13,10,10,6,32,3,2,2,0,16828
26,50,269.228343,0.24,0.3216569628710509,13,12,5,8,25,7,2,3,1,15817
36,50,270.032721,0.14,0.17138498050517037,11,16,7,9,36,5,2,0,0,16697
22,50,270.776096,0.28,0.3975674976278789,12,10,9,5,28,3,2,3,0,14159
24,50,271.516377,0.26,0.32932758462526374,12,16,4,5,32,4,0,0,1,11795
22,50,272.228694,0.28,0.33184948765328404,13,11,6,6,26,6,3,0,1,14000
24,50,272.947355,0.26,0.36647540212585833,11,13,8,5,26,3,3,2,3,13675
12,50,273.650476,0.38,0.5373480023161552,8,8,11,4,26,1,2,2,0,12289
30,50,274.40314,0.2,0.2751043945118314,12,11,9,8,26,5,4,2,3,17261
28,50,275.159599,0.22,0.30514996053670085,8,15,8,8,29,6,2,2,0,16316
22,50,276.082699,0.28,0.33183776022972,10,8,10,8,30,3,3,0,0,13150
20,50,277.368467,0.3,0.3726617392097819,10,12,4,9,30,1,0,2,2,12223
30,50,278.520066,0.2,0.29451177455906985,17,7,9,7,29,4,4,1,2,17055
30,50,279.290431,0.2,0.2677416041902023,11,14,7,8,30,5,3,2,0,16822
30,50,280.050688,0.2,0.2770785848776137,11,15,9,5,30,3,3,1,3,15632
22,50,280.770427,0.28,0.3453483146067416,9,6,9,12,27,4,4,1,0,13550
28,50,281.5103,0.22,0.3150089732691036,13,8,8,10,32,1,4,1,1,14990
26,50,282.240592,0.24,0.35170433493886627,11,13,7,7,26,2,4,2,4,15551
30,50,282.951116,0.2,0.2842352941176471,7,12,13,8,31,4,2,0,3,15489
20,50,283.632595,0.3,0.31542351453855877,9,12,7,7,26,4,3,2,0,12710
28,50,284.354617,0.22,0.25729534303176377,13,14,6,6,34,5,0,0,0,12601
24,50,285.076339,0.26,0.3751906941266209,10,15,3,9,22,7,3,3,2,18010
28,50,285.783408,0.22,0.3250296559905101,14,8,7,10,25,8,3,1,2,16786
34,50,286.496548,0.16,0.19721616635921516,14,13,7,8,35,4,3,0,0,13935
30,50,287.195293,0.2,0.2408507376892125,18,12,4,6,34,3,1,2,0,13068
20,50,287.881603,0.3,0.3851038737185884,12,10,8,5,27,1,4,3,0,12720
28,50,288.598217,0.22,0.23642026893565296,11,10,11,7,28,7,1,0,3,15004
28,50,289.323223,0.22,0.3178664353859497,17,5,10,7,28,7,2,2,0,15565
18,50,290.016829,0.32,0.45240125035521456,8,11,6,9,26,2,4,0,2,16309
30,50,290.802421,0.2,0.29874285714285714,11,12,12,5,33,2,2,1,2,17585
32,50,291.574072,0.18,0.2586289320202696,11,14,12,4,33,3,2,2,1,17394
14,50,292.233482,0.36,0.4208211143695015,9,7,11,5,24,2,2,2,2,10847
20,50,292.90926,0.3,0.3831738437001595,14,10,6,5,31,1,1,2,0,13006
24,50,293.641073,0.26,0.35702843412094515,14,9,10,4,29,6,2,0,0,12686
28,50,294.397713,0.22,0.2622354180634039,6,14,7,12,35,2,2,0,0,15621
28,50,295.116774,0.22,0.2945470158866466,12,16,5,6,34,1,3,0,1,15298
32,50,295.891388,0.18,0.24219803006739243,11,11,4,15,28,7,2,1,3,17782
22,50,296.601005,0.28,0.37187214611872144,10,12,7,7,28,6,1,1,0,13543
24,50,297.350099,0.26,0.3458901280462619,6,10,12,9,25,4,4,3,1,17172
24,50,298.098957,0.26,0.3591995653748642,12,11,8,6,34,1,0,1,1,15059
28,50,298.803817,0.22,0.32017667512451836,9,12,12,6,29,3,5,1,1,17333
34,50,299.550891,0.16,0.2701037613488975,16,8,10,8,35,3,1,3,0,16756
20,50,300.242819,0.3,0.3996802557953637,12,8,6,9,28,4,1,1,1,13242
30,50,300.951739,0.2,0.219337878912347,14,11,5,10,34,3,1,2,0,15853
30,50,301.668594,0.2,0.27014676157834605,14,13,6,7,26,4,6,3,1,16776
20,50,302.363434,0.3,0.34605026929982047,11,14,8,2,28,3,3,1,0,11946
22,50,303.05408,0.28,0.32448377581120946,11,7,9,9,27,3,3,2,1,15655
30,50,303.778899,0.2,0.26213248317392845,11,9,10,10,28,4,5,2,1,18245
28,50,304.531147,0.22,0.30461016309983974,7,10,9,13,28,8,2,1,0,19410
26,50,305.233843,0.24,0.3646917534027222,12,10,14,2,28,6,3,0,1,13992
28,50,305.951566,0.22,0.3353067814854682,15,9,10,5,28,9,2,0,0,15794
14,50,306.638985,0.36,0.46847469338400416,6,12,6,8,20,5,4,3,0,13550
16,50,307.297983,0.34,0.4129151291512915,11,11,5,6,24,4,3,2,0,13098
18,50,307.957917,0.32,0.407636159460977,12,10,7,5,24,7,0,2,1,13348
18,50,308.656229,0.32,0.43564549080649867,13,8,6,7,23,5,4,1,1,14567
34,50,309.390844,0.16,0.22738605764436023,11,9,14,8,27,6,6,2,1,18331
26,50,310.09174,0.24,0.29538159771754635,7,8,16,7,25,8,2,3,0,14561
30,50,310.829899,0.2,0.2819085052953379,11,8,13,8,29,4,4,1,2,19363
22,50,311.52704,0.28,0.3819404576396293,13,11,10,2,29,5,1,1,0,14214
28,50,312.2893,0.22,0.3626721060683325,12,8,10,9,29,4,2,3,1,17235
30,50,313.027378,0.2,0.2825926608888069,12,9,10,9,33,4,1,0,2,16413
20,50,313.745575,0.3,0.3757102272727273,11,9,8,7,27,4,2,0,2,13005
28,50,314.462907,0.22,0.3151583478528236,10,12,9,8,31,5,2,0,1,16473
30,50,315.159431,0.2,0.29293875257538865,13,9,9,9,32,4,2,1,1,16261
32,50,315.886301,0.18,0.2372333548804137,11,10,12,8,35,4,2,0,0,14733
28,50,316.597564,0.22,0.28020054867089206,8,12,11,8,28,4,3,1,3,15839
32,50,317.292763,0.18,0.21288837744533948,13,15,4,9,31,3,4,1,2,16339
32,50,318.035933,0.18,0.22898915569326103,16,9,6,10,31,2,5,2,1,16357
16,50,318.692163,0.34,0.4151315789473684,10,9,5,9,26,2,2,2,1,13229
18,50,319.362361,0.32,0.40508562532433834,11,11,7,5,26,3,2,3,0,13987
28,50,320.08794,0.22,0.301770997720498,19,5,6,9,32,4,2,1,0,13576
32,50,320.866354,0.18,0.25060262476564593,7,15,13,6,33,5,2,0,1,16089
42,50,321.64377,0.08,0.11485327313769751,9,15,10,12,30,9,3,2,2,20467
16,50,322.323999,0.34,0.433596837944664,10,8,4,11,25,5,2,1,0,13572
36,50,323.064837,0.14,0.1738521836506159,17,15,4,7,35,1,3,1,3,15362
28,50,323.802052,0.22,0.29761668321747764,14,6,12,7,32,5,0,1,1,14997
36,50,324.568852,0.14,0.23187250996015937,15,10,13,5,27,11,4,0,1,17598
16,50,325.247183,0.34,0.4595569810564298,11,6,5,11,28,2,1,1,1,12565
22,50,325.993443,0.28,0.30656751336898397,9,9,9,9,21,6,7,0,2,16097
34,50,326.748962,0.16,0.24913093858632676,15,9,11,7,31,7,3,1,0,15783
22,50,327.461785,0.28,0.35055841162914375,15,8,6,7,27,3,4,2,0,13539
30,50,328.235725,0.2,0.2809361287176987,8,14,8,10,31,4,1,1,3,18639
28,50,328.958691,0.22,0.30075451833655026,6,11,14,8,32,3,1,2,1,15498
28,50,329.672366,0.22,0.28428884026258205,11,6,14,8,29,8,2,0,0,15798
26,50,330.343912,0.24,0.3067589430163581,17,9,7,5,28,4,3,2,1,14511
22,50,331.044548,0.28,0.3409112802234852,9,10,9,8,29,6,1,0,0,16229
36,50,331.842417,0.14,0.2149772209567198,7,14,9,13,31,7,2,1,2,18962
32,50,332.568586,0.18,0.25454216758564585,11,11,8,11,32,5,1,1,2,16209
16,50,333.243364,0.34,0.4539040451552211,10,8,11,4,24,3,2,2,2,13767
26,50,333.975309,0.24,0.33955354028601326,9,11,9,9,29,3,2,4,0,18107
26,50,334.6891,0.24,0.3512013105205679,11,8,10,9,26,3,4,2,3,15639
26,50,335.39369,0.24,0.3327096444973635,10,10,7,11,32,5,1,0,0,14945
28,50,336.135681,0.22,0.3181045875023598,14,8,9,8,32,4,2,0,1,16377
36,50,336.921347,0.14,0.18644549763033175,10,13,13,7,31,7,4,0,1,16069
26,50,337.633024,0.24,0.32961597265941184,13,13,5,7,30,3,3,0,2,14744
30,50,338.380493,0.2,0.2949919530436429,9,11,13,7,31,1,5,3,0,17073
22,50,339.093347,0.28,0.35910728406994114,13,12,7,4,28,3,3,1,1,13622
24,50,339.791898,0.26,0.33251695553880933,6,11,13,7,26,5,5,0,1,16396
22,50,340.494379,0.28,0.27449574181981173,11,9,7,9,25,6,1,3,1,14586
26,50,341.24244,0.24,0.2838938792563192,8,11,10,9,30,3,4,1,0,15525
18,50,341.93777,0.32,0.3839339991315675,4,11,12,7,25,2,5,2,0,15260
32,50,342.658492,0.18,0.2620205799812909,16,10,10,5,33,3,2,3,0,14648
26,50,343.364349,0.24,0.25158773362366177,10,10,10,8,30,6,1,1,0,14697
32,50,344.127419,0.18,0.2328393135725429,5,10,10,16,31,5,2,2,1,17741
16,50,344.84225,0.34,0.4707112970711297,9,11,5,8,26,1,2,3,1,14631
20,50,345.53721,0.3,0.39343924076748504,15,7,9,4,24,5,2,3,1,13917
22,50,346.237385,0.28,0.36825024790408367,11,11,8,6,27,6,1,0,2,14116
22,50,346.92479,0.28,0.3931229150628689,14,10,4,8,27,3,3,2,1,14104
24,50,347.636286,0.26,0.3742761068559686,14,9,7,7,29,4,2,1,1,15189
30,50,348.374729,0.2,0.22464914014627396,13,10,10,7,27,5,7,0,1,16479
18,50,349.083189,0.32,0.3916683477910026,5,9,11,9,23,3,4,2,2,16962
20,50,349.754834,0.3,0.3755302101988877,11,6,12,6,29,3,2,1,0,13796
20,50,350.443086,0.3,0.38226271265222644,12,9,7,7,27,3,1,3,1,14425
32,50,351.226682,0.18,0.2724338282763073,9,12,15,5,33,3,1,4,0,17958
20,50,351.96905,0.3,0.390046626700923,11,4,12,8,26,7,0,1,1,14319
22,50,352.70914,0.28,0.3673469387755102,6,9,11,10,25,6,2,2,1,16324
14,50,353.468753,0.36,0.4068666140489345,14,8,7,3,25,4,1,1,1,12625
26,50,354.192467,0.24,0.32977920362332513,15,11,8,4,33,2,1,2,0,14010
36,50,354.932229,0.14,0.191319596668128,11,9,14,9,33,4,4,1,1,17335
24,50,355.680865,0.26,0.3874785071305755,12,9,6,10,24,5,3,3,2,15305
20,50,356.396842,0.3,0.4144482722622403,11,16,5,3,29,4,0,2,0,13969
24,50,357.105191,0.26,0.34895419645221076,16,5,10,6,33,2,2,0,0,13316
24,50,357.848412,0.26,0.29314307603907297,11,8,7,11,28,6,1,1,1,15229
20,50,358.572986,0.3,0.36246714232069094,12,11,5,7,27,3,2,1,2,13367
26,50,359.310418,0.24,0.29716749975497403,12,11,12,3,29,5,1,2,1,14863
22,50,360.040711,0.28,0.399288256227758,11,12,10,3,28,2,3,3,0,11354
28,50,360.793241,0.22,0.28683879093198994,14,9,13,3,28,5,4,1,1,16121
18,50,361.560071,0.32,0.45778889815587065,12,8,7,7,25,5,3,0,1,12780
36,50,362.34547,0.14,0.19532990989245227,20,10,9,4,32,5,3,2,1,16085
20,50,363.03755,0.3,0.3830587392550143,10,8,6,11,29,4,2,0,0,12871
16,50,363.705781,0.34,0.4147377185678601,18,7,5,3,28,1,3,1,0,10154
16,50,364.401639,0.34,0.48117462947620365,7,7,12,7,20,5,3,3,2,15327
24,50,365.100184,0.26,0.3152122973099634,13,8,10,6,28,5,1,2,1,15275
34,50,365.836783,0.16,0.19189784236019375,15,7,8,12,28,7,3,2,2,18004
12,50,366.509732,0.38,0.49225621414913956,12,8,1,10,16,6,6,2,1,12915
34,50,367.246705,0.16,0.19735349716446124,11,8,12,11,37,2,2,1,0,15301
32,50,367.961839,0.18,0.21437398992299647,14,10,4,13,30,7,2,1,1,15225
28,50,368.706438,0.22,0.30214917825537296,8,13,7,11,25,9,3,2,0,17632
28,50,369.410413,0.22,0.31058823529411766,14,12,6,7,34,2,1,1,1,13749
26,50,370.116487,0.24,0.2945607427520364,12,13,6,7,32,6,0,0,0,12099
32,50,370.836777,0.18,0.2830585759382673,13,12,11,5,33,4,2,2,0,16458
18,50,371.534635,0.32,0.41883440587328924,11,10,7,6,27,3,1,3,0,14366
34,50,372.276063,0.16,0.21663351330870512,10,8,10,14,29,9,3,1,0,18924
22,50,372.977729,0.28,0.3541744316064107,12,12,5,7,22,4,2,5,3,17063
30,50,373.701562,0.2,0.2668240850059032,16,9,9,6,28,7,4,1,0,15386
26,50,374.380423,0.24,0.3088436705145764,13,6,7,12,27,6,3,1,1,16080
14,50,375.043714,0.36,0.4421494836338176,5,14,4,9,22,5,2,2,1,14283
22,50,375.770986,0.28,0.3412956239250908,7,11,10,8,25,6,4,1,0,13360
20,50,376.439368,0.3,0.3393636930754835,12,11,7,5,31,1,0,2,1,13532
20,50,377.162475,0.3,0.40250760578961925,13,7,8,7,29,5,0,1,0,14200
30,50,377.894878,0.2,0.25375031782354435,9,9,13,9,26,6,6,0,2,18885
30,50,378.61993,0.2,0.21455691089748768,12,11,8,9,27,10,2,0,1,15629
34,50,379.34663,0.16,0.21596560735058584,18,12,5,7,37,2,2,0,1,14017
18,50,380.039457,0.32,0.42907582310883574,7,12,10,5,24,4,3,2,1,15658
28,50,380.736001,0.22,0.3138569001321503,13,14,8,4,31,3,1,2,2,15407
24,50,381.456893,0.26,0.394919168591224,11,10,10,6,29,5,2,1,0,15899
34,50,382.234626,0.16,0.21162588258052037,11,18,5,8,31,5,2,2,2,19477
22,50,382.92812,0.28,0.3339104839407844,8,12,4,12,26,3,2,2,3,13778
22,50,383.631384,0.28,0.3730719197175246,12,10,7,7,28,4,2,1,1,13700
26,50,384.33055,0.24,0.3361049889801643,12,12,8,6,28,7,2,1,0,17311
24,50,385.052635,0.26,0.34310906651332185,8,17,7,5,29,3,2,3,0,16509
38,50,385.824301,0.12,0.17880794701986755,15,14,8,7,30,6,5,2,1,19797
22,50,386.529196,0.28,0.3855536332179931,9,11,9,7,26,5,2,3,0,14541
34,50,387.252147,0.16,0.22509702457956016,15,11,11,5,37,3,1,1,0,17059
32,50,387.980476,0.18,0.24441010725322668,9,8,15,9,37,1,1,2,0,16259
18,50,388.655234,0.32,0.3872714361796556,11,10,3,10,28,2,3,1,0,12513
26,50,389.355414,0.24,0.26996734621833907,10,16,6,6,30,5,1,1,1,15096
28,50,390.074953,0.22,0.2896696582012603,16,12,7,4,33,1,3,2,0,13143
18,50,390.768399,0.32,0.37264365722611786,10,8,7,9,27,4,1,1,1,15723
34,50,391.507316,0.16,0.2100452568994587,8,12,18,4,31,5,3,2,1,19300
24,50,392.249149,0.26,0.29708174732644554,13,9,8,7,29,6,2,0,0,13036
24,50,392.949898,0.26,0.3283771886921647,14,9,7,7,28,6,2,0,1,15546
20,50,393.664675,0.3,0.4150059693268436,13,12,5,5,23,4,6,1,1,15661
32,50,394.416915,0.18,0.20584795321637428,13,10,8,10,32,2,4,1,2,16642
22,50,395.170743,0.28,0.37329148526880634,12,8,9,7,22,6,5,3,0,15255
42,50,395.948914,0.08,0.09882431233362911,12,12,13,9,35,3,5,1,2,20524
28,50,396.642052,0.22,0.2929948648386784,13,10,14,2,32,5,1,1,0,13931
28,50,397.359499,0.22,0.31086215294690694,20,4,10,5,31,3,3,2,0,15766
34,50,398.11561,0.16,0.21961392957609854,16,9,12,5,31,5,3,3,0,15474
30,50,398.848421,0.2,0.29983857949959647,19,11,6,4,36,1,1,2,0,13792
22,50,399.599927,0.28,0.4035757519322097,12,10,6,8,32,3,1,0,0,13205
38,50,400.36302,0.12,0.145181703127825,18,13,7,6,36,3,4,1,0,16828
26,50,401.092473,0.24,0.32390770741286207,14,11,5,8,27,4,5,2,0,15262
22,50,401.817068,0.28,0.3937125748502994,10,9,7,10,22,7,4,3,0,15981
30,50,402.550532,0.2,0.2691986256848361,16,6,10,8,27,9,2,0,2,16829
30,50,403.288925,0.2,0.2489880363407394,11,11,10,8,31,6,0,1,2,15265
28,50,404.014083,0.22,0.29755912242378196,15,5,11,8,30,5,2,1,1,16128
20,50,404.745898,0.3,0.4244060475161987,11,10,8,6,25,4,4,2,0,15546
30,50,405.502769,0.2,0.25359782185919877,18,9,5,8,29,7,3,1,0,14667
30,50,406.256058,0.2,0.3034106648199446,9,14,8,9,28,8,1,2,1,16965
26,50,407.010563,0.24,0.2945699639263338,8,10,12,8,27,2,6,2,1,17625
28,50,407.74988,0.22,0.3252417604104993,17,7,10,5,28,5,4,1,1,15490
28,50,408.510341,0.22,0.28749386954389405,10,16,10,3,30,4,3,1,1,14613
28,50,409.264573,0.22,0.3341385641124746,14,8,10,7,26,7,3,1,2,17120
28,50,409.981664,0.22,0.26233874323761963,18,8,10,3,32,4,1,0,2,11203
22,50,410.713624,0.28,0.38263229308005425,4,15,8,9,28,3,2,2,1,16082
30,50,411.506706,0.2,0.23710118505013675,12,10,10,8,31,4,5,0,0,15353
28,50,412.269353,0.22,0.2310350786245032,7,13,11,8,31,4,1,1,2,15975
30,50,413.002758,0.2,0.2908339738662567,14,12,9,5,27,7,2,2,2,14757
38,50,413.827778,0.12,0.21553669281186205,22,10,8,4,35,4,4,1,0,15637
28,50,414.584021,0.22,0.2503246150992395,11,11,10,7,28,7,1,2,1,14148
24,50,415.335997,0.26,0.3237635274125749,11,11,9,6,24,6,3,3,1,16169
30,50,416.085585,0.2,0.23501823866597185,11,12,10,7,33,3,2,1,1,14990
26,50,416.853181,0.24,0.3137841226970194,19,9,7,3,28,5,2,2,1,14385
36,50,417.641971,0.14,0.171047391477499,4,16,14,9,25,8,7,1,2,19352
22,50,418.344744,0.28,0.3853131749460043,11,8,11,6,25,8,2,1,0,13985
26,50,419.085057,0.24,0.274468458970304,12,14,8,4,32,1,1,3,1,13592
20,50,419.778312,0.3,0.406719291490181,11,8,11,5,27,4,1,1,2,13965
30,50,420.508182,0.2,0.2929070546568393,11,13,8,8,30,4,3,3,0,15457
32,50,421.288335,0.18,0.20874811463046758,11,11,7,12,31,4,2,3,1,18142
20,50,421.986118,0.3,0.40266641804959913,8,8,12,7,22,8,2,2,1,14700
26,50,422.721677,0.24,0.3491186279180562,10,7,10,11,27,5,4,0,2,15793
28,50,423.418511,0.22,0.2766269477543538,17,11,6,5,31,4,3,0,1,15683
30,50,424.139821,0.2,0.2626573157844173,14,10,11,5,32,4,2,1,1,13752
16,50,424.856336,0.34,0.4658947163569135,13,4,9,7,21,8,3,1,0,15638
16,50,425.567639,0.34,0.47778819119025306,12,8,6,7,21,7,2,2,1,13774
28,50,426.308753,0.22,0.2770135746606335,12,11,7,9,30,3,2,3,1,16991
30,50,427.113822,0.2,0.2536503551696922,8,14,9,9,31,4,2,1,2,17649
22,50,427.798669,0.28,0.3724081484176064,14,6,11,5,33,0,1,0,2,13075
20,50,428.4841,0.3,0.3678074464084242,9,12,6,8,24,3,2,5,1,14847
28,50,429.194377,0.22,0.2617831325301205,19,6,9,5,31,5,1,1,1,13475
24,50,429.911063,0.26,0.3425566189709087,15,13,3,6,28,6,1,2,0,14111
38,50,430.646026,0.12,0.1705038686544631,12,16,5,11,32,7,1,4,0,17266
28,50,431.349906,0.22,0.34244191996725004,11,10,9,9,31,3,2,1,2,16929
20,50,432.075713,0.3,0.39672131147540984,10,7,11,7,27,4,3,0,1,15107
28,50,432.817813,0.22,0.27766538539348573,12,9,10,8,30,5,3,1,0,15585
24,50,433.528425,0.26,0.3466403162055336,12,13,5,7,24,10,0,2,1,13968
24,50,434.222119,0.26,0.3464303298867553,11,10,10,6,31,2,2,1,1,13961
30,50,434.957016,0.2,0.24129833095697392,12,10,8,10,34,3,3,0,0,15261
36,50,435.742022,0.14,0.21231144008245104,11,13,11,8,37,4,1,1,0,15915
38,50,436.514005,0.12,0.16777118939658178,5,15,19,5,36,5,2,1,0,16286
26,50,437.229277,0.24,0.3175376439326838,17,5,6,10,32,4,0,0,2,13016
26,50,437.96855,0.24,0.3514216867469879,14,13,5,6,24,8,2,2,2,16308
20,50,438.677712,0.3,0.4032424327616906,9,11,10,5,27,5,0,1,2,11658
32,50,439.422188,0.18,0.23962567350411193,19,12,7,3,34,4,1,1,1,15554
30,50,440.163268,0.2,0.268917212079458,15,10,7,8,33,4,1,1,1,15133
24,50,440.865385,0.26,0.324881003894418,7,12,12,6,23,9,1,3,1,15646
28,50,441.564799,0.22,0.27743758831841736,15,8,9,7,28,4,4,3,0,15986
36,50,442.354543,0.14,0.20465686274509803,11,12,8,12,33,7,1,2,0,17538
26,50,443.122109,0.24,0.3052649200636143,9,14,6,9,34,3,1,0,0,13164
34,50,443.891079,0.16,0.23467312348668282,12,9,15,6,28,9,1,2,2,16582
28,50,444.645306,0.22,0.2544882157746958,10,7,8,14,29,6,0,2,2,15072
10,50,445.339053,0.4,0.5343727852586818,7,8,9,6,18,6,5,0,1,13706
24,50,446.098996,0.26,0.3653678816590931,9,11,7,10,27,3,2,4,1,16826
28,50,446.806864,0.22,0.27732661252683655,14,11,10,4,29,6,3,0,1,13915
34,50,447.565762,0.16,0.21852660841938046,10,10,14,8,32,5,3,2,0,16406
20,50,448.307025,0.3,0.41190903085778996,8,8,11,8,24,5,2,3,1,16732
30,50,449.058443,0.2,0.26846006038978865,10,9,14,7,32,3,4,1,0,16259
26,50,449.773944,0.24,0.3270748299319728,8,11,9,10,28,2,8,0,0,16057
24,50,450.51199,0.26,0.3107913669064748,13,10,6,8,30,6,1,0,0,14552
30,50,451.270245,0.2,0.32361453531997,17,9,7,7,31,4,0,3,2,16701
22,50,451.953833,0.28,0.3405759162303665,9,16,6,5,29,3,2,1,1,14460
20,50,452.646163,0.3,0.3761207279183311,10,12,5,8,25,5,5,0,0,15733
28,50,453.384624,0.22,0.23745085489622383,12,15,7,5,33,5,0,0,1,13250
24,50,454.107993,0.26,0.311046511627907,9,9,15,4,28,6,1,0,2,15920
24,50,454.82282,0.26,0.33384681215233203,7,11,10,9,25,5,5,1,1,15941
24,50,455.564885,0.26,0.3663157894736842,10,10,9,8,29,1,4,3,0,15080
34,50,456.337905,0.16,0.2053455669691832,10,10,10,12,32,5,3,2,0,16790
26,50,457.082012,0.24,0.3559322033898305,10,10,9,9,26,7,3,1,1,16082
24,50,457.849997,0.26,0.34652558754705465,12,12,4,9,29,2,3,3,0,15091
36,50,458.684086,0.14,0.18375321336760925,16,7,11,9,33,5,3,2,0,16770
20,50,459.454223,0.3,0.3668020893789901,13,9,7,6,29,4,1,1,0,12329
32,50,460.227035,0.18,0.2787900547527152,13,14,10,4,30,6,2,3,0,16876
38,50,460.997938,0.12,0.1790754755573737,17,15,8,4,36,5,1,2,0,14740
30,50,461.766653,0.2,0.2634319937505425,10,9,9,12,25,6,6,1,2,18718
44,50,462.574673,0.06,0.07337697763229678,12,14,13,8,33,3,5,5,1,20391
34,50,463.335671,0.16,0.25518097602903256,12,10,12,8,38,1,0,3,0,16974
26,50,464.044364,0.24,0.2847558702944465,14,8,14,2,29,6,3,0,0,14797
22,50,464.783797,0.28,0.34477583942975054,11,7,10,8,25,3,5,2,1,13365
30,50,465.58521,0.2,0.2733715173284147,17,7,5,11,29,8,1,2,0,15228
36,50,466.374114,0.14,0.21280390500328547,12,14,8,9,32,7,1,2,1,18324
24,50,467.12663,0.26,0.297634691195795,7,11,13,6,22,8,5,2,0,17455
34,50,467.90324,0.16,0.2530447817125726,9,11,11,11,32,5,3,2,0,17259
18,50,468.618772,0.32,0.4219946571682992,12,7,9,6,25,2,5,1,1,12224
38,50,469.40204,0.12,0.16347597597597596,19,9,8,8,32,9,0,2,1,13907
26,50,470.138459,0.24,0.333718578445536,13,13,5,7,28,5,3,1,1,15316
34,50,470.915179,0.16,0.24062307849969256,13,9,11,9,35,4,2,1,0,17294
26,50,471.712325,0.24,0.3522512672696551,7,12,10,9,25,7,5,0,1,17551
38,50,472.51542,0.12,0.1599515015855251,13,12,10,9,34,5,4,1,0,17598
36,50,473.363925,0.14,0.14968432129077516,18,13,7,5,34,6,1,1,1,15508
32,50,474.164687,0.18,0.28134069843647597,16,11,8,6,27,7,2,2,3,17003
34,50,474.940463,0.16,0.22500983864620228,9,15,11,7,26,9,3,0,4,19735
30,50,475.704063,0.2,0.2691799524354796,11,9,10,10,32,6,1,1,0,15597
26,50,476.416634,0.24,0.30747797950746003,14,10,8,6,31,5,1,0,1,13415
28,50,477.196589,0.22,0.28313148788927334,8,11,9,11,30,4,3,1,1,16780
36,50,477.960006,0.14,0.19942464736451374,10,11,8,14,31,4,6,2,0,19331
18,50,478.670702,0.32,0.4611007462686567,11,9,6,8,25,6,2,1,0,13328
30,50,479.445109,0.2,0.28336178331157746,14,11,7,8,29,5,2,3,1,17011
22,50,480.168221,0.28,0.4261059313628248,16,12,8,0,29,6,0,1,0,14133
24,50,480.993026,0.26,0.373971503110576,11,11,8,7,26,7,3,1,0,15767
24,50,482.265996,0.26,0.34292035398230086,11,6,12,8,29,3,3,0,2,14761
24,50,483.493703,0.26,0.3790023752969121,12,9,10,6,33,0,1,2,1,15304
18,50,484.189236,0.32,0.3752209261223047,10,13,6,5,27,5,1,1,0,13600
26,50,484.910841,0.24,0.3445628997867804,17,12,5,4,33,2,3,0,0,12249
32,50,485.648287,0.18,0.24929782082324456,14,13,7,7,31,3,6,1,0,16049
32,50,486.365291,0.18,0.20813704496788007,14,9,10,8,33,5,1,1,1,15477
38,50,487.116195,0.12,0.17757367011098354,10,16,11,7,32,8,1,0,3,18842
24,50,487.848985,0.26,0.3245681218619692,8,8,11,10,32,1,2,2,0,14510
22,50,488.579571,0.28,0.35756912671573504,12,8,11,5,31,3,0,2,0,13563
24,50,489.285112,0.26,0.38156359393232203,8,13,9,7,27,5,2,1,2,16814
28,50,490.018976,0.22,0.27848329280374673,7,10,12,10,25,4,5,3,2,18858
34,50,490.786495,0.16,0.23604085138875633,13,11,10,8,33,6,2,1,0,16388
44,50,491.594813,0.06,0.07256097560975609,13,13,16,5,33,9,3,2,0,20065
28,50,492.336495,0.22,0.29633574776310184,9,13,9,8,30,4,4,1,0,15263
32,50,493.139142,0.18,0.22919003814224814,16,12,6,7,31,7,2,0,1,14419
36,50,493.876867,0.14,0.2126376507603566,14,9,9,11,32,7,2,2,0,17561
30,50,494.619904,0.2,0.3187232566207933,11,14,7,8,26,6,3,3,2,17952
24,50,495.349913,0.26,0.3369948999607689,11,8,11,7,26,4,4,2,1,16263
26,50,496.069423,0.24,0.32100118753996526,10,9,11,8,28,6,2,2,0,16374
20,50,496.756628,0.3,0.35331407478735355,13,10,6,6,25,3,5,0,2,13392
34,50,497.517596,0.16,0.24294967613353263,15,15,2,10,36,2,2,1,1,16254
36,50,498.247384,0.14,0.14063729346970888,15,13,8,7,33,5,0,4,1,17587
28,50,498.980344,0.22,0.24798506829557987,16,10,9,4,33,4,1,1,0,14862
32,50,499.724054,0.18,0.2427912341407151,15,13,7,6,33,8,0,0,0,15588
28,50,500.44813,0.22,0.2563262632053067,5,15,14,5,32,3,3,1,0,15879
28,50,501.195957,0.22,0.30323310396832875,10,5,14,10,28,1,5,3,2,18941
32,50,501.936444,0.18,0.2326186417870279,10,16,9,6,29,3,5,3,1,16469
34,50,502.71845,0.16,0.2620979287964112,6,9,11,16,34,3,1,1,3,20192
26,50,503.479221,0.24,0.36537860639516717,16,7,11,4,32,4,1,1,0,13400
22,50,504.207977,0.28,0.3227503628447025,16,8,8,4,30,2,1,3,0,13568
28,50,504.978811,0.22,0.2887390708943432,11,9,8,11,28,5,4,2,0,16617
32,50,505.715108,0.18,0.19223398890569843,13,13,12,3,36,2,1,2,0,14941
28,50,506.413024,0.22,0.26865671641791045,14,15,7,3,32,3,3,1,0,14547
22,50,507.107356,0.28,0.37484974572353214,11,10,6,9,33,2,0,0,1,13826
28,50,507.837451,0.22,0.32303007935043365,8,15,12,4,36,1,0,2,0,13272
28,50,508.570858,0.22,0.28870174110522334,8,11,11,9,32,2,3,0,2,15402
32,50,509.313499,0.18,0.19316255415332453,14,7,10,10,29,3,5,1,3,16454
24,50,510.053733,0.26,0.3484454711714313,13,5,10,9,28,5,2,1,1,13610
44,50,510.826263,0.06,0.10240202275600506,15,15,11,6,36,2,5,2,2,17955
32,50,511.566158,0.18,0.22972571541736805,11,10,12,8,34,1,3,2,1,17061
22,50,512.239074,0.28,0.3766168655369498,9,17,5,5,32,1,0,2,1,12877
36,50,512.977555,0.14,0.19382404350359292,14,12,6,11,27,7,6,2,1,16701
30,50,513.680572,0.2,0.28817711641411853,13,11,10,6,28,7,4,1,0,15770
24,50,514.38682,0.26,0.3338433585158267,11,11,8,7,23,6,2,2,4,16300
22,50,515.06659,0.28,0.3888734867387487,10,9,9,8,27,4,2,1,2,14161
12,50,515.745885,0.38,0.45801898272085667,7,11,9,4,19,4,4,2,2,13311
20,50,516.425369,0.3,0.3847913616398243,11,8,9,7,24,3,4,2,2,15376
34,50,517.147266,0.16,0.21205802357207615,11,6,16,9,30,8,3,0,1,17212
26,50,517.869318,0.24,0.24152423648080695,8,12,13,5,33,1,3,0,1,12775
16,50,518.578816,0.34,0.4430379746835443,11,10,7,5,25,3,3,2,0,11981
18,50,519.254559,0.32,0.4354240202733279,11,11,7,5,22,9,0,0,3,14052
30,50,519.969058,0.2,0.2817511520737327,10,12,13,5,32,4,1,1,2,16220
28,50,520.695396,0.22,0.2971309535081905,11,12,8,8,30,7,2,0,0,14553
28,50,521.417657,0.22,0.33418660075911377,17,9,9,4,34,2,3,0,0,14881
22,50,522.117652,0.28,0.36673036673036674,6,12,10,8,25,5,1,1,4,16084
30,50,522.867274,0.2,0.28924018357980624,13,9,8,10,30,5,3,1,1,15165
40,50,523.662722,0.1,0.10938941154768493,12,14,12,7,34,3,4,3,1,17441
22,50,524.387321,0.28,0.380688220507931,13,7,3,13,28,3,3,0,2,14657
30,50,525.13004,0.2,0.26567048321366193,8,12,11,9,29,5,1,4,1,17333
20,50,525.88605,0.3,0.41426063207179087,13,5,10,7,26,4,2,1,2,13769
30,50,526.617379,0.2,0.2481355209887066,12,15,9,4,33,2,2,1,2,15364
24,50,527.319066,0.26,0.31289263947491797,14,7,7,9,26,6,4,1,0,15792
34,50,528.043143,0.16,0.19064468801242773,8,15,13,6,34,5,0,1,2,16186
20,50,528.734924,0.3,0.4074437700821135,11,10,7,7,26,5,2,0,2,13510
18,50,529.400045,0.32,0.38346436723307126,7,15,9,3,27,1,3,2,1,13493
22,50,530.102598,0.28,0.3857801184990125,10,10,7,9,32,2,2,0,0,14885
28,50,530.802349,0.22,0.26829035339063995,10,15,9,5,26,7,4,2,0,14761
26,50,531.534382,0.24,0.32510615711252655,10,12,8,8,25,3,5,4,1,15649
36,50,532.294691,0.14,0.22723744039037375,15,13,11,4,32,6,3,2,0,16029
14,50,532.984292,0.36,0.47662112757360015,13,5,11,3,24,4,2,1,1,12919
28,50,533.769903,0.22,0.2825227544359658,12,17,8,2,33,5,1,0,0,13278
30,50,534.573018,0.2,0.29906070093929904,15,8,7,10,30,4,2,2,2,16873
26,50,535.301554,0.24,0.28740193816335946,10,10,11,7,29,5,3,0,1,16200
24,50,536.040638,0.26,0.35576194086429114,13,10,8,6,29,5,1,1,1,14577
26,50,536.762374,0.24,0.3451751322223331,8,13,8,9,28,4,5,0,1,16044
30,50,537.480058,0.2,0.28922704827169204,12,13,11,4,31,0,6,3,0,15158
28,50,538.184366,0.22,0.28416092787241753,13,8,10,8,27,5,5,1,1,15752
28,50,538.910168,0.22,0.3040326234707748,16,10,6,7,34,3,2,0,0,14393
26,50,539.599059,0.24,0.31915547811827405,13,11,8,6,29,4,1,3,1,16379
34,50,540.351655,0.16,0.22170993284554474,9,12,15,6,38,1,2,1,0,15850
22,50,541.063244,0.28,0.3783705140640155,9,13,7,7,27,4,0,5,0,14949
30,50,541.791317,0.2,0.2587607075314273,14,10,11,5,29,6,3,2,0,17456
30,50,542.495608,0.2,0.26988455594945915,12,8,13,7,31,2,2,3,2,17140
30,50,543.262522,0.2,0.2761178437108232,10,12,11,7,25,7,2,5,1,18078
30,50,544.04381,0.2,0.2515642252484358,8,10,7,15,29,4,4,3,0,17256
24,50,544.724354,0.26,0.3142009412727645,15,10,7,5,30,4,1,0,2,11009
24,50,545.424397,0.26,0.33338752946914885,15,5,11,6,29,3,0,1,4,13544
20,50,546.139492,0.3,0.39910231748648894,8,12,8,7,26,4,2,1,2,16848
28,50,546.835995,0.22,0.2689282668435516,11,14,7,7,30,5,4,0,0,14063
28,50,547.556685,0.22,0.27659767610748004,10,16,10,3,29,6,2,1,1,15416
36,50,548.344319,0.14,0.21057118499573743,9,14,5,15,29,8,3,2,1,19218
34,50,549.087295,0.16,0.23083969465648854,13,10,11,8,33,2,4,3,0,16725
30,50,549.80599,0.2,0.22900105353893305,9,11,9,11,27,5,1,3,4,17819
22,50,550.513384,0.28,0.3601419278533412,10,10,10,6,24,7,3,1,1,13950
38,50,551.241625,0.12,0.18620905487168787,13,18,7,6,26,13,2,3,0,18176
34,50,551.953901,0.16,0.18721299894030377,12,10,13,7,32,4,4,2,0,17801
38,50,552.699384,0.12,0.17213567561595403,14,15,9,6,34,3,3,2,2,17322
24,50,553.424014,0.26,0.3307992202729045,15,5,6,11,30,2,1,1,3,16157
24,50,554.107876,0.26,0.40270160471257366,9,9,11,8,32,2,2,1,0,15537
32,50,554.825694,0.18,0.26289070276727056,12,7,13,9,29,4,5,2,1,18118
26,50,555.56597,0.24,0.30011713520749667,10,7,14,7,26,5,2,1,4,16133
34,50,556.328332,0.16,0.2407838571982926,12,15,8,7,33,3,3,1,2,16193
24,50,557.05584,0.26,0.371007371007371,8,7,16,6,33,1,1,2,0,15519
34,50,557.825267,0.16,0.18104265402843603,11,11,9,11,32,6,0,3,1,17388
30,50,558.592621,0.2,0.2781976466086291,11,7,8,14,19,13,2,5,1,19026
38,50,559.353017,0.12,0.14030903245877838,14,9,7,14,30,4,3,7,0,18053
26,50,560.085305,0.24,0.32121513944223107,12,7,7,12,28,7,1,2,0,16358
26,50,560.785262,0.24,0.3068541627863662,16,4,9,9,30,3,2,2,1,13584
36,50,561.531488,0.14,0.1887848565031549,16,8,8,11,35,4,3,1,0,18332
32,50,562.237829,0.18,0.2538696537678208,12,12,10,7,32,6,3,0,0,14223
24,50,562.910908,0.26,0.3728192771084337,14,10,9,4,30,5,1,1,0,14677
18,50,563.610969,0.32,0.4095778197857593,9,5,15,5,23,8,2,0,1,14073
30,50,564.390239,0.2,0.2662767283536293,7,11,8,14,29,4,4,2,1,18299
22,50,565.12609,0.28,0.4337337909992372,14,9,7,6,26,1,6,1,2,14646
28,50,565.870011,0.22,0.293091204220351,10,16,6,7,30,4,3,2,0,14831
24,50,566.593937,0.26,0.3365652212945507,8,7,14,8,30,4,1,2,0,15868
32,50,567.325884,0.18,0.24423830926652004,10,16,12,3,31,7,2,1,0,16406
22,50,568.018155,0.28,0.33925261001073276,10,9,9,8,31,4,0,1,0,14578
28,50,568.765249,0.22,0.31138125777735237,19,3,11,6,30,5,1,0,3,15736
32,50,569.502405,0.18,0.2622167138810198,16,8,7,10,32,2,2,5,0,15163
26,50,570.257889,0.24,0.2976961157654227,13,10,7,8,29,4,2,0,3,14456
22,50,570.946697,0.28,0.4440184802909663,11,9,8,8,28,3,2,2,1,15030
18,50,571.650459,0.32,0.3189780315494048,8,11,8,7,25,3,1,4,1,15418
30,50,572.394794,0.2,0.23139944746117938,9,14,10,7,29,6,3,1,1,16839
22,50,573.097869,0.28,0.3608201668737795,11,12,6,7,30,2,1,2,1,13125
30,50,573.819846,0.2,0.29479943559766175,12,11,9,8,32,5,1,0,2,16154
26,50,574.576687,0.24,0.2866961217476681,6,10,11,11,28,8,2,0,0,15358
28,50,575.288234,0.22,0.3146477445514445,17,6,10,6,27,5,6,0,1,16247
18,50,575.991286,0.32,0.4327269369286176,14,7,7,6,26,4,0,1,3,14674
36,50,576.765085,0.14,0.24456039076376554,14,12,9,8,32,4,5,2,0,17225
24,50,577.496847,0.26,0.32184303275165477,6,15,6,10,27,7,1,1,1,16131
26,50,578.233668,0.24,0.3175474506885002,11,8,12,7,28,6,2,1,1,16137
20,50,578.923569,0.3,0.3639109097772744,11,7,10,7,25,2,5,1,2,15511
22,50,579.66607,0.28,0.3570289787114321,15,4,9,8,32,1,3,0,0,14064
28,50,580.366415,0.22,0.2933480744426018,15,12,7,5,30,5,1,3,0,14256
26,50,581.058232,0.24,0.29874502601775327,16,12,5,5,33,3,0,2,0,14410
24,50,581.738226,0.26,0.31013476093778847,15,7,9,6,32,3,1,0,1,15269
18,50,582.393477,0.32,0.32479834927780904,10,9,6,9,27,3,4,0,0,11785
28,50,583.138814,0.22,0.3005031680954156,11,11,12,5,29,4,3,0,3,16809
22,50,583.847835,0.28,0.3948891031822565,11,6,6,13,23,6,1,2,4,15816
16,50,584.511001,0.34,0.48208082690841314,7,16,6,4,26,4,3,0,0,14601
28,50,585.236218,0.22,0.2536384527001149,14,10,9,6,28,7,0,2,2,16673
28,50,585.967265,0.22,0.2522981705652134,10,9,9,11,29,4,5,0,1,16523
20,50,586.632986,0.3,0.3840234518138512,16,13,2,4,33,2,0,0,0,10395
24,50,587.352305,0.26,0.31991325664718084,12,10,9,6,24,6,4,2,1,15187
28,50,588.286552,0.22,0.2752690149912628,23,4,9,3,34,0,3,0,2,13451
38,50,589.063415,0.12,0.13337763432694133,17,9,10,8,36,3,1,2,2,15831
24,50,589.745185,0.26,0.3308509581968027,9,14,9,5,32,1,1,1,2,13834
30,50,590.473049,0.2,0.23693665948054615,13,13,9,5,28,5,4,1,2,16457
26,50,591.209927,0.24,0.3216216216216216,9,13,10,6,27,5,3,3,0,17313
34,50,591.955093,0.16,0.2446840075165661,11,16,7,8,31,7,1,3,0,16633
22,50,592.642417,0.28,0.3876422764227642,12,9,9,6,29,1,3,1,2,13539
12,50,593.30179,0.38,0.4748079328211542,10,11,6,4,25,5,0,0,1,11769
24,50,594.00364,0.26,0.34349690328727966,11,14,5,7,22,6,7,2,0,15292
30,50,594.817773,0.2,0.3031496062992126,14,12,11,3,34,5,0,0,1,13889
32,50,595.56232,0.18,0.24303679552864463,12,15,9,5,31,8,0,0,2,15700
24,50,596.281138,0.26,0.3851888667992048,13,9,12,3,30,3,3,0,1,14395
22,50,597.025014,0.28,0.35802997858672375,8,12,7,9,28,3,3,1,1,14545
26,50,597.735539,0.24,0.3019847894639214,9,14,12,3,28,5,2,2,1,15223
32,50,598.497644,0.18,0.2591785597559647,18,8,11,4,33,3,4,1,0,15734
20,50,599.229469,0.3,0.36530684016177245,9,6,8,12,22,3,4,4,2,16310
28,50,599.919973,0.22,0.28530176147848685,12,10,9,8,23,7,1,6,2,17340
30,50,600.654004,0.2,0.28505034856700234,15,8,10,7,27,4,5,2,2,16876
28,50,601.395441,0.22,0.30360834429618494,14,10,3,12,29,8,1,1,0,14560
28,50,602.093063,0.22,0.3025611620795107,17,12,4,6,26,9,3,1,0,15416
26,50,602.789484,0.24,0.32867545758708916,9,13,9,7,30,4,2,1,1,14975
18,50,603.488738,0.32,0.41561052355563327,10,9,5,10,26,4,3,1,0,14819
34,50,604.212244,0.16,0.2703604187899565,19,7,8,8,35,2,2,3,0,14659
26,50,604.919216,0.24,0.2851625362085613,11,12,6,9,29,6,2,1,0,13715
26,50,605.607564,0.24,0.3335573046650029,11,14,8,5,31,3,3,1,0,14228
30,50,606.357236,0.2,0.3050864804011872,5,15,13,7,21,7,7,5,0,19700
30,50,607.077988,0.2,0.27939071764465345,12,8,6,14,30,7,1,2,0,18608
30,50,607.81281,0.2,0.2770595149054386,12,5,13,10,31,5,2,2,0,16176
32,50,608.565281,0.18,0.29554111584136233,11,13,12,5,30,5,2,3,1,15768
32,50,609.305796,0.18,0.24444650129581635,8,14,10,9,30,6,1,3,1,16074
32,50,610.078807,0.18,0.24761154338619126,12,13,6,10,27,7,5,1,1,17980
22,50,610.813576,0.28,0.34197625013618044,13,11,7,5,27,5,3,0,1,13405
34,50,611.5724,0.16,0.17752502274795268,11,12,7,12,27,7,3,5,0,19563
26,50,612.29709,0.24,0.3239496694391128,21,5,3,9,29,4,2,1,2,15696
30,50,613.024866,0.2,0.30658105939004815,10,9,11,10,33,4,3,0,0,16884
22,50,613.729118,0.28,0.33302736982643527,9,9,7,11,33,2,0,1,0,13125
26,50,614.440869,0.24,0.2916323731138546,11,14,10,3,30,5,2,1,0,14384
24,50,615.146478,0.26,0.3229351593541297,11,8,10,8,29,7,0,0,1,13877
26,50,615.869833,0.24,0.3008376403493139,15,8,8,7,28,8,1,0,1,16109
18,50,616.538486,0.32,0.4297297297297297,13,10,7,4,26,2,3,0,3,11990
30,50,617.262609,0.2,0.2437341082455503,8,12,6,14,31,3,3,2,1,18919
14,50,617.958735,0.36,0.4512820512820513,9,7,7,9,23,4,4,0,1,13448
34,50,618.676992,0.16,0.24916911974171493,18,10,7,7,32,2,5,1,2,16200
36,50,619.406697,0.14,0.19503440023930602,12,14,7,10,32,4,3,1,3,15961
22,50,620.098238,0.28,0.35059907834101384,10,10,7,9,25,5,3,3,0,15406
26,50,620.800114,0.24,0.2780982201713909,15,8,11,4,31,5,2,0,0,12470
22,50,621.564709,0.28,0.37625372729737055,9,10,13,4,25,5,2,1,3,14835
24,50,622.280157,0.26,0.31490656236418946,8,10,12,7,24,8,4,0,1,16447
30,50,623.061008,0.2,0.2547133879261093,14,12,8,6,34,3,1,1,1,15114
24,50,623.829705,0.26,0.3683402131131804,10,12,5,10,31,3,1,2,0,13911
28,50,624.628354,0.22,0.2637179036229335,8,10,10,11,34,3,0,1,1,16239
34,50,625.403651,0.16,0.21384214743589744,13,11,13,5,29,5,2,4,2,16979
20,50,626.083789,0.3,0.4386440677966102,15,7,8,5,25,6,3,0,1,14348
32,50,626.799111,0.18,0.24479337040671684,12,13,11,5,31,5,1,4,0,16318
16,50,627.502686,0.34,0.422030126668949,9,11,6,7,22,3,2,5,1,14704
26,50,628.247493,0.24,0.2680246809229989,10,5,14,9,29,6,2,1,0,16040
30,50,628.970754,0.2,0.28026780732750606,14,9,11,6,31,3,3,0,3,15570
20,50,629.698104,0.3,0.4005167958656331,15,10,3,7,27,6,1,0,1,12830
16,50,630.427347,0.34,0.46106187075122623,4,13,9,7,24,3,2,3,1,14451
36,50,631.19567,0.14,0.17833627005471575,12,9,19,3,33,6,1,2,1,18439
26,50,631.931972,0.24,0.40315200813421453,13,8,5,12,29,2,3,1,3,17198
24,50,632.640851,0.26,0.31220016931615086,15,7,8,7,29,3,3,2,0,14378
26,50,633.355702,0.24,0.3246728252501925,12,14,7,5,29,4,3,1,1,14135
24,50,634.069865,0.26,0.35632518432285604,15,15,5,2,29,3,1,4,0,14042
34,50,634.807502,0.16,0.21511627906976744,9,14,10,9,29,6,3,3,1,18486
30,50,635.544482,0.2,0.282940219601464,7,15,8,10,29,7,2,2,0,17496
28,50,636.278667,0.22,0.32272172497965823,11,11,10,7,28,6,3,0,2,16525
16,50,636.999155,0.34,0.4523478744095582,8,9,10,6,24,3,3,2,1,14579
24,50,637.702268,0.26,0.3583948339483395,12,10,9,6,30,3,1,1,2,15704
22,50,638.45479,0.28,0.3839771612097422,12,8,11,5,24,3,4,3,2,14493
30,50,639.219551,0.2,0.31082700759089094,14,9,12,5,29,7,1,2,1,16483
38,50,639.967307,0.12,0.17149561314017547,11,12,12,9,30,7,5,2,0,18395
30,50,640.670258,0.2,0.27631710486853944,14,11,8,7,32,6,0,2,0,15657
24,50,641.371333,0.26,0.36456764085567944,9,18,3,7,27,3,2,4,1,14731
36,50,642.121958,0.14,0.1907623817473567,15,12,9,7,33,5,1,3,1,16113
28,50,642.865205,0.22,0.2976588628762542,13,7,10,9,30,3,4,1,1,15245
38,50,643.656443,0.12,0.15282867101617661,12,10,9,13,29,11,2,1,1,17366
32,50,644.4162,0.18,0.28981517892253245,10,16,8,7,31,4,3,2,1,14397
36,50,645.166307,0.14,0.19640873750462792,13,7,12,11,31,5,4,2,1,17954
34,50,645.929402,0.16,0.22373429767795966,9,15,8,10,33,7,1,0,1,15905
32,50,646.664638,0.18,0.24326458107174578,11,13,6,11,25,9,2,3,2,17940
16,50,647.357888,0.34,0.46268512244700416,7,7,8,11,24,4,1,4,0,15996
26,50,648.0624,0.24,0.31028315946348733,13,10,6,9,27,3,3,3,2,14936
24,50,648.761821,0.26,0.3717237421082839,15,7,7,8,31,4,1,0,1,14786
20,50,649.482976,0.3,0.40911724937222327,8,8,13,6,26,5,2,0,2,14778
30,50,650.222745,0.2,0.24522178146411827,13,14,9,4,34,2,2,0,2,14756
16,50,650.886404,0.34,0.4319852941176471,10,14,3,6,25,5,0,3,0,12394
28,50,651.63453,0.22,0.2878069343450311,11,14,8,6,35,1,1,2,0,15854
34,50,652.383362,0.16,0.22171863669325598,18,9,7,8,30,9,1,1,1,15893
28,50,653.134829,0.22,0.29096492966118487,12,8,8,11,28,7,1,2,1,17016
22,50,653.865809,0.28,0.3802950075642965,16,8,9,3,28,1,4,2,1,14630
24,50,654.687853,0.26,0.304029304029304,8,12,8,9,24,3,6,4,0,17726
22,50,655.48668,0.28,0.3410222369731165,10,9,11,6,28,3,3,2,0,14462
40,50,656.370857,0.1,0.13309560524286815,10,14,12,9,34,3,4,2,2,18168
28,50,657.173074,0.22,0.2878705219130751,10,9,13,7,28,8,1,1,1,15478
42,50,657.984655,0.08,0.11886136462407648,13,14,9,10,37,4,3,2,0,18820
28,50,658.755573,0.22,0.3091243392323604,12,9,12,6,31,1,3,0,4,17447
20,50,659.485746,0.3,0.3526414588361491,7,11,12,5,27,7,1,0,0,14139
28,50,660.263665,0.22,0.2987104573846464,15,8,8,8,31,4,3,1,0,16807
36,50,661.09639,0.14,0.20626483151400096,11,8,14,10,35,2,3,1,2,19198
20,50,661.883152,0.3,0.3871894541152611,11,5,13,6,29,4,1,1,0,14167
38,50,662.691211,0.12,0.21037089534609024,14,12,13,5,32,7,3,2,0,17470
28,50,663.434944,0.22,0.26850551654964894,14,12,6,7,31,4,1,2,1,14879
8,50,664.109565,0.42,0.5237896145162639,9,7,6,7,23,5,0,0,1,11815
20,50,664.813836,0.3,0.43164879112888566,7,13,9,6,30,4,0,1,0,14959
30,50,665.610446,0.2,0.2762495156915924,9,5,15,11,26,6,4,1,3,17672
28,50,666.350519,0.22,0.2472885032537961,12,9,9,9,33,0,1,3,2,14628
26,50,667.07557,0.24,0.35026768424649735,18,10,9,1,29,4,3,1,1,13008
28,50,667.80148,0.22,0.33680217856448164,13,9,11,6,28,3,4,2,2,16270
30,50,668.524459,0.2,0.33214533214533215,19,9,8,4,32,4,2,1,1,14955
32,50,669.232582,0.18,0.3233797081778079,17,13,7,4,37,1,2,1,0,14865
22,50,669.928966,0.28,0.36897562763423125,8,15,7,6,29,2,5,0,0,15439
18,50,670.614207,0.32,0.4435083171311298,17,7,9,1,28,4,2,0,0,13608
26,50,671.314882,0.24,0.326063829787234,19,4,7,8,30,3,3,1,1,13683
34,50,672.077215,0.16,0.2132710109064247,15,8,11,8,31,6,1,1,3,16945
34,50,672.849836,0.16,0.21993685160126297,9,10,9,14,34,4,2,1,1,16997
22,50,673.560627,0.28,0.3955349204781191,17,6,8,5,27,4,4,0,1,13755
32,50,674.317265,0.18,0.2189290830945559,14,12,5,10,31,6,2,2,0,17275
36,50,675.1056,0.14,0.1691252466409847,8,12,9,14,34,3,6,0,0,17891
34,50,675.828259,0.16,0.23575178102737157,16,10,9,7,36,6,0,0,0,14838
28,50,676.564144,0.22,0.25776457055214724,13,11,6,9,31,1,3,3,1,15929
20,50,677.271205,0.3,0.4007963988919668,8,7,7,13,28,3,3,0,1,15427
36,50,678.03524,0.14,0.18650677586038802,10,11,12,10,32,5,3,3,0,17448
22,50,678.733172,0.28,0.3683094859565448,11,11,4,10,25,6,2,0,3,14772
24,50,679.413457,0.26,0.2735920852359209,15,5,11,6,29,4,2,2,0,14330
26,50,680.113626,0.24,0.2989061075660893,9,13,9,7,28,7,1,1,1,13415
30,50,680.829388,0.2,0.28579899199525644,17,11,7,5,33,3,2,2,0,14209
22,50,681.523375,0.28,0.33579366395753857,13,9,6,8,31,1,3,1,0,11763
22,50,682.237181,0.28,0.4036387508205946,14,7,6,9,29,5,1,0,1,14042
24,50,682.961023,0.26,0.3443469282395457,10,12,6,9,31,4,1,0,1,14680
18,50,683.660001,0.32,0.39257270693512303,11,8,7,8,30,2,2,0,0,13364
26,50,684.382786,0.24,0.3503171886013493,14,12,8,4,27,6,3,0,2,13791
34,50,685.187005,0.16,0.23067198288437227,19,5,10,8,36,0,3,0,3,17171
32,50,685.990309,0.18,0.2565566631181651,11,10,9,11,31,5,5,0,0,17784
26,50,686.699202,0.24,0.2982388605524011,11,12,10,5,28,8,0,1,1,15459
26,50,687.504366,0.24,0.2834356952974608,12,14,7,5,30,5,2,0,1,11900
28,50,688.494065,0.22,0.3192982456140351,19,6,7,7,34,1,3,1,0,15655
28,50,689.789709,0.22,0.30617283950617286,10,12,9,8,32,4,2,0,1,16880
18,50,690.81498,0.32,0.4812770989357509,11,9,7,7,24,3,2,3,2,15252
32,50,691.553799,0.18,0.2673862036602534,15,12,8,6,31,3,4,2,1,16509
32,50,692.285042,0.18,0.3106310524635522,10,9,11,11,33,6,1,1,0,18226
28,50,693.013388,0.22,0.2976538207858287,8,12,12,7,30,5,1,2,1,15608
28,50,693.722947,0.22,0.2799721420754154,10,12,12,5,32,6,0,0,1,15205
26,50,694.430775,0.24,0.28832116788321166,11,9,11,7,30,5,1,1,1,13731
30,50,695.164461,0.2,0.3302374670184697,16,9,10,5,31,4,1,3,1,16965
8,50,695.804251,0.42,0.5098348487660048,8,12,5,4,26,1,0,2,0,10454
28,50,696.563638,0.22,0.29785926457031653,9,9,13,8,29,7,1,1,1,14392
34,50,697.328319,0.16,0.2129605205310824,10,10,11,11,31,6,1,2,2,18187
34,50,698.137009,0.16,0.22059241033405885,9,17,10,6,29,3,2,5,3,16889
24,50,698.876699,0.26,0.338498789346247,12,10,10,5,31,2,2,2,0,16590
10,50,699.556292,0.4,0.47627416520210897,12,6,9,3,21,4,1,3,1,13483
16,50,700.271841,0.34,0.4519673874512584,9,12,9,3,26,3,1,2,1,14054
24,50,701.011046,0.26,0.3513886153240102,9,10,10,8,31,2,2,0,2,14344
24,50,701.761402,0.26,0.3363302002451982,10,8,8,11,28,2,3,2,2,15751
34,50,702.523019,0.16,0.24120756251270584,8,12,14,8,31,5,2,2,2,19111
26,50,703.231438,0.24,0.28953749438706783,14,9,9,6,27,5,1,4,1,17440
28,50,703.934458,0.22,0.2668558651530788,15,11,4,9,31,4,2,2,0,13997
10,50,704.593046,0.4,0.5049642757724784,10,6,6,8,25,3,1,0,1,11077
20,50,705.295706,0.3,0.342042755344418,10,12,8,5,26,2,3,2,2,13569
22,50,705.990086,0.28,0.3348086435824004,7,14,11,4,28,7,0,1,0,11907
